mtllib source/Twilight Princess Master Sword.mtl
o Blade
usemtl sword_Blade
v 0 0.033945564180612564 -3.051490306854248
v 0.09562854468822479 0.033945564180612564 -3.051490306854248
v 0.09404883533716202 0.033945564180612564 -3.1186493635177612
v 0 0.033945564180612564 -3.1186493635177612
v 0.06317337602376938 0.033945564180612564 -3.310030937194824
v 0.08223919570446014 0.033945564180612564 -3.213113307952881
v 0.13401970267295837 0.0020689298398792744 -3.2229443788528442
v 0.12170132249593735 0.0020689298398792744 -3.3382641077041626
v 0 -0.033945564180612564 -3.051490306854248
v 0.09562854468822479 -0.033945564180612564 -3.051490306854248
v 0.09562854468822479 -0.033945564180612564 -0.7587889432907104
v 0 -0.033945564180612564 -0.7587889432907104
v 0.09562854468822479 0.033945564180612564 -0.7587889432907104
v 0.11103352159261703 0.033544231206178665 -0.6716955900192261
v 0.14379854500293732 0.0020689298398792744 -0.6925679445266724
v 0.14740905165672302 0.0020689298398792744 -0.7391766309738159
v 0 0.033945564180612564 -3.213113307952881
v 0.08223919570446014 0.033945564180612564 -3.213113307952881
v 0.06317337602376938 0.033945564180612564 -3.310030937194824
v 0 0.033945564180612564 -3.310030937194824
v 0 0.033945564180612564 -3.1186493635177612
v 0.09404883533716202 0.033945564180612564 -3.1186493635177612
v 0.08223919570446014 0.033945564180612564 -3.213113307952881
v 0 0.033945564180612564 -3.213113307952881
v 0.09404883533716202 0.033945564180612564 -3.1186493635177612
v 0.09562854468822479 0.033945564180612564 -3.051490306854248
v 0.14495544135570526 0.0020689298398792744 -3.0613213777542114
v 0.1421489268541336 0.0020689298398792744 -3.1284804344177246
v 0.03867337852716446 -0.033945564180612564 -3.408175468444824
v 0 -0.033945564180612564 -3.4766311645507812
v 0.06220836192369461 -0.002068930072709918 -3.6226377487182617
v 0.10394875705242157 -0.002068930072709918 -3.468919038772583
v 0.09562854468822479 0.033945564180612564 -3.051490306854248
v 0.09562854468822479 0.033945564180612564 -0.7587889432907104
v 0.14740905165672302 0.0020689298398792744 -0.7391766309738159
v 0.14495544135570526 0.0020689298398792744 -3.0613213777542114
v 0 0.033945564180612564 -3.408175468444824
v 0.03867337852716446 0.033945564180612564 -3.408175468444824
v 0 0.033945564180612564 -3.4766311645507812
v 0 0.033945564180612564 -3.310030937194824
v 0.06317337602376938 0.033945564180612564 -3.310030937194824
v 0.03867337852716446 0.033945564180612564 -3.408175468444824
v 0 0.033945564180612564 -3.408175468444824
v 0.03867337852716446 -0.033945564180612564 -3.408175468444824
v 0 -0.033945564180612564 -3.408175468444824
v 0 -0.033945564180612564 -3.4766311645507812
v 0 -0.033939868211746216 -0.6716955900192261
v 0.11103352159261703 -0.033939868211746216 -0.6716955900192261
v 0.15371301770210266 -0.033939868211746216 -0.618874192237854
v 0 -0.033939868211746216 -0.618874192237854
v 0.09562854468822479 -0.033945564180612564 -0.7587889432907104
v 0.09562854468822479 -0.033945564180612564 -3.051490306854248
v 0.14495544135570526 -0.002068930072709918 -3.0613213777542114
v 0.14740905165672302 -0.002068930072709918 -0.7391766309738159
v 0 -0.033945564180612564 -0.7587889432907104
v 0.09562854468822479 -0.033945564180612564 -0.7587889432907104
v 0.11103352159261703 -0.033939868211746216 -0.6716955900192261
v 0 -0.033939868211746216 -0.6716955900192261
v 0.15371301770210266 -0.033939868211746216 -0.618874192237854
v 0.17785070836544037 -0.02737380564212799 -0.6050947308540344
v 0.17785070836544037 -0.0007476024329662323 -0.6474195718765259
v 0.17785070836544037 -0.02737380564212799 -0.6050947308540344
v 0.17785070836544037 0.027114056050777435 -0.6050947308540344
v 0.17785070836544037 0.023095060139894485 -0.547856867313385
v 0.17785070836544037 -0.02336413785815239 -0.547856867313385
v 0.15371301770210266 0.033544231206178665 -0.618874192237854
v 0.17785070836544037 0.027114056050777435 -0.6050947308540344
v 0.17785070836544037 0.0007476028986275196 -0.6474195718765259
v 0 -0.033939868211746216 -0.618874192237854
v 0.15371301770210266 -0.033939868211746216 -0.618874192237854
v 0.17785070836544037 -0.02737380564212799 -0.6050947308540344
v 0 -0.033939868211746216 -0.6050947308540344
v 0 -0.033939868211746216 -0.547856867313385
v 0.17785070836544037 -0.02336413785815239 -0.547856867313385
v 0.12313268333673477 -0.0252666138112545 -0.5245377421379089
v 0 -0.033877044916152954 -0.5245377421379089
v 0 -0.033939868211746216 -0.6050947308540344
v 0.17785070836544037 -0.02737380564212799 -0.6050947308540344
v 0.17785070836544037 -0.02336413785815239 -0.547856867313385
v 0 -0.033939868211746216 -0.547856867313385
v 0.07386060059070587 -0.03363616019487381 -0.024236440658569336
v 0.11896409094333649 -0.003662658855319023 -0.0676276683807373
v 0.22770097851753235 -0.002073683077469468 0.00572967529296875
v 0.18594515323638916 -0.018971223384141922 0.05830860137939453
v 0 -0.03363616019487381 -0.4863792061805725
v 0.08005649596452713 -0.03363616019487381 -0.4863792061805725
v 0.061158437281847 -0.03363616019487381 -0.4121820330619812
v 0 -0.03363616019487381 -0.4121820330619812
v 0.023117870092391968 0.03363616019487381 -0.15037178993225098
v 0.023117870092391968 0.03363616019487381 -0.10373353958129883
v 0.10870629549026489 0.0035814065486192703 -0.11706769466400146
v 0.10870629549026489 0.0035814065486192703 -0.15205121040344238
v 0 -0.033877044916152954 -0.5245377421379089
v 0.12313268333673477 -0.0252666138112545 -0.5245377421379089
v 0.08005649596452713 -0.03363616019487381 -0.4863792061805725
v 0 -0.03363616019487381 -0.4863792061805725
v 0 -0.03363616019487381 -0.4121820330619812
v 0.061158437281847 -0.03363616019487381 -0.4121820330619812
v 0.061158437281847 -0.03363616019487381 -0.2076096534729004
v 0 -0.03363616019487381 -0.2076096534729004
v 0.061158437281847 0.03363616019487381 -0.4121820330619812
v 0.061158437281847 0.03363616019487381 -0.2076096534729004
v 0.10871557891368866 0.0035814065486192703 -0.20560872554779053
v 0.10828959941864014 0.0035814065486192703 -0.4020364284515381
v 0.023117870092391968 -0.03363616019487381 -0.10373353958129883
v 0.023117870092391968 -0.03363616019487381 -0.15037178993225098
v 0.10870629549026489 -0.003662658855319023 -0.15205121040344238
v 0.10870629549026489 -0.003662658855319023 -0.11706769466400146
v 0 -0.03363616019487381 -0.15037178993225098
v 0.023117870092391968 -0.03363616019487381 -0.15037178993225098
v 0.023117870092391968 -0.03363616019487381 -0.10373353958129883
v 0 -0.03363616019487381 -0.10373353958129883
v 0.08005649596452713 -0.03363616019487381 -0.4863792061805725
v 0.12313268333673477 -0.0252666138112545 -0.5245377421379089
v 0.15833644568920135 -0.0036885980516672134 -0.5088544487953186
v 0.1276136338710785 -0.003662658855319023 -0.47026991844177246
v 0 -0.03363616019487381 -0.2076096534729004
v 0.061158437281847 -0.03363616019487381 -0.2076096534729004
v 0.023117870092391968 -0.03363616019487381 -0.15037178993225098
v 0 -0.03363616019487381 -0.15037178993225098
v 0.061158437281847 -0.03363616019487381 -0.2076096534729004
v 0.061158437281847 -0.03363616019487381 -0.4121820330619812
v 0.10828959941864014 -0.003662658855319023 -0.4020364284515381
v 0.10871557891368866 -0.003662658855319023 -0.20560872554779053
v 0.12313268333673477 0.024943124502897263 -0.5245377421379089
v 0.08005649596452713 0.03363616019487381 -0.4863792061805725
v 0.1276136338710785 0.0035814065486192703 -0.47026991844177246
v 0.15833644568920135 0.003571508452296257 -0.5088544487953186
v 0 -0.03363616019487381 -0.10373353958129883
v 0.023117870092391968 -0.03363616019487381 -0.10373353958129883
v 0.07386060059070587 -0.03363616019487381 -0.024236440658569336
v 0 -0.03363616019487381 -0.024236440658569336
v 0.11896409094333649 -0.003662658855319023 -0.0676276683807373
v 0.11896409094333649 0.0035814065486192703 -0.0676276683807373
v 0.22770097851753235 0.002010153839364648 0.00572967529296875
v 0.22770097851753235 -0.002073683077469468 0.00572967529296875
v 0.14495544135570526 -0.002068930072709918 -3.0613213777542114
v 0.14495544135570526 0.0020689298398792744 -3.0613213777542114
v 0.14740905165672302 0.0020689298398792744 -0.7391766309738159
v 0.14740905165672302 -0.002068930072709918 -0.7391766309738159
v 0.14495544135570526 0.0020689298398792744 -3.0613213777542114
v 0.14495544135570526 -0.002068930072709918 -3.0613213777542114
v 0.1421489268541336 -0.002068930072709918 -3.1284804344177246
v 0.1421489268541336 0.0020689298398792744 -3.1284804344177246
v 0.1421489268541336 0.0020689298398792744 -3.1284804344177246
v 0.1421489268541336 -0.002068930072709918 -3.1284804344177246
v 0.13401970267295837 -0.002068930072709918 -3.2229443788528442
v 0.13401970267295837 0.0020689298398792744 -3.2229443788528442
v 0.12170132249593735 0.0020689298398792744 -3.3382641077041626
v 0.12170132249593735 -0.002068930072709918 -3.3382641077041626
v 0.10394875705242157 -0.002068930072709918 -3.468919038772583
v 0.10394875705242157 0.0020689298398792744 -3.468919038772583
v 0.13401970267295837 0.0020689298398792744 -3.2229443788528442
v 0.13401970267295837 -0.002068930072709918 -3.2229443788528442
v 0.12170132249593735 -0.002068930072709918 -3.3382641077041626
v 0.12170132249593735 0.0020689298398792744 -3.3382641077041626
v 0.10394875705242157 0.0020689298398792744 -3.468919038772583
v 0.10394875705242157 -0.002068930072709918 -3.468919038772583
v 0.06220836192369461 -0.002068930072709918 -3.6226377487182617
v 0.06220836192369461 0.0020689298398792744 -3.6226377487182617
v 0.14740905165672302 -0.002068930072709918 -0.7391766309738159
v 0.14740905165672302 0.0020689298398792744 -0.7391766309738159
v 0.14379854500293732 0.0020689298398792744 -0.6925679445266724
v 0.14379854500293732 -0.002068930072709918 -0.6925679445266724
v 0.09404883533716202 -0.033945564180612564 -3.1186493635177612
v 0.08223919570446014 -0.033945564180612564 -3.213113307952881
v 0.13401970267295837 -0.002068930072709918 -3.2229443788528442
v 0.1421489268541336 -0.002068930072709918 -3.1284804344177246
v 0.06317337602376938 -0.033945564180612564 -3.310030937194824
v 0.03867337852716446 -0.033945564180612564 -3.408175468444824
v 0.10394875705242157 -0.002068930072709918 -3.468919038772583
v 0.12170132249593735 -0.002068930072709918 -3.3382641077041626
v 0.11103352159261703 -0.033939868211746216 -0.6716955900192261
v 0.09562854468822479 -0.033945564180612564 -0.7587889432907104
v 0.14740905165672302 -0.002068930072709918 -0.7391766309738159
v 0.14379854500293732 -0.002068930072709918 -0.6925679445266724
v 0 0.033945564180612564 -3.4766311645507812
v 0.03867337852716446 0.033945564180612564 -3.408175468444824
v 0.10394875705242157 0.0020689298398792744 -3.468919038772583
v 0.06220836192369461 0.0020689298398792744 -3.6226377487182617
v 0.08223919570446014 0.033945564180612564 -3.213113307952881
v 0.09404883533716202 0.033945564180612564 -3.1186493635177612
v 0.1421489268541336 0.0020689298398792744 -3.1284804344177246
v 0.13401970267295837 0.0020689298398792744 -3.2229443788528442
v 0.03867337852716446 0.033945564180612564 -3.408175468444824
v 0.06317337602376938 0.033945564180612564 -3.310030937194824
v 0.12170132249593735 0.0020689298398792744 -3.3382641077041626
v 0.10394875705242157 0.0020689298398792744 -3.468919038772583
v 0.09562854468822479 -0.033945564180612564 -3.051490306854248
v 0.09404883533716202 -0.033945564180612564 -3.1186493635177612
v 0.1421489268541336 -0.002068930072709918 -3.1284804344177246
v 0.14495544135570526 -0.002068930072709918 -3.0613213777542114
v 0.08223919570446014 -0.033945564180612564 -3.213113307952881
v 0.06317337602376938 -0.033945564180612564 -3.310030937194824
v 0.12170132249593735 -0.002068930072709918 -3.3382641077041626
v 0.13401970267295837 -0.002068930072709918 -3.2229443788528442
v 0.17785070836544037 0.0007476028986275196 -0.6474195718765259
v 0.14379854500293732 0.0020689298398792744 -0.6925679445266724
v 0.11103352159261703 0.033544231206178665 -0.6716955900192261
v 0.15371301770210266 0.033544231206178665 -0.618874192237854
v 0.17785070836544037 -0.02737380564212799 -0.6050947308540344
v 0.17785070836544037 0.027114056050777435 -0.6050947308540344
v 0.17785070836544037 0.0007476028986275196 -0.6474195718765259
v 0.17785070836544037 -0.0007476024329662323 -0.6474195718765259
v 0.14379854500293732 0.0020689298398792744 -0.6925679445266724
v 0.14379854500293732 -0.002068930072709918 -0.6925679445266724
v 0.17785070836544037 -0.0007476024329662323 -0.6474195718765259
v 0.17785070836544037 0.0007476028986275196 -0.6474195718765259
v 0.15371301770210266 -0.033939868211746216 -0.618874192237854
v 0.17785070836544037 -0.0007476024329662323 -0.6474195718765259
v 0.14379854500293732 -0.002068930072709918 -0.6925679445266724
v 0.11103352159261703 -0.033939868211746216 -0.6716955900192261
v 0.023117870092391968 0.03363616019487381 -0.10373353958129883
v 0 0.03363616019487381 -0.10373353958129883
v 0 0.03363616019487381 -0.024236440658569336
v 0.07386060059070587 0.03363616019487381 -0.024236440658569336
v 0.023117870092391968 0.03363616019487381 -0.15037178993225098
v 0 0.03363616019487381 -0.15037178993225098
v 0 0.03363616019487381 -0.10373353958129883
v 0.023117870092391968 0.03363616019487381 -0.10373353958129883
v 0.061158437281847 0.03363616019487381 -0.4121820330619812
v 0 0.03363616019487381 -0.4121820330619812
v 0 0.03363616019487381 -0.2076096534729004
v 0.061158437281847 0.03363616019487381 -0.2076096534729004
v 0.061158437281847 0.03363616019487381 -0.2076096534729004
v 0 0.03363616019487381 -0.2076096534729004
v 0 0.03363616019487381 -0.15037178993225098
v 0.023117870092391968 0.03363616019487381 -0.15037178993225098
v 0.08005649596452713 0.03363616019487381 -0.4863792061805725
v 0 0.03363616019487381 -0.4863792061805725
v 0 0.03363616019487381 -0.4121820330619812
v 0.061158437281847 0.03363616019487381 -0.4121820330619812
v 0.17785070836544037 0.023095060139894485 -0.547856867313385
v 0 0.033544231206178665 -0.547856867313385
v 0 0.033544231206178665 -0.5245377421379089
v 0.12313268333673477 0.024943124502897263 -0.5245377421379089
v 0.12313268333673477 0.024943124502897263 -0.5245377421379089
v 0 0.033544231206178665 -0.5245377421379089
v 0 0.03363616019487381 -0.4863792061805725
v 0.08005649596452713 0.03363616019487381 -0.4863792061805725
v 0.17785070836544037 0.027114056050777435 -0.6050947308540344
v 0 0.033544231206178665 -0.6050947308540344
v 0 0.033544231206178665 -0.547856867313385
v 0.17785070836544037 0.023095060139894485 -0.547856867313385
v 0.11103352159261703 0.033544231206178665 -0.6716955900192261
v 0 0.033544231206178665 -0.6716955900192261
v 0 0.033544231206178665 -0.618874192237854
v 0.15371301770210266 0.033544231206178665 -0.618874192237854
v 0.15371301770210266 0.033544231206178665 -0.618874192237854
v 0 0.033544231206178665 -0.618874192237854
v 0 0.033544231206178665 -0.6050947308540344
v 0.17785070836544037 0.027114056050777435 -0.6050947308540344
v 0.09562854468822479 0.033945564180612564 -3.051490306854248
v 0 0.033945564180612564 -3.051490306854248
v 0 0.033945564180612564 -0.7587889432907104
v 0.09562854468822479 0.033945564180612564 -0.7587889432907104
v 0.09562854468822479 0.033945564180612564 -0.7587889432907104
v 0 0.033945564180612564 -0.7587889432907104
v 0 0.033544231206178665 -0.6716955900192261
v 0.11103352159261703 0.033544231206178665 -0.6716955900192261
v 0.06317337602376938 -0.033945564180612564 -3.310030937194824
v 0 -0.033945564180612564 -3.310030937194824
v 0 -0.033945564180612564 -3.408175468444824
v 0.03867337852716446 -0.033945564180612564 -3.408175468444824
v 0.08223919570446014 -0.033945564180612564 -3.213113307952881
v 0 -0.033945564180612564 -3.213113307952881
v 0 -0.033945564180612564 -3.310030937194824
v 0.06317337602376938 -0.033945564180612564 -3.310030937194824
v 0.09562854468822479 -0.033945564180612564 -3.051490306854248
v 0 -0.033945564180612564 -3.051490306854248
v 0 -0.033945564180612564 -3.1186493635177612
v 0.09404883533716202 -0.033945564180612564 -3.1186493635177612
v 0.09404883533716202 -0.033945564180612564 -3.1186493635177612
v 0 -0.033945564180612564 -3.1186493635177612
v 0 -0.033945564180612564 -3.213113307952881
v 0.08223919570446014 -0.033945564180612564 -3.213113307952881
v 0.07386060059070587 0.03363616019487381 -0.024236440658569336
v 0 0.03363616019487381 -0.024236440658569336
v 0 0.03363616019487381 0.012638330459594727
v 0.07386060059070587 -0.03363616019487381 -0.024236440658569336
v 0 -0.03363616019487381 0.012638330459594727
v 0 -0.03363616019487381 -0.024236440658569336
v 0.06220836192369461 0.0020689298398792744 -3.6226377487182617
v 0 0.0020689298398792744 -3.744296073913574
v 0 0.033945564180612564 -3.4766311645507812
v 0.06220836192369461 -0.002068930072709918 -3.6226377487182617
v 0 -0.002068930072709918 -3.7443292140960693
v 0 0.0020689298398792744 -3.744296073913574
v 0.06220836192369461 0.0020689298398792744 -3.6226377487182617
v 0 -0.033945564180612564 -3.4766311645507812
v 0 -0.002068930072709918 -3.7443292140960693
v 0.06220836192369461 -0.002068930072709918 -3.6226377487182617
v 0.17785070836544037 -0.02336413785815239 -0.547856867313385
v 0.17785070836544037 0.023095060139894485 -0.547856867313385
v 0.15833644568920135 0.003571508452296257 -0.5088544487953186
v 0.15833644568920135 -0.0036885980516672134 -0.5088544487953186
v 0.15833644568920135 -0.0036885980516672134 -0.5088544487953186
v 0.15833644568920135 0.003571508452296257 -0.5088544487953186
v 0.1276136338710785 0.0035814065486192703 -0.47026991844177246
v 0.1276136338710785 -0.003662658855319023 -0.47026991844177246
v 0.1276136338710785 -0.003662658855319023 -0.47026991844177246
v 0.1276136338710785 0.0035814065486192703 -0.47026991844177246
v 0.10828959941864014 0.0035814065486192703 -0.4020364284515381
v 0.10828959941864014 -0.003662658855319023 -0.4020364284515381
v 0.10828959941864014 -0.003662658855319023 -0.4020364284515381
v 0.10828959941864014 0.0035814065486192703 -0.4020364284515381
v 0.10871557891368866 0.0035814065486192703 -0.20560872554779053
v 0.10871557891368866 -0.003662658855319023 -0.20560872554779053
v 0.10871557891368866 -0.003662658855319023 -0.20560872554779053
v 0.10871557891368866 0.0035814065486192703 -0.20560872554779053
v 0.10870629549026489 0.0035814065486192703 -0.15205121040344238
v 0.10870629549026489 -0.003662658855319023 -0.15205121040344238
v 0.10870629549026489 -0.003662658855319023 -0.15205121040344238
v 0.10870629549026489 0.0035814065486192703 -0.15205121040344238
v 0.10870629549026489 0.0035814065486192703 -0.11706769466400146
v 0.10870629549026489 -0.003662658855319023 -0.11706769466400146
v 0.10870629549026489 -0.003662658855319023 -0.11706769466400146
v 0.10870629549026489 0.0035814065486192703 -0.11706769466400146
v 0.11896409094333649 0.0035814065486192703 -0.0676276683807373
v 0.11896409094333649 -0.003662658855319023 -0.0676276683807373
v 0.12313268333673477 0.024943124502897263 -0.5245377421379089
v 0.15833644568920135 0.003571508452296257 -0.5088544487953186
v 0.17785070836544037 0.023095060139894485 -0.547856867313385
v 0.061158437281847 -0.03363616019487381 -0.4121820330619812
v 0.08005649596452713 -0.03363616019487381 -0.4863792061805725
v 0.1276136338710785 -0.003662658855319023 -0.47026991844177246
v 0.10828959941864014 -0.003662658855319023 -0.4020364284515381
v 0.12313268333673477 -0.0252666138112545 -0.5245377421379089
v 0.17785070836544037 -0.02336413785815239 -0.547856867313385
v 0.15833644568920135 -0.0036885980516672134 -0.5088544487953186
v 0.061158437281847 0.03363616019487381 -0.2076096534729004
v 0.023117870092391968 0.03363616019487381 -0.15037178993225098
v 0.10870629549026489 0.0035814065486192703 -0.15205121040344238
v 0.10871557891368866 0.0035814065486192703 -0.20560872554779053
v 0.08005649596452713 0.03363616019487381 -0.4863792061805725
v 0.061158437281847 0.03363616019487381 -0.4121820330619812
v 0.10828959941864014 0.0035814065486192703 -0.4020364284515381
v 0.1276136338710785 0.0035814065486192703 -0.47026991844177246
v 0.023117870092391968 0.03363616019487381 -0.10373353958129883
v 0.07386060059070587 0.03363616019487381 -0.024236440658569336
v 0.11896409094333649 0.0035814065486192703 -0.0676276683807373
v 0.10870629549026489 0.0035814065486192703 -0.11706769466400146
v 0.023117870092391968 -0.03363616019487381 -0.15037178993225098
v 0.061158437281847 -0.03363616019487381 -0.2076096534729004
v 0.10871557891368866 -0.003662658855319023 -0.20560872554779053
v 0.10870629549026489 -0.003662658855319023 -0.15205121040344238
v 0.07386060059070587 -0.03363616019487381 -0.024236440658569336
v 0.023117870092391968 -0.03363616019487381 -0.10373353958129883
v 0.10870629549026489 -0.003662658855319023 -0.11706769466400146
v 0.11896409094333649 -0.003662658855319023 -0.0676276683807373
v 0.18594515323638916 0.01895350217819214 0.05830860137939453
v 0.18594515323638916 -0.018971223384141922 0.05830860137939453
v 0.22770097851753235 -0.002073683077469468 0.00572967529296875
v 0.22770097851753235 0.002010153839364648 0.00572967529296875
v 0.18594515323638916 -0.018971223384141922 0.05830860137939453
v 0.18594515323638916 0.01895350217819214 0.05830860137939453
v 0 0.03363616019487381 0.08826851844787598
v 0 -0.03363616019487381 0.08826851844787598
v 0.07386060059070587 0.03363616019487381 -0.024236440658569336
v 0 0.03363616019487381 0.012638330459594727
v 0 0.03363616019487381 0.08826851844787598
v 0.18594515323638916 0.01895350217819214 0.05830860137939453
v 0.11896409094333649 0.0035814065486192703 -0.0676276683807373
v 0.07386060059070587 0.03363616019487381 -0.024236440658569336
v 0.18594515323638916 0.01895350217819214 0.05830860137939453
v 0.22770097851753235 0.002010153839364648 0.00572967529296875
v 0 -0.03363616019487381 0.012638330459594727
v 0.07386060059070587 -0.03363616019487381 -0.024236440658569336
v 0.18594515323638916 -0.018971223384141922 0.05830860137939453
v 0 -0.03363616019487381 0.08826851844787598
v 0 0.033945564180612564 -3.051490306854248
v -0.09562854468822479 0.033945564180612564 -3.051490306854248
v -0.09404883533716202 0.033945564180612564 -3.1186493635177612
v 0 0.033945564180612564 -3.1186493635177612
v -0.06317337602376938 0.033945564180612564 -3.310030937194824
v -0.08223919570446014 0.033945564180612564 -3.213113307952881
v -0.13401970267295837 0.0020689298398792744 -3.2229443788528442
v -0.12170132249593735 0.0020689298398792744 -3.3382641077041626
v 0 -0.033945564180612564 -3.051490306854248
v -0.09562854468822479 -0.033945564180612564 -3.051490306854248
v -0.09562854468822479 -0.033945564180612564 -0.7587889432907104
v 0 -0.033945564180612564 -0.7587889432907104
v -0.09562854468822479 0.033945564180612564 -0.7587889432907104
v -0.11103352159261703 0.033544231206178665 -0.6716955900192261
v -0.14379854500293732 0.0020689298398792744 -0.6925679445266724
v -0.14740905165672302 0.0020689298398792744 -0.7391766309738159
v 0 0.033945564180612564 -3.213113307952881
v -0.08223919570446014 0.033945564180612564 -3.213113307952881
v -0.06317337602376938 0.033945564180612564 -3.310030937194824
v 0 0.033945564180612564 -3.310030937194824
v 0 0.033945564180612564 -3.1186493635177612
v -0.09404883533716202 0.033945564180612564 -3.1186493635177612
v -0.08223919570446014 0.033945564180612564 -3.213113307952881
v 0 0.033945564180612564 -3.213113307952881
v -0.09404883533716202 0.033945564180612564 -3.1186493635177612
v -0.09562854468822479 0.033945564180612564 -3.051490306854248
v -0.14495544135570526 0.0020689298398792744 -3.0613213777542114
v -0.1421489268541336 0.0020689298398792744 -3.1284804344177246
v -0.03867337852716446 -0.033945564180612564 -3.408175468444824
v 0 -0.033945564180612564 -3.4766311645507812
v -0.06220836192369461 -0.002068930072709918 -3.6226377487182617
v -0.10394875705242157 -0.002068930072709918 -3.468919038772583
v -0.09562854468822479 0.033945564180612564 -3.051490306854248
v -0.09562854468822479 0.033945564180612564 -0.7587889432907104
v -0.14740905165672302 0.0020689298398792744 -0.7391766309738159
v -0.14495544135570526 0.0020689298398792744 -3.0613213777542114
v 0 0.033945564180612564 -3.408175468444824
v -0.03867337852716446 0.033945564180612564 -3.408175468444824
v 0 0.033945564180612564 -3.4766311645507812
v 0 0.033945564180612564 -3.310030937194824
v -0.06317337602376938 0.033945564180612564 -3.310030937194824
v -0.03867337852716446 0.033945564180612564 -3.408175468444824
v 0 0.033945564180612564 -3.408175468444824
v -0.03867337852716446 -0.033945564180612564 -3.408175468444824
v 0 -0.033945564180612564 -3.408175468444824
v 0 -0.033945564180612564 -3.4766311645507812
v 0 -0.033939868211746216 -0.6716955900192261
v -0.11103352159261703 -0.033939868211746216 -0.6716955900192261
v -0.15371301770210266 -0.033939868211746216 -0.618874192237854
v 0 -0.033939868211746216 -0.618874192237854
v -0.09562854468822479 -0.033945564180612564 -0.7587889432907104
v -0.09562854468822479 -0.033945564180612564 -3.051490306854248
v -0.14495544135570526 -0.002068930072709918 -3.0613213777542114
v -0.14740905165672302 -0.002068930072709918 -0.7391766309738159
v 0 -0.033945564180612564 -0.7587889432907104
v -0.09562854468822479 -0.033945564180612564 -0.7587889432907104
v -0.11103352159261703 -0.033939868211746216 -0.6716955900192261
v 0 -0.033939868211746216 -0.6716955900192261
v -0.15371301770210266 -0.033939868211746216 -0.618874192237854
v -0.17785070836544037 -0.02737380564212799 -0.6050947308540344
v -0.17785070836544037 -0.0007476024329662323 -0.6474195718765259
v -0.17785070836544037 -0.02737380564212799 -0.6050947308540344
v -0.17785070836544037 0.027114056050777435 -0.6050947308540344
v -0.17785070836544037 0.023095060139894485 -0.547856867313385
v -0.17785070836544037 -0.02336413785815239 -0.547856867313385
v -0.15371301770210266 0.033544231206178665 -0.618874192237854
v -0.17785070836544037 0.027114056050777435 -0.6050947308540344
v -0.17785070836544037 0.0007476028986275196 -0.6474195718765259
v 0 -0.033939868211746216 -0.618874192237854
v -0.15371301770210266 -0.033939868211746216 -0.618874192237854
v -0.17785070836544037 -0.02737380564212799 -0.6050947308540344
v 0 -0.033939868211746216 -0.6050947308540344
v 0 -0.033939868211746216 -0.547856867313385
v -0.17785070836544037 -0.02336413785815239 -0.547856867313385
v -0.12313268333673477 -0.0252666138112545 -0.5245377421379089
v 0 -0.033877044916152954 -0.5245377421379089
v 0 -0.033939868211746216 -0.6050947308540344
v -0.17785070836544037 -0.02737380564212799 -0.6050947308540344
v -0.17785070836544037 -0.02336413785815239 -0.547856867313385
v 0 -0.033939868211746216 -0.547856867313385
v -0.07386060059070587 -0.03363616019487381 -0.024236440658569336
v -0.11896409094333649 -0.003662658855319023 -0.0676276683807373
v -0.22770097851753235 -0.002073683077469468 0.00572967529296875
v -0.18594515323638916 -0.018971223384141922 0.05830860137939453
v 0 -0.03363616019487381 -0.4863792061805725
v -0.08005649596452713 -0.03363616019487381 -0.4863792061805725
v -0.061158437281847 -0.03363616019487381 -0.4121820330619812
v 0 -0.03363616019487381 -0.4121820330619812
v -0.023117870092391968 0.03363616019487381 -0.15037178993225098
v -0.023117870092391968 0.03363616019487381 -0.10373353958129883
v -0.10870629549026489 0.0035814065486192703 -0.11706769466400146
v -0.10870629549026489 0.0035814065486192703 -0.15205121040344238
v 0 -0.033877044916152954 -0.5245377421379089
v -0.12313268333673477 -0.0252666138112545 -0.5245377421379089
v -0.08005649596452713 -0.03363616019487381 -0.4863792061805725
v 0 -0.03363616019487381 -0.4863792061805725
v 0 -0.03363616019487381 -0.4121820330619812
v -0.061158437281847 -0.03363616019487381 -0.4121820330619812
v -0.061158437281847 -0.03363616019487381 -0.2076096534729004
v 0 -0.03363616019487381 -0.2076096534729004
v -0.061158437281847 0.03363616019487381 -0.4121820330619812
v -0.061158437281847 0.03363616019487381 -0.2076096534729004
v -0.10871557891368866 0.0035814065486192703 -0.20560872554779053
v -0.10828959941864014 0.0035814065486192703 -0.4020364284515381
v -0.023117870092391968 -0.03363616019487381 -0.10373353958129883
v -0.023117870092391968 -0.03363616019487381 -0.15037178993225098
v -0.10870629549026489 -0.003662658855319023 -0.15205121040344238
v -0.10870629549026489 -0.003662658855319023 -0.11706769466400146
v 0 -0.03363616019487381 -0.15037178993225098
v -0.023117870092391968 -0.03363616019487381 -0.15037178993225098
v -0.023117870092391968 -0.03363616019487381 -0.10373353958129883
v 0 -0.03363616019487381 -0.10373353958129883
v -0.08005649596452713 -0.03363616019487381 -0.4863792061805725
v -0.12313268333673477 -0.0252666138112545 -0.5245377421379089
v -0.15833644568920135 -0.0036885980516672134 -0.5088544487953186
v -0.1276136338710785 -0.003662658855319023 -0.47026991844177246
v 0 -0.03363616019487381 -0.2076096534729004
v -0.061158437281847 -0.03363616019487381 -0.2076096534729004
v -0.023117870092391968 -0.03363616019487381 -0.15037178993225098
v 0 -0.03363616019487381 -0.15037178993225098
v -0.061158437281847 -0.03363616019487381 -0.2076096534729004
v -0.061158437281847 -0.03363616019487381 -0.4121820330619812
v -0.10828959941864014 -0.003662658855319023 -0.4020364284515381
v -0.10871557891368866 -0.003662658855319023 -0.20560872554779053
v -0.12313268333673477 0.024943124502897263 -0.5245377421379089
v -0.08005649596452713 0.03363616019487381 -0.4863792061805725
v -0.1276136338710785 0.0035814065486192703 -0.47026991844177246
v -0.15833644568920135 0.003571508452296257 -0.5088544487953186
v 0 -0.03363616019487381 -0.10373353958129883
v -0.023117870092391968 -0.03363616019487381 -0.10373353958129883
v -0.07386060059070587 -0.03363616019487381 -0.024236440658569336
v 0 -0.03363616019487381 -0.024236440658569336
v -0.11896409094333649 -0.003662658855319023 -0.0676276683807373
v -0.11896409094333649 0.0035814065486192703 -0.0676276683807373
v -0.22770097851753235 0.002010153839364648 0.00572967529296875
v -0.22770097851753235 -0.002073683077469468 0.00572967529296875
v -0.14495544135570526 -0.002068930072709918 -3.0613213777542114
v -0.14495544135570526 0.0020689298398792744 -3.0613213777542114
v -0.14740905165672302 0.0020689298398792744 -0.7391766309738159
v -0.14740905165672302 -0.002068930072709918 -0.7391766309738159
v -0.14495544135570526 0.0020689298398792744 -3.0613213777542114
v -0.14495544135570526 -0.002068930072709918 -3.0613213777542114
v -0.1421489268541336 -0.002068930072709918 -3.1284804344177246
v -0.1421489268541336 0.0020689298398792744 -3.1284804344177246
v -0.1421489268541336 0.0020689298398792744 -3.1284804344177246
v -0.1421489268541336 -0.002068930072709918 -3.1284804344177246
v -0.13401970267295837 -0.002068930072709918 -3.2229443788528442
v -0.13401970267295837 0.0020689298398792744 -3.2229443788528442
v -0.12170132249593735 0.0020689298398792744 -3.3382641077041626
v -0.12170132249593735 -0.002068930072709918 -3.3382641077041626
v -0.10394875705242157 -0.002068930072709918 -3.468919038772583
v -0.10394875705242157 0.0020689298398792744 -3.468919038772583
v -0.13401970267295837 0.0020689298398792744 -3.2229443788528442
v -0.13401970267295837 -0.002068930072709918 -3.2229443788528442
v -0.12170132249593735 -0.002068930072709918 -3.3382641077041626
v -0.12170132249593735 0.0020689298398792744 -3.3382641077041626
v -0.10394875705242157 0.0020689298398792744 -3.468919038772583
v -0.10394875705242157 -0.002068930072709918 -3.468919038772583
v -0.06220836192369461 -0.002068930072709918 -3.6226377487182617
v -0.06220836192369461 0.0020689298398792744 -3.6226377487182617
v -0.14740905165672302 -0.002068930072709918 -0.7391766309738159
v -0.14740905165672302 0.0020689298398792744 -0.7391766309738159
v -0.14379854500293732 0.0020689298398792744 -0.6925679445266724
v -0.14379854500293732 -0.002068930072709918 -0.6925679445266724
v -0.09404883533716202 -0.033945564180612564 -3.1186493635177612
v -0.08223919570446014 -0.033945564180612564 -3.213113307952881
v -0.13401970267295837 -0.002068930072709918 -3.2229443788528442
v -0.1421489268541336 -0.002068930072709918 -3.1284804344177246
v -0.06317337602376938 -0.033945564180612564 -3.310030937194824
v -0.03867337852716446 -0.033945564180612564 -3.408175468444824
v -0.10394875705242157 -0.002068930072709918 -3.468919038772583
v -0.12170132249593735 -0.002068930072709918 -3.3382641077041626
v -0.11103352159261703 -0.033939868211746216 -0.6716955900192261
v -0.09562854468822479 -0.033945564180612564 -0.7587889432907104
v -0.14740905165672302 -0.002068930072709918 -0.7391766309738159
v -0.14379854500293732 -0.002068930072709918 -0.6925679445266724
v 0 0.033945564180612564 -3.4766311645507812
v -0.03867337852716446 0.033945564180612564 -3.408175468444824
v -0.10394875705242157 0.0020689298398792744 -3.468919038772583
v -0.06220836192369461 0.0020689298398792744 -3.6226377487182617
v -0.08223919570446014 0.033945564180612564 -3.213113307952881
v -0.09404883533716202 0.033945564180612564 -3.1186493635177612
v -0.1421489268541336 0.0020689298398792744 -3.1284804344177246
v -0.13401970267295837 0.0020689298398792744 -3.2229443788528442
v -0.03867337852716446 0.033945564180612564 -3.408175468444824
v -0.06317337602376938 0.033945564180612564 -3.310030937194824
v -0.12170132249593735 0.0020689298398792744 -3.3382641077041626
v -0.10394875705242157 0.0020689298398792744 -3.468919038772583
v -0.09562854468822479 -0.033945564180612564 -3.051490306854248
v -0.09404883533716202 -0.033945564180612564 -3.1186493635177612
v -0.1421489268541336 -0.002068930072709918 -3.1284804344177246
v -0.14495544135570526 -0.002068930072709918 -3.0613213777542114
v -0.08223919570446014 -0.033945564180612564 -3.213113307952881
v -0.06317337602376938 -0.033945564180612564 -3.310030937194824
v -0.12170132249593735 -0.002068930072709918 -3.3382641077041626
v -0.13401970267295837 -0.002068930072709918 -3.2229443788528442
v -0.17785070836544037 0.0007476028986275196 -0.6474195718765259
v -0.14379854500293732 0.0020689298398792744 -0.6925679445266724
v -0.11103352159261703 0.033544231206178665 -0.6716955900192261
v -0.15371301770210266 0.033544231206178665 -0.618874192237854
v -0.17785070836544037 -0.02737380564212799 -0.6050947308540344
v -0.17785070836544037 0.027114056050777435 -0.6050947308540344
v -0.17785070836544037 0.0007476028986275196 -0.6474195718765259
v -0.17785070836544037 -0.0007476024329662323 -0.6474195718765259
v -0.14379854500293732 0.0020689298398792744 -0.6925679445266724
v -0.14379854500293732 -0.002068930072709918 -0.6925679445266724
v -0.17785070836544037 -0.0007476024329662323 -0.6474195718765259
v -0.17785070836544037 0.0007476028986275196 -0.6474195718765259
v -0.15371301770210266 -0.033939868211746216 -0.618874192237854
v -0.17785070836544037 -0.0007476024329662323 -0.6474195718765259
v -0.14379854500293732 -0.002068930072709918 -0.6925679445266724
v -0.11103352159261703 -0.033939868211746216 -0.6716955900192261
v -0.023117870092391968 0.03363616019487381 -0.10373353958129883
v 0 0.03363616019487381 -0.10373353958129883
v 0 0.03363616019487381 -0.024236440658569336
v -0.07386060059070587 0.03363616019487381 -0.024236440658569336
v -0.023117870092391968 0.03363616019487381 -0.15037178993225098
v 0 0.03363616019487381 -0.15037178993225098
v 0 0.03363616019487381 -0.10373353958129883
v -0.023117870092391968 0.03363616019487381 -0.10373353958129883
v -0.061158437281847 0.03363616019487381 -0.4121820330619812
v 0 0.03363616019487381 -0.4121820330619812
v 0 0.03363616019487381 -0.2076096534729004
v -0.061158437281847 0.03363616019487381 -0.2076096534729004
v -0.061158437281847 0.03363616019487381 -0.2076096534729004
v 0 0.03363616019487381 -0.2076096534729004
v 0 0.03363616019487381 -0.15037178993225098
v -0.023117870092391968 0.03363616019487381 -0.15037178993225098
v -0.08005649596452713 0.03363616019487381 -0.4863792061805725
v 0 0.03363616019487381 -0.4863792061805725
v 0 0.03363616019487381 -0.4121820330619812
v -0.061158437281847 0.03363616019487381 -0.4121820330619812
v -0.17785070836544037 0.023095060139894485 -0.547856867313385
v 0 0.033544231206178665 -0.547856867313385
v 0 0.033544231206178665 -0.5245377421379089
v -0.12313268333673477 0.024943124502897263 -0.5245377421379089
v -0.12313268333673477 0.024943124502897263 -0.5245377421379089
v 0 0.033544231206178665 -0.5245377421379089
v 0 0.03363616019487381 -0.4863792061805725
v -0.08005649596452713 0.03363616019487381 -0.4863792061805725
v -0.17785070836544037 0.027114056050777435 -0.6050947308540344
v 0 0.033544231206178665 -0.6050947308540344
v 0 0.033544231206178665 -0.547856867313385
v -0.17785070836544037 0.023095060139894485 -0.547856867313385
v -0.11103352159261703 0.033544231206178665 -0.6716955900192261
v 0 0.033544231206178665 -0.6716955900192261
v 0 0.033544231206178665 -0.618874192237854
v -0.15371301770210266 0.033544231206178665 -0.618874192237854
v -0.15371301770210266 0.033544231206178665 -0.618874192237854
v 0 0.033544231206178665 -0.618874192237854
v 0 0.033544231206178665 -0.6050947308540344
v -0.17785070836544037 0.027114056050777435 -0.6050947308540344
v -0.09562854468822479 0.033945564180612564 -3.051490306854248
v 0 0.033945564180612564 -3.051490306854248
v 0 0.033945564180612564 -0.7587889432907104
v -0.09562854468822479 0.033945564180612564 -0.7587889432907104
v -0.09562854468822479 0.033945564180612564 -0.7587889432907104
v 0 0.033945564180612564 -0.7587889432907104
v 0 0.033544231206178665 -0.6716955900192261
v -0.11103352159261703 0.033544231206178665 -0.6716955900192261
v -0.06317337602376938 -0.033945564180612564 -3.310030937194824
v 0 -0.033945564180612564 -3.310030937194824
v 0 -0.033945564180612564 -3.408175468444824
v -0.03867337852716446 -0.033945564180612564 -3.408175468444824
v -0.08223919570446014 -0.033945564180612564 -3.213113307952881
v 0 -0.033945564180612564 -3.213113307952881
v 0 -0.033945564180612564 -3.310030937194824
v -0.06317337602376938 -0.033945564180612564 -3.310030937194824
v -0.09562854468822479 -0.033945564180612564 -3.051490306854248
v 0 -0.033945564180612564 -3.051490306854248
v 0 -0.033945564180612564 -3.1186493635177612
v -0.09404883533716202 -0.033945564180612564 -3.1186493635177612
v -0.09404883533716202 -0.033945564180612564 -3.1186493635177612
v 0 -0.033945564180612564 -3.1186493635177612
v 0 -0.033945564180612564 -3.213113307952881
v -0.08223919570446014 -0.033945564180612564 -3.213113307952881
v -0.07386060059070587 0.03363616019487381 -0.024236440658569336
v 0 0.03363616019487381 -0.024236440658569336
v 0 0.03363616019487381 0.012638330459594727
v -0.07386060059070587 -0.03363616019487381 -0.024236440658569336
v 0 -0.03363616019487381 0.012638330459594727
v 0 -0.03363616019487381 -0.024236440658569336
v -0.06220836192369461 0.0020689298398792744 -3.6226377487182617
v 0 0.0020689298398792744 -3.744296073913574
v 0 0.033945564180612564 -3.4766311645507812
v -0.06220836192369461 -0.002068930072709918 -3.6226377487182617
v 0 -0.002068930072709918 -3.7443292140960693
v 0 0.0020689298398792744 -3.744296073913574
v -0.06220836192369461 0.0020689298398792744 -3.6226377487182617
v 0 -0.033945564180612564 -3.4766311645507812
v 0 -0.002068930072709918 -3.7443292140960693
v -0.06220836192369461 -0.002068930072709918 -3.6226377487182617
v -0.17785070836544037 -0.02336413785815239 -0.547856867313385
v -0.17785070836544037 0.023095060139894485 -0.547856867313385
v -0.15833644568920135 0.003571508452296257 -0.5088544487953186
v -0.15833644568920135 -0.0036885980516672134 -0.5088544487953186
v -0.15833644568920135 -0.0036885980516672134 -0.5088544487953186
v -0.15833644568920135 0.003571508452296257 -0.5088544487953186
v -0.1276136338710785 0.0035814065486192703 -0.47026991844177246
v -0.1276136338710785 -0.003662658855319023 -0.47026991844177246
v -0.1276136338710785 -0.003662658855319023 -0.47026991844177246
v -0.1276136338710785 0.0035814065486192703 -0.47026991844177246
v -0.10828959941864014 0.0035814065486192703 -0.4020364284515381
v -0.10828959941864014 -0.003662658855319023 -0.4020364284515381
v -0.10828959941864014 -0.003662658855319023 -0.4020364284515381
v -0.10828959941864014 0.0035814065486192703 -0.4020364284515381
v -0.10871557891368866 0.0035814065486192703 -0.20560872554779053
v -0.10871557891368866 -0.003662658855319023 -0.20560872554779053
v -0.10871557891368866 -0.003662658855319023 -0.20560872554779053
v -0.10871557891368866 0.0035814065486192703 -0.20560872554779053
v -0.10870629549026489 0.0035814065486192703 -0.15205121040344238
v -0.10870629549026489 -0.003662658855319023 -0.15205121040344238
v -0.10870629549026489 -0.003662658855319023 -0.15205121040344238
v -0.10870629549026489 0.0035814065486192703 -0.15205121040344238
v -0.10870629549026489 0.0035814065486192703 -0.11706769466400146
v -0.10870629549026489 -0.003662658855319023 -0.11706769466400146
v -0.10870629549026489 -0.003662658855319023 -0.11706769466400146
v -0.10870629549026489 0.0035814065486192703 -0.11706769466400146
v -0.11896409094333649 0.0035814065486192703 -0.0676276683807373
v -0.11896409094333649 -0.003662658855319023 -0.0676276683807373
v -0.12313268333673477 0.024943124502897263 -0.5245377421379089
v -0.15833644568920135 0.003571508452296257 -0.5088544487953186
v -0.17785070836544037 0.023095060139894485 -0.547856867313385
v -0.061158437281847 -0.03363616019487381 -0.4121820330619812
v -0.08005649596452713 -0.03363616019487381 -0.4863792061805725
v -0.1276136338710785 -0.003662658855319023 -0.47026991844177246
v -0.10828959941864014 -0.003662658855319023 -0.4020364284515381
v -0.12313268333673477 -0.0252666138112545 -0.5245377421379089
v -0.17785070836544037 -0.02336413785815239 -0.547856867313385
v -0.15833644568920135 -0.0036885980516672134 -0.5088544487953186
v -0.061158437281847 0.03363616019487381 -0.2076096534729004
v -0.023117870092391968 0.03363616019487381 -0.15037178993225098
v -0.10870629549026489 0.0035814065486192703 -0.15205121040344238
v -0.10871557891368866 0.0035814065486192703 -0.20560872554779053
v -0.08005649596452713 0.03363616019487381 -0.4863792061805725
v -0.061158437281847 0.03363616019487381 -0.4121820330619812
v -0.10828959941864014 0.0035814065486192703 -0.4020364284515381
v -0.1276136338710785 0.0035814065486192703 -0.47026991844177246
v -0.023117870092391968 0.03363616019487381 -0.10373353958129883
v -0.07386060059070587 0.03363616019487381 -0.024236440658569336
v -0.11896409094333649 0.0035814065486192703 -0.0676276683807373
v -0.10870629549026489 0.0035814065486192703 -0.11706769466400146
v -0.023117870092391968 -0.03363616019487381 -0.15037178993225098
v -0.061158437281847 -0.03363616019487381 -0.2076096534729004
v -0.10871557891368866 -0.003662658855319023 -0.20560872554779053
v -0.10870629549026489 -0.003662658855319023 -0.15205121040344238
v -0.07386060059070587 -0.03363616019487381 -0.024236440658569336
v -0.023117870092391968 -0.03363616019487381 -0.10373353958129883
v -0.10870629549026489 -0.003662658855319023 -0.11706769466400146
v -0.11896409094333649 -0.003662658855319023 -0.0676276683807373
v -0.18594515323638916 0.01895350217819214 0.05830860137939453
v -0.18594515323638916 -0.018971223384141922 0.05830860137939453
v -0.22770097851753235 -0.002073683077469468 0.00572967529296875
v -0.22770097851753235 0.002010153839364648 0.00572967529296875
v -0.18594515323638916 -0.018971223384141922 0.05830860137939453
v -0.18594515323638916 0.01895350217819214 0.05830860137939453
v 0 0.03363616019487381 0.08826851844787598
v 0 -0.03363616019487381 0.08826851844787598
v -0.07386060059070587 0.03363616019487381 -0.024236440658569336
v 0 0.03363616019487381 0.012638330459594727
v 0 0.03363616019487381 0.08826851844787598
v -0.18594515323638916 0.01895350217819214 0.05830860137939453
v -0.11896409094333649 0.0035814065486192703 -0.0676276683807373
v -0.07386060059070587 0.03363616019487381 -0.024236440658569336
v -0.18594515323638916 0.01895350217819214 0.05830860137939453
v -0.22770097851753235 0.002010153839364648 0.00572967529296875
v 0 -0.03363616019487381 0.012638330459594727
v -0.07386060059070587 -0.03363616019487381 -0.024236440658569336
v -0.18594515323638916 -0.018971223384141922 0.05830860137939453
v 0 -0.03363616019487381 0.08826851844787598
vt 0.75 0.5
vt 0.625 0.5
vt 0.625 0.5
vt 0.75 0.5
vt 0.625 0.5
vt 0.625 0.5
vt 0.625 0.5
vt 0.625 0.5
vt 0.25 0.5
vt 0.375 0.5
vt 0.375 0.75
vt 0.25 0.75
vt 0.625 0.75
vt 0.625 0.75
vt 0.625 0.75
vt 0.625 0.75
vt 0.75 0.5
vt 0.625 0.5
vt 0.625 0.5
vt 0.75 0.5
vt 0.75 0.5
vt 0.625 0.5
vt 0.625 0.5
vt 0.75 0.5
vt 0.625 0.5
vt 0.625 0.5
vt 0.625 0.5
vt 0.625 0.5
vt 0.375 0.5
vt 0.375 0.5
vt 0.375 0.5
vt 0.375 0.5
vt 0.625 0.5
vt 0.625 0.75
vt 0.625 0.75
vt 0.625 0.5
vt 0.7500000596046448 0.5
vt 0.625 0.5
vt 0.875 0.5
vt 0.75 0.5
vt 0.625 0.5
vt 0.625 0.5
vt 0.7500000596046448 0.5
vt 0.375 0.5
vt 0.125 0.5
vt 0.375 0.5
vt 0.25 0.75
vt 0.375 0.75
vt 0.375 0.75
vt 0.25 0.75
vt 0.375 0.75
vt 0.375 0.5
vt 0.375 0.5
vt 0.375 0.75
vt 0.25 0.75
vt 0.375 0.75
vt 0.375 0.75
vt 0.25 0.75
vt 0.375 0.75
vt 0.375 0.75
vt 0.375 0.75
vt 0.375 0.75
vt 0.625 0.75
vt 0.625 0.75
vt 0.375 0.75
vt 0.625 0.75
vt 0.625 0.75
vt 0.625 0.75
vt 0.25 0.75
vt 0.375 0.75
vt 0.375 0.75
vt 0.25 0.75
vt 0.25 0.75
vt 0.375 0.75
vt 0.375 0.75
vt 0.25 0.75
vt 0.25 0.75
vt 0.375 0.75
vt 0.375 0.75
vt 0.25 0.75
vt 0.375 0.75
vt 0.375 0.75
vt 0.375 0.75
vt 0.375 0.75
vt 0.25 0.75
vt 0.375 0.75
vt 0.375 0.75
vt 0.25 0.75
vt 0.625 0.75
vt 0.625 0.75
vt 0.625 0.75
vt 0.625 0.75
vt 0.25 0.75
vt 0.375 0.75
vt 0.375 0.75
vt 0.25 0.75
vt 0.25 0.75
vt 0.375 0.75
vt 0.375 0.75
vt 0.25 0.75
vt 0.625 0.75
vt 0.625 0.75
vt 0.625 0.75
vt 0.625 0.75
vt 0.375 0.75
vt 0.375 0.75
vt 0.375 0.75
vt 0.375 0.75
vt 0.25 0.75
vt 0.375 0.75
vt 0.375 0.75
vt 0.25 0.75
vt 0.375 0.75
vt 0.375 0.75
vt 0.375 0.75
vt 0.375 0.75
vt 0.25 0.75
vt 0.375 0.75
vt 0.375 0.75
vt 0.25 0.75
vt 0.375 0.75
vt 0.375 0.75
vt 0.375 0.75
vt 0.375 0.75
vt 0.625 0.75
vt 0.625 0.75
vt 0.625 0.75
vt 0.625 0.75
vt 0.25 0.75
vt 0.375 0.75
vt 0.375 0.75
vt 0.25 0.7500000596046448
vt 0.375 0.75
vt 0.625 0.75
vt 0.625 0.75
vt 0.375 0.75
vt 0.375 0.5
vt 0.625 0.5
vt 0.625 0.75
vt 0.375 0.75
vt 0.625 0.5
vt 0.375 0.5
vt 0.375 0.5
vt 0.625 0.5
vt 0.625 0.5
vt 0.375 0.5
vt 0.375 0.5
vt 0.625 0.5
vt 0.625 0.5
vt 0.375 0.5
vt 0.375 0.5
vt 0.625 0.5
vt 0.625 0.5
vt 0.375 0.5
vt 0.375 0.5
vt 0.625 0.5
vt 0.625 0.5
vt 0.375 0.5
vt 0.375 0.5
vt 0.625 0.5
vt 0.375 0.75
vt 0.625 0.75
vt 0.625 0.75
vt 0.375 0.75
vt 0.375 0.5
vt 0.375 0.5
vt 0.375 0.5
vt 0.375 0.5
vt 0.375 0.5
vt 0.375 0.5
vt 0.375 0.5
vt 0.375 0.5
vt 0.375 0.75
vt 0.375 0.75
vt 0.375 0.75
vt 0.375 0.75
vt 0.875 0.5
vt 0.625 0.5
vt 0.625 0.5
vt 0.875 0.5
vt 0.625 0.5
vt 0.625 0.5
vt 0.625 0.5
vt 0.625 0.5
vt 0.625 0.5
vt 0.625 0.5
vt 0.625 0.5
vt 0.625 0.5
vt 0.375 0.5
vt 0.375 0.5
vt 0.375 0.5
vt 0.375 0.5
vt 0.375 0.5
vt 0.375 0.5
vt 0.375 0.5
vt 0.375 0.5
vt 0.625 0.75
vt 0.625 0.75
vt 0.625 0.75
vt 0.625 0.75
vt 0.375 0.75
vt 0.625 0.75
vt 0.625 0.75
vt 0.375 0.75
vt 0.625 0.75
vt 0.375 0.75
vt 0.375 0.75
vt 0.625 0.75
vt 0.375 0.75
vt 0.375 0.75
vt 0.375 0.75
vt 0.375 0.75
vt 0.625 0.75
vt 0.75 0.75
vt 0.7500000596046448 0.7500000596046448
vt 0.625 0.75
vt 0.625 0.75
vt 0.75 0.75
vt 0.75 0.75
vt 0.625 0.75
vt 0.625 0.75
vt 0.75 0.75
vt 0.75 0.75
vt 0.625 0.75
vt 0.625 0.75
vt 0.75 0.75
vt 0.75 0.75
vt 0.625 0.75
vt 0.625 0.75
vt 0.75 0.75
vt 0.75 0.75
vt 0.625 0.75
vt 0.625 0.75
vt 0.75 0.75
vt 0.75 0.75
vt 0.625 0.75
vt 0.625 0.75
vt 0.75 0.75
vt 0.75 0.75
vt 0.625 0.75
vt 0.625 0.75
vt 0.75 0.75
vt 0.75 0.75
vt 0.625 0.75
vt 0.625 0.75
vt 0.75 0.75
vt 0.75 0.75
vt 0.625 0.75
vt 0.625 0.75
vt 0.75 0.75
vt 0.75 0.75
vt 0.625 0.75
vt 0.625 0.5
vt 0.75 0.5
vt 0.75 0.75
vt 0.625 0.75
vt 0.625 0.75
vt 0.75 0.75
vt 0.75 0.75
vt 0.625 0.75
vt 0.375 0.5
vt 0.25 0.5
vt 0.25 0.5
vt 0.375 0.5
vt 0.375 0.5
vt 0.25 0.5
vt 0.25 0.5
vt 0.375 0.5
vt 0.375 0.5
vt 0.25 0.5
vt 0.25 0.5
vt 0.375 0.5
vt 0.375 0.5
vt 0.25 0.5
vt 0.25 0.5
vt 0.375 0.5
vt 0.625 0.75
vt 0.7500000596046448 0.7500000596046448
vt 0.625 0.75
vt 0.375 0.75
vt 0.375 0.75
vt 0.25 0.7500000596046448
vt 0.875 0.5
vt 0 0
vt 0.875 0.5
vt 0.375 0.5
vt 0 0
vt 0 0
vt 0.625 0.5
vt 0.375 0.5
vt 0 0
vt 0.375 0.5
vt 0.375 0.75
vt 0.625 0.75
vt 0.625 0.75
vt 0.375 0.75
vt 0.375 0.75
vt 0.625 0.75
vt 0.625 0.75
vt 0.375 0.75
vt 0.375 0.75
vt 0.625 0.75
vt 0.625 0.75
vt 0.375 0.75
vt 0.375 0.75
vt 0.625 0.75
vt 0.625 0.75
vt 0.375 0.75
vt 0.375 0.75
vt 0.625 0.75
vt 0.625 0.75
vt 0.375 0.75
vt 0.375 0.75
vt 0.625 0.75
vt 0.625 0.75
vt 0.375 0.75
vt 0.375 0.75
vt 0.625 0.75
vt 0.625 0.75
vt 0.375 0.75
vt 0.625 0.75
vt 0.625 0.75
vt 0.625 0.75
vt 0.375 0.75
vt 0.375 0.75
vt 0.375 0.75
vt 0.375 0.75
vt 0.375 0.75
vt 0.375 0.75
vt 0.375 0.75
vt 0.625 0.75
vt 0.625 0.75
vt 0.625 0.75
vt 0.625 0.75
vt 0.625 0.75
vt 0.625 0.75
vt 0.625 0.75
vt 0.625 0.75
vt 0.625 0.75
vt 0.625 0.75
vt 0.625 0.75
vt 0.625 0.75
vt 0.375 0.75
vt 0.375 0.75
vt 0.375 0.75
vt 0.375 0.75
vt 0.375 0.75
vt 0.375 0.75
vt 0.375 0.75
vt 0.375 0.75
vt 0.625 0.75
vt 0.375 0.75
vt 0.375 0.75
vt 0.625 0.75
vt 0.375 0.75
vt 0.625 0.75
vt 0.625 0.75
vt 0.375 0.75
vt 0.625 0.75
vt 0.625 0.75
vt 0.625 0.75
vt 0.625 0.75
vt 0.625 0.75
vt 0.625 0.75
vt 0.625 0.75
vt 0.625 0.75
vt 0.375 0.75
vt 0.375 0.75
vt 0.375 0.75
vt 0.375 0.75
vt 0.75 0.5
vt 0.625 0.5
vt 0.625 0.5
vt 0.75 0.5
vt 0.625 0.5
vt 0.625 0.5
vt 0.625 0.5
vt 0.625 0.5
vt 0.25 0.5
vt 0.375 0.5
vt 0.375 0.75
vt 0.25 0.75
vt 0.625 0.75
vt 0.625 0.75
vt 0.625 0.75
vt 0.625 0.75
vt 0.75 0.5
vt 0.625 0.5
vt 0.625 0.5
vt 0.75 0.5
vt 0.75 0.5
vt 0.625 0.5
vt 0.625 0.5
vt 0.75 0.5
vt 0.625 0.5
vt 0.625 0.5
vt 0.625 0.5
vt 0.625 0.5
vt 0.375 0.5
vt 0.375 0.5
vt 0.375 0.5
vt 0.375 0.5
vt 0.625 0.5
vt 0.625 0.75
vt 0.625 0.75
vt 0.625 0.5
vt 0.7500000596046448 0.5
vt 0.625 0.5
vt 0.875 0.5
vt 0.75 0.5
vt 0.625 0.5
vt 0.625 0.5
vt 0.7500000596046448 0.5
vt 0.375 0.5
vt 0.125 0.5
vt 0.375 0.5
vt 0.25 0.75
vt 0.375 0.75
vt 0.375 0.75
vt 0.25 0.75
vt 0.375 0.75
vt 0.375 0.5
vt 0.375 0.5
vt 0.375 0.75
vt 0.25 0.75
vt 0.375 0.75
vt 0.375 0.75
vt 0.25 0.75
vt 0.375 0.75
vt 0.375 0.75
vt 0.375 0.75
vt 0.375 0.75
vt 0.625 0.75
vt 0.625 0.75
vt 0.375 0.75
vt 0.625 0.75
vt 0.625 0.75
vt 0.625 0.75
vt 0.25 0.75
vt 0.375 0.75
vt 0.375 0.75
vt 0.25 0.75
vt 0.25 0.75
vt 0.375 0.75
vt 0.375 0.75
vt 0.25 0.75
vt 0.25 0.75
vt 0.375 0.75
vt 0.375 0.75
vt 0.25 0.75
vt 0.375 0.75
vt 0.375 0.75
vt 0.375 0.75
vt 0.375 0.75
vt 0.25 0.75
vt 0.375 0.75
vt 0.375 0.75
vt 0.25 0.75
vt 0.625 0.75
vt 0.625 0.75
vt 0.625 0.75
vt 0.625 0.75
vt 0.25 0.75
vt 0.375 0.75
vt 0.375 0.75
vt 0.25 0.75
vt 0.25 0.75
vt 0.375 0.75
vt 0.375 0.75
vt 0.25 0.75
vt 0.625 0.75
vt 0.625 0.75
vt 0.625 0.75
vt 0.625 0.75
vt 0.375 0.75
vt 0.375 0.75
vt 0.375 0.75
vt 0.375 0.75
vt 0.25 0.75
vt 0.375 0.75
vt 0.375 0.75
vt 0.25 0.75
vt 0.375 0.75
vt 0.375 0.75
vt 0.375 0.75
vt 0.375 0.75
vt 0.25 0.75
vt 0.375 0.75
vt 0.375 0.75
vt 0.25 0.75
vt 0.375 0.75
vt 0.375 0.75
vt 0.375 0.75
vt 0.375 0.75
vt 0.625 0.75
vt 0.625 0.75
vt 0.625 0.75
vt 0.625 0.75
vt 0.25 0.75
vt 0.375 0.75
vt 0.375 0.75
vt 0.25 0.7500000596046448
vt 0.375 0.75
vt 0.625 0.75
vt 0.625 0.75
vt 0.375 0.75
vt 0.375 0.5
vt 0.625 0.5
vt 0.625 0.75
vt 0.375 0.75
vt 0.625 0.5
vt 0.375 0.5
vt 0.375 0.5
vt 0.625 0.5
vt 0.625 0.5
vt 0.375 0.5
vt 0.375 0.5
vt 0.625 0.5
vt 0.625 0.5
vt 0.375 0.5
vt 0.375 0.5
vt 0.625 0.5
vt 0.625 0.5
vt 0.375 0.5
vt 0.375 0.5
vt 0.625 0.5
vt 0.625 0.5
vt 0.375 0.5
vt 0.375 0.5
vt 0.625 0.5
vt 0.375 0.75
vt 0.625 0.75
vt 0.625 0.75
vt 0.375 0.75
vt 0.375 0.5
vt 0.375 0.5
vt 0.375 0.5
vt 0.375 0.5
vt 0.375 0.5
vt 0.375 0.5
vt 0.375 0.5
vt 0.375 0.5
vt 0.375 0.75
vt 0.375 0.75
vt 0.375 0.75
vt 0.375 0.75
vt 0.875 0.5
vt 0.625 0.5
vt 0.625 0.5
vt 0.875 0.5
vt 0.625 0.5
vt 0.625 0.5
vt 0.625 0.5
vt 0.625 0.5
vt 0.625 0.5
vt 0.625 0.5
vt 0.625 0.5
vt 0.625 0.5
vt 0.375 0.5
vt 0.375 0.5
vt 0.375 0.5
vt 0.375 0.5
vt 0.375 0.5
vt 0.375 0.5
vt 0.375 0.5
vt 0.375 0.5
vt 0.625 0.75
vt 0.625 0.75
vt 0.625 0.75
vt 0.625 0.75
vt 0.375 0.75
vt 0.625 0.75
vt 0.625 0.75
vt 0.375 0.75
vt 0.625 0.75
vt 0.375 0.75
vt 0.375 0.75
vt 0.625 0.75
vt 0.375 0.75
vt 0.375 0.75
vt 0.375 0.75
vt 0.375 0.75
vt 0.625 0.75
vt 0.75 0.75
vt 0.7500000596046448 0.7500000596046448
vt 0.625 0.75
vt 0.625 0.75
vt 0.75 0.75
vt 0.75 0.75
vt 0.625 0.75
vt 0.625 0.75
vt 0.75 0.75
vt 0.75 0.75
vt 0.625 0.75
vt 0.625 0.75
vt 0.75 0.75
vt 0.75 0.75
vt 0.625 0.75
vt 0.625 0.75
vt 0.75 0.75
vt 0.75 0.75
vt 0.625 0.75
vt 0.625 0.75
vt 0.75 0.75
vt 0.75 0.75
vt 0.625 0.75
vt 0.625 0.75
vt 0.75 0.75
vt 0.75 0.75
vt 0.625 0.75
vt 0.625 0.75
vt 0.75 0.75
vt 0.75 0.75
vt 0.625 0.75
vt 0.625 0.75
vt 0.75 0.75
vt 0.75 0.75
vt 0.625 0.75
vt 0.625 0.75
vt 0.75 0.75
vt 0.75 0.75
vt 0.625 0.75
vt 0.625 0.5
vt 0.75 0.5
vt 0.75 0.75
vt 0.625 0.75
vt 0.625 0.75
vt 0.75 0.75
vt 0.75 0.75
vt 0.625 0.75
vt 0.375 0.5
vt 0.25 0.5
vt 0.25 0.5
vt 0.375 0.5
vt 0.375 0.5
vt 0.25 0.5
vt 0.25 0.5
vt 0.375 0.5
vt 0.375 0.5
vt 0.25 0.5
vt 0.25 0.5
vt 0.375 0.5
vt 0.375 0.5
vt 0.25 0.5
vt 0.25 0.5
vt 0.375 0.5
vt 0.625 0.75
vt 0.7500000596046448 0.7500000596046448
vt 0.625 0.75
vt 0.375 0.75
vt 0.375 0.75
vt 0.25 0.7500000596046448
vt 0.875 0.5
vt 0 0
vt 0.875 0.5
vt 0.375 0.5
vt 0 0
vt 0 0
vt 0.625 0.5
vt 0.375 0.5
vt 0 0
vt 0.375 0.5
vt 0.375 0.75
vt 0.625 0.75
vt 0.625 0.75
vt 0.375 0.75
vt 0.375 0.75
vt 0.625 0.75
vt 0.625 0.75
vt 0.375 0.75
vt 0.375 0.75
vt 0.625 0.75
vt 0.625 0.75
vt 0.375 0.75
vt 0.375 0.75
vt 0.625 0.75
vt 0.625 0.75
vt 0.375 0.75
vt 0.375 0.75
vt 0.625 0.75
vt 0.625 0.75
vt 0.375 0.75
vt 0.375 0.75
vt 0.625 0.75
vt 0.625 0.75
vt 0.375 0.75
vt 0.375 0.75
vt 0.625 0.75
vt 0.625 0.75
vt 0.375 0.75
vt 0.625 0.75
vt 0.625 0.75
vt 0.625 0.75
vt 0.375 0.75
vt 0.375 0.75
vt 0.375 0.75
vt 0.375 0.75
vt 0.375 0.75
vt 0.375 0.75
vt 0.375 0.75
vt 0.625 0.75
vt 0.625 0.75
vt 0.625 0.75
vt 0.625 0.75
vt 0.625 0.75
vt 0.625 0.75
vt 0.625 0.75
vt 0.625 0.75
vt 0.625 0.75
vt 0.625 0.75
vt 0.625 0.75
vt 0.625 0.75
vt 0.375 0.75
vt 0.375 0.75
vt 0.375 0.75
vt 0.375 0.75
vt 0.375 0.75
vt 0.375 0.75
vt 0.375 0.75
vt 0.375 0.75
vt 0.625 0.75
vt 0.375 0.75
vt 0.375 0.75
vt 0.625 0.75
vt 0.375 0.75
vt 0.625 0.75
vt 0.625 0.75
vt 0.375 0.75
vt 0.625 0.75
vt 0.625 0.75
vt 0.625 0.75
vt 0.625 0.75
vt 0.625 0.75
vt 0.625 0.75
vt 0.625 0.75
vt 0.625 0.75
vt 0.375 0.75
vt 0.375 0.75
vt 0.375 0.75
vt 0.375 0.75
vn 0 1 0
vn 0 1 0
vn 0 1 0
vn 0 1 0
vn 0.5077925338969725 0.8556681299851399 -0.09989391295882799
vn 0.5077925338969725 0.8556681299851399 -0.09989391295882799
vn 0.5077925338969725 0.8556681299851399 -0.09989391295882799
vn 0.5077925338969725 0.8556681299851399 -0.09989391295882799
vn 0 -1 0
vn 0 -1 0
vn 0 -1 0
vn 0 -1 0
vn 0.6505504749320556 0.7512176520579873 -0.11160698366214264
vn 0.6505504749320556 0.7512176520579873 -0.11160698366214264
vn 0.6505504749320556 0.7512176520579873 -0.11160698366214264
vn 0.6505504749320556 0.7512176520579873 -0.11160698366214264
vn 0 1 0
vn 0 1 0
vn 0 1 0
vn 0 1 0
vn 0 1 0
vn 0 1 0
vn 0 1 0
vn 0 1 0
vn 0.5409278899960365 0.8409727262922785 -0.012723657373903808
vn 0.5409278899960365 0.8409727262922785 -0.012723657373903808
vn 0.5409278899960365 0.8409727262922785 -0.012723657373903808
vn 0.5409278899960365 0.8409727262922785 -0.012723657373903808
vn 0.2135738592561384 -0.9694473794015901 -0.12065647605424519
vn 0.2135738592561384 -0.9694473794015901 -0.12065647605424519
vn 0.2135738592561384 -0.9694473794015901 -0.12065647605424519
vn 0.2135738592561384 -0.9694473794015901 -0.12065647605424519
vn 0.5242370331643015 0.8515723886194825 0
vn 0.5242370331643015 0.8515723886194825 0
vn 0.5242370331643015 0.8515723886194825 0
vn 0.5242370331643015 0.8515723886194825 0
vn 0 1 0
vn 0 1 0
vn 0 1 0
vn 0 1 0
vn 0 1 0
vn 0 1 0
vn 0 1 0
vn 0 -1 0
vn 0 -1 0
vn 0 -1 0
vn 0 -1 0
vn 0 -1 0
vn 0 -1 0
vn 0 -1 0
vn 0.5427618759435778 -0.8398866268861579 0
vn 0.5427618759435778 -0.8398866268861579 0
vn 0.5427618759435778 -0.8398866268861579 0
vn 0.5427618759435778 -0.8398866268861579 0
vn 0 -0.9999999978613723 0.00006540073067864224
vn 0 -0.9999999978613723 0.00006540073067864224
vn 0 -0.9999999978613723 0.00006540073067864224
vn 0 -0.9999999978613723 0.00006540073067864224
vn -0.47120593389516735 0.746578059784384 0.46966601804960084
vn -0.47120593389516735 0.746578059784384 0.46966601804960084
vn -0.47120593389516735 0.746578059784384 0.46966601804960084
vn 1 0 0
vn 1 0 0
vn 1 0 0
vn 1 0 0
vn 0.46688301295308887 0.7505902796542437 -0.4675836655662922
vn 0.46688301295308887 0.7505902796542437 -0.4675836655662922
vn 0.46688301295308887 0.7505902796542437 -0.4675836655662922
vn 0 -0.9027482269388155 0.4301693140599696
vn 0 -0.9027482269388155 0.4301693140599696
vn 0 -0.9027482269388155 0.4301693140599696
vn 0 -0.9027482269388155 0.4301693140599696
vn 0.059260175666477566 -0.9965707833675959 0.0577486391014923
vn 0.059260175666477566 -0.9965707833675959 0.0577486391014923
vn 0.059260175666477566 -0.9965707833675959 0.0577486391014923
vn 0.059260175666477566 -0.9965707833675959 0.0577486391014923
vn 0.03680374893908632 -0.9968794714414061 0.06983411403269714
vn 0.03680374893908632 -0.9968794714414061 0.06983411403269714
vn 0.03680374893908632 -0.9968794714414061 0.06983411403269714
vn 0.03680374893908632 -0.9968794714414061 0.06983411403269714
vn 0.25396150606235374 -0.8989291877643306 -0.35697320463012566
vn 0.25396150606235374 -0.8989291877643306 -0.35697320463012566
vn 0.25396150606235374 -0.8989291877643306 -0.35697320463012566
vn 0.25396150606235374 -0.8989291877643306 -0.35697320463012566
vn 0 -1 0
vn 0 -1 0
vn 0 -1 0
vn 0 -1 0
vn 0.33132058989411656 0.9435182386749156 0
vn 0.33132058989411656 0.9435182386749156 0
vn 0.33132058989411656 0.9435182386749156 0
vn 0.33132058989411656 0.9435182386749156 0
vn 0.06908347435163223 -0.987921890381331 -0.1387004400745903
vn 0.06908347435163223 -0.987921890381331 -0.1387004400745903
vn 0.06908347435163223 -0.987921890381331 -0.1387004400745903
vn 0.06908347435163223 -0.987921890381331 -0.1387004400745903
vn 0 -1 0
vn 0 -1 0
vn 0 -1 0
vn 0 -1 0
vn 0.5342301291254942 0.8453390852992412 0
vn 0.5342301291254942 0.8453390852992412 0
vn 0.5342301291254942 0.8453390852992412 0
vn 0.5342301291254942 0.8453390852992412 0
vn 0.33052285850206714 -0.9437979868635145 0
vn 0.33052285850206714 -0.9437979868635145 0
vn 0.33052285850206714 -0.9437979868635145 0
vn 0.33052285850206714 -0.9437979868635145 0
vn 0 -1 0
vn 0 -1 0
vn 0 -1 0
vn 0 -1 0
vn 0.41118217217102526 -0.8695731907640125 0.2734441207874319
vn 0.41118217217102526 -0.8695731907640125 0.2734441207874319
vn 0.41118217217102526 -0.8695731907640125 0.2734441207874319
vn 0.41118217217102526 -0.8695731907640125 0.2734441207874319
vn 0 -1 0
vn 0 -1 0
vn 0 -1 0
vn 0 -1 0
vn 0.536632651505227 -0.8438159736213041 0
vn 0.536632651505227 -0.8438159736213041 0
vn 0.536632651505227 -0.8438159736213041 0
vn 0.536632651505227 -0.8438159736213041 0
vn 0.43564668696263664 0.8492447811561459 0.29832074319015783
vn 0.43564668696263664 0.8492447811561459 0.29832074319015783
vn 0.43564668696263664 0.8492447811561459 0.29832074319015783
vn 0.43564668696263664 0.8492447811561459 0.29832074319015783
vn 0 -1 0
vn 0 -1 0
vn 0 -1 0
vn 0 -1 0
vn 0.5592630379466369 0 -0.8289902619371947
vn 0.5592630379466369 0 -0.8289902619371947
vn 0.5592630379466369 0 -0.8289902619371947
vn 0.5592630379466369 0 -0.8289902619371947
vn 0.9999994417840524 0 -0.0010566132611563143
vn 0.9999994417840524 0 -0.0010566132611563143
vn 0.9999994417840524 0 -0.0010566132611563143
vn 0.9999994417840524 0 -0.0010566132611563143
vn 0.9991279787852241 0 -0.04175262876218506
vn 0.9991279787852241 0 -0.04175262876218506
vn 0.9991279787852241 0 -0.04175262876218506
vn 0.9991279787852241 0 -0.04175262876218506
vn 0.9963175906605896 0 -0.0857394806391901
vn 0.9963175906605896 0 -0.0857394806391901
vn 0.9963175906605896 0 -0.0857394806391901
vn 0.9963175906605896 0 -0.0857394806391901
vn 0.9908950491854259 0 -0.1346365533568515
vn 0.9908950491854259 0 -0.1346365533568515
vn 0.9908950491854259 0 -0.1346365533568515
vn 0.9908950491854259 0 -0.1346365533568515
vn 0.9943431758008755 0 -0.10621510597946636
vn 0.9943431758008755 0 -0.10621510597946636
vn 0.9943431758008755 0 -0.10621510597946636
vn 0.9943431758008755 0 -0.10621510597946636
vn 0.9650546932822027 0 -0.2620485431632729
vn 0.9650546932822027 0 -0.2620485431632729
vn 0.9650546932822027 0 -0.2620485431632729
vn 0.9650546932822027 0 -0.2620485431632729
vn 0.9970130813130225 0 0.07723286664828843
vn 0.9970130813130225 0 0.07723286664828843
vn 0.9970130813130225 0 0.07723286664828843
vn 0.9970130813130225 0 0.07723286664828843
vn 0.5142720802590081 -0.8552137984612561 -0.06429297308059857
vn 0.5142720802590081 -0.8552137984612561 -0.06429297308059857
vn 0.5142720802590081 -0.8552137984612561 -0.06429297308059857
vn 0.5142720802590081 -0.8552137984612561 -0.06429297308059857
vn 0.3668622868853155 -0.9257564884019511 -0.0915804926988523
vn 0.3668622868853155 -0.9257564884019511 -0.0915804926988523
vn 0.3668622868853155 -0.9257564884019511 -0.0915804926988523
vn 0.3668622868853155 -0.9257564884019511 -0.0915804926988523
vn 0.5481274578052875 -0.8307629602471558 -0.0968978528208714
vn 0.5481274578052875 -0.8307629602471558 -0.0968978528208714
vn 0.5481274578052875 -0.8307629602471558 -0.0968978528208714
vn 0.5481274578052875 -0.8307629602471558 -0.0968978528208714
vn 0.30041613797195876 0.9385873557358485 -0.16971717561520036
vn 0.30041613797195876 0.9385873557358485 -0.16971717561520036
vn 0.30041613797195876 0.9385873557358485 -0.16971717561520036
vn 0.30041613797195876 0.9385873557358485 -0.16971717561520036
vn 0.5414993102532122 0.8379711409105108 -0.06769685366715557
vn 0.5414993102532122 0.8379711409105108 -0.06769685366715557
vn 0.5414993102532122 0.8379711409105108 -0.06769685366715557
vn 0.5414993102532122 0.8379711409105108 -0.06769685366715557
vn 0.4346064554596134 0.8940619677018461 -0.1084915977480953
vn 0.4346064554596134 0.8940619677018461 -0.1084915977480953
vn 0.4346064554596134 0.8940619677018461 -0.1084915977480953
vn 0.4346064554596134 0.8940619677018461 -0.1084915977480953
vn 0.5505307241765911 -0.834714460920207 -0.012949535446745094
vn 0.5505307241765911 -0.834714460920207 -0.012949535446745094
vn 0.5505307241765911 -0.834714460920207 -0.012949535446745094
vn 0.5505307241765911 -0.834714460920207 -0.012949535446745094
vn 0.44367564016944316 -0.8919271289484525 -0.08728071359702216
vn 0.44367564016944316 -0.8919271289484525 -0.08728071359702216
vn 0.44367564016944316 -0.8919271289484525 -0.08728071359702216
vn 0.44367564016944316 -0.8919271289484525 -0.08728071359702216
vn 0.5136935768617392 0.7765968529209222 -0.3647139113391646
vn 0.5136935768617392 0.7765968529209222 -0.3647139113391646
vn 0.5136935768617392 0.7765968529209222 -0.3647139113391646
vn 0.5136935768617392 0.7765968529209222 -0.3647139113391646
vn -1 0 0
vn -1 0 0
vn -1 0 0
vn -1 0 0
vn -0.7983768501132211 0 0.6021581230900163
vn -0.7983768501132211 0 0.6021581230900163
vn -0.7983768501132211 0 0.6021581230900163
vn -0.7983768501132211 0 0.6021581230900163
vn -0.5494591032870287 0.7374106692790444 0.3928360964173811
vn -0.5494591032870287 0.7374106692790444 0.3928360964173811
vn -0.5494591032870287 0.7374106692790444 0.3928360964173811
vn -0.5494591032870287 0.7374106692790444 0.3928360964173811
vn 0 1 0
vn 0 1 0
vn 0 1 0
vn 0 1 0
vn 0 1 0
vn 0 1 0
vn 0 1 0
vn 0 1 0
vn 0 1 0
vn 0 1 0
vn 0 1 0
vn 0 1 0
vn 0 1 0
vn 0 1 0
vn 0 1 0
vn 0 1 0
vn 0 1 0
vn 0 1 0
vn 0 1 0
vn 0 1 0
vn 0.058651344721149995 0.9982785281485327 0
vn 0.058651344721149995 0.9982785281485327 0
vn 0.058651344721149995 0.9982785281485327 0
vn 0.058651344721149995 0.9982785281485327 0
vn 0.0696823443664293 0.9975663362288425 -0.0024032699727974706
vn 0.0696823443664293 0.9975663362288425 -0.0024032699727974706
vn 0.0696823443664293 0.9975663362288425 -0.0024032699727974706
vn 0.0696823443664293 0.9975663362288425 -0.0024032699727974706
vn 0.03613129704439404 0.9993470515160835 0
vn 0.03613129704439404 0.9993470515160835 0
vn 0.03613129704439404 0.9993470515160835 0
vn 0.03613129704439404 0.9993470515160835 0
vn 0 1 0
vn 0 1 0
vn 0 1 0
vn 0 1 0
vn 0 1 0
vn 0 1 0
vn 0 1 0
vn 0 1 0
vn 0 1 0
vn 0 1 0
vn 0 1 0
vn 0 1 0
vn 0 0.9999893829780074 0.004608028999910952
vn 0 0.9999893829780074 0.004608028999910952
vn 0 0.9999893829780074 0.004608028999910952
vn 0 0.9999893829780074 0.004608028999910952
vn 0 -1 0
vn 0 -1 0
vn 0 -1 0
vn 0 -1 0
vn 0 -1 0
vn 0 -1 0
vn 0 -1 0
vn 0 -1 0
vn 0 -1 0
vn 0 -1 0
vn 0 -1 0
vn 0 -1 0
vn 0 -1 0
vn 0 -1 0
vn 0 -1 0
vn 0 -1 0
vn 0 1 0
vn 0 1 0
vn 0 1 0
vn 0 -1 0
vn 0 -1 0
vn 0 -1 0
vn 0.22532106556736492 0.9674481586701879 -0.11521491959486092
vn 0.22532106556736492 0.9674481586701879 -0.11521491959486092
vn 0.22532106556736492 0.9674481586701879 -0.11521491959486092
vn 0.8903976195984277 0.003645455045398462 -0.45516896826449577
vn 0.8903976195984277 0.003645455045398462 -0.45516896826449577
vn 0.8903976195984277 0.003645455045398462 -0.45516896826449577
vn 0.8903976195984277 0.003645455045398462 -0.45516896826449577
vn 0.2253532107290732 -0.9674424510383823 -0.11519997544680799
vn 0.2253532107290732 -0.9674424510383823 -0.11519997544680799
vn 0.2253532107290732 -0.9674424510383823 -0.11519997544680799
vn 0.8943074370597824 0 0.44745302325446784
vn 0.8943074370597824 0 0.44745302325446784
vn 0.8943074370597824 0 0.44745302325446784
vn 0.8943074370597824 0 0.44745302325446784
vn 0.7822989899029623 0 0.6229031147753272
vn 0.7822989899029623 0 0.6229031147753272
vn 0.7822989899029623 0 0.6229031147753272
vn 0.7822989899029623 0 0.6229031147753272
vn 0.9621592233497117 0 0.2724878509641841
vn 0.9621592233497117 0 0.2724878509641841
vn 0.9621592233497117 0 0.2724878509641841
vn 0.9621592233497117 0 0.2724878509641841
vn 0.9999976485248407 0 -0.0021686273975073437
vn 0.9999976485248407 0 -0.0021686273975073437
vn 0.9999976485248407 0 -0.0021686273975073437
vn 0.9999976485248407 0 -0.0021686273975073437
vn 0.9999999849773871 0 0.00017333558674811038
vn 0.9999999849773871 0 0.00017333558674811038
vn 0.9999999849773871 0 0.00017333558674811038
vn 0.9999999849773871 0 0.00017333558674811038
vn 1 0 0
vn 1 0 0
vn 1 0 0
vn 1 0 0
vn 0.9791470062210379 0 -0.20315299704503195
vn 0.9791470062210379 0 -0.20315299704503195
vn 0.9791470062210379 0 -0.20315299704503195
vn 0.9791470062210379 0 -0.20315299704503195
vn 0.25380990189654984 0.8081277698176897 0.5315167366591111
vn 0.25380990189654984 0.8081277698176897 0.5315167366591111
vn 0.25380990189654984 0.8081277698176897 0.5315167366591111
vn 0.49780067776570214 -0.8579736347674356 0.12679009133194416
vn 0.49780067776570214 -0.8579736347674356 0.12679009133194416
vn 0.49780067776570214 -0.8579736347674356 0.12679009133194416
vn 0.49780067776570214 -0.8579736347674356 0.12679009133194416
vn 0.25574421421160176 -0.805630013710908 0.5343736313717703
vn 0.25574421421160176 -0.805630013710908 0.5343736313717703
vn 0.25574421421160176 -0.805630013710908 0.5343736313717703
vn 0.3271882234771029 0.919599353920615 0.2174509017840236
vn 0.3271882234771029 0.919599353920615 0.2174509017840236
vn 0.3271882234771029 0.919599353920615 0.2174509017840236
vn 0.3271882234771029 0.919599353920615 0.2174509017840236
vn 0.512914659288718 0.8484408287445352 0.13063962800783227
vn 0.512914659288718 0.8484408287445352 0.13063962800783227
vn 0.512914659288718 0.8484408287445352 0.13063962800783227
vn 0.512914659288718 0.8484408287445352 0.13063962800783227
vn 0.3707598785945733 0.8980710603626504 -0.23665477591555678
vn 0.3707598785945733 0.8980710603626504 -0.23665477591555678
vn 0.3707598785945733 0.8980710603626504 -0.23665477591555678
vn 0.3707598785945733 0.8980710603626504 -0.23665477591555678
vn 0.49375155122351044 -0.8053118513834561 0.32814970316263803
vn 0.49375155122351044 -0.8053118513834561 0.32814970316263803
vn 0.49375155122351044 -0.8053118513834561 0.32814970316263803
vn 0.49375155122351044 -0.8053118513834561 0.32814970316263803
vn 0.297964810670048 -0.9354382732808164 -0.1901899273982906
vn 0.297964810670048 -0.9354382732808164 -0.1901899273982906
vn 0.297964810670048 -0.9354382732808164 -0.1901899273982906
vn 0.297964810670048 -0.9354382732808164 -0.1901899273982906
vn 0.7830965537497667 0 0.6219001427120263
vn 0.7830965537497667 0 0.6219001427120263
vn 0.7830965537497667 0 0.6219001427120263
vn 0.7830965537497667 0 0.6219001427120263
vn 0.1590707872034784 0 0.9872671799763556
vn 0.1590707872034784 0 0.9872671799763556
vn 0.1590707872034784 0 0.9872671799763556
vn 0.1590707872034784 0 0.9872671799763556
vn 0 1 0
vn 0 1 0
vn 0 1 0
vn 0 1 0
vn 0.3272559933075434 0.9012281873369974 -0.28406208686405704
vn 0.3272559933075434 0.9012281873369974 -0.28406208686405704
vn 0.3272559933075434 0.9012281873369974 -0.28406208686405704
vn 0.3272559933075434 0.9012281873369974 -0.28406208686405704
vn 0.052494918099500444 -0.9930700855470955 0.10514793752238355
vn 0.052494918099500444 -0.9930700855470955 0.10514793752238355
vn 0.052494918099500444 -0.9930700855470955 0.10514793752238355
vn 0.052494918099500444 -0.9930700855470955 0.10514793752238355
vn 0 1 0
vn 0 1 0
vn 0 1 0
vn 0 1 0
vn -0.5077925338969725 0.8556681299851399 -0.09989391295882799
vn -0.5077925338969725 0.8556681299851399 -0.09989391295882799
vn -0.5077925338969725 0.8556681299851399 -0.09989391295882799
vn -0.5077925338969725 0.8556681299851399 -0.09989391295882799
vn 0 -1 0
vn 0 -1 0
vn 0 -1 0
vn 0 -1 0
vn -0.6505504749320556 0.7512176520579873 -0.11160698366214264
vn -0.6505504749320556 0.7512176520579873 -0.11160698366214264
vn -0.6505504749320556 0.7512176520579873 -0.11160698366214264
vn -0.6505504749320556 0.7512176520579873 -0.11160698366214264
vn 0 1 0
vn 0 1 0
vn 0 1 0
vn 0 1 0
vn 0 1 0
vn 0 1 0
vn 0 1 0
vn 0 1 0
vn -0.5409278899960365 0.8409727262922785 -0.012723657373903808
vn -0.5409278899960365 0.8409727262922785 -0.012723657373903808
vn -0.5409278899960365 0.8409727262922785 -0.012723657373903808
vn -0.5409278899960365 0.8409727262922785 -0.012723657373903808
vn -0.2135738592561384 -0.9694473794015901 -0.12065647605424519
vn -0.2135738592561384 -0.9694473794015901 -0.12065647605424519
vn -0.2135738592561384 -0.9694473794015901 -0.12065647605424519
vn -0.2135738592561384 -0.9694473794015901 -0.12065647605424519
vn -0.5242370331643015 0.8515723886194825 0
vn -0.5242370331643015 0.8515723886194825 0
vn -0.5242370331643015 0.8515723886194825 0
vn -0.5242370331643015 0.8515723886194825 0
vn 0 1 0
vn 0 1 0
vn 0 1 0
vn 0 1 0
vn 0 1 0
vn 0 1 0
vn 0 1 0
vn 0 -1 0
vn 0 -1 0
vn 0 -1 0
vn 0 -1 0
vn 0 -1 0
vn 0 -1 0
vn 0 -1 0
vn -0.5427618759435778 -0.8398866268861579 0
vn -0.5427618759435778 -0.8398866268861579 0
vn -0.5427618759435778 -0.8398866268861579 0
vn -0.5427618759435778 -0.8398866268861579 0
vn 0 -0.9999999978613723 0.00006540073067864224
vn 0 -0.9999999978613723 0.00006540073067864224
vn 0 -0.9999999978613723 0.00006540073067864224
vn 0 -0.9999999978613723 0.00006540073067864224
vn 0.47120593389516735 0.746578059784384 0.46966601804960084
vn 0.47120593389516735 0.746578059784384 0.46966601804960084
vn 0.47120593389516735 0.746578059784384 0.46966601804960084
vn -1 0 0
vn -1 0 0
vn -1 0 0
vn -1 0 0
vn -0.46688301295308887 0.7505902796542437 -0.4675836655662922
vn -0.46688301295308887 0.7505902796542437 -0.4675836655662922
vn -0.46688301295308887 0.7505902796542437 -0.4675836655662922
vn 0 -0.9027482269388155 0.4301693140599696
vn 0 -0.9027482269388155 0.4301693140599696
vn 0 -0.9027482269388155 0.4301693140599696
vn 0 -0.9027482269388155 0.4301693140599696
vn -0.059260175666477566 -0.9965707833675959 0.0577486391014923
vn -0.059260175666477566 -0.9965707833675959 0.0577486391014923
vn -0.059260175666477566 -0.9965707833675959 0.0577486391014923
vn -0.059260175666477566 -0.9965707833675959 0.0577486391014923
vn -0.03680374893908632 -0.9968794714414061 0.06983411403269714
vn -0.03680374893908632 -0.9968794714414061 0.06983411403269714
vn -0.03680374893908632 -0.9968794714414061 0.06983411403269714
vn -0.03680374893908632 -0.9968794714414061 0.06983411403269714
vn -0.25396150606235374 -0.8989291877643306 -0.35697320463012566
vn -0.25396150606235374 -0.8989291877643306 -0.35697320463012566
vn -0.25396150606235374 -0.8989291877643306 -0.35697320463012566
vn -0.25396150606235374 -0.8989291877643306 -0.35697320463012566
vn 0 -1 0
vn 0 -1 0
vn 0 -1 0
vn 0 -1 0
vn -0.33132058989411656 0.9435182386749156 0
vn -0.33132058989411656 0.9435182386749156 0
vn -0.33132058989411656 0.9435182386749156 0
vn -0.33132058989411656 0.9435182386749156 0
vn -0.06908347435163223 -0.987921890381331 -0.1387004400745903
vn -0.06908347435163223 -0.987921890381331 -0.1387004400745903
vn -0.06908347435163223 -0.987921890381331 -0.1387004400745903
vn -0.06908347435163223 -0.987921890381331 -0.1387004400745903
vn 0 -1 0
vn 0 -1 0
vn 0 -1 0
vn 0 -1 0
vn -0.5342301291254942 0.8453390852992412 0
vn -0.5342301291254942 0.8453390852992412 0
vn -0.5342301291254942 0.8453390852992412 0
vn -0.5342301291254942 0.8453390852992412 0
vn -0.33052285850206714 -0.9437979868635145 0
vn -0.33052285850206714 -0.9437979868635145 0
vn -0.33052285850206714 -0.9437979868635145 0
vn -0.33052285850206714 -0.9437979868635145 0
vn 0 -1 0
vn 0 -1 0
vn 0 -1 0
vn 0 -1 0
vn -0.41118217217102526 -0.8695731907640125 0.2734441207874319
vn -0.41118217217102526 -0.8695731907640125 0.2734441207874319
vn -0.41118217217102526 -0.8695731907640125 0.2734441207874319
vn -0.41118217217102526 -0.8695731907640125 0.2734441207874319
vn 0 -1 0
vn 0 -1 0
vn 0 -1 0
vn 0 -1 0
vn -0.536632651505227 -0.8438159736213041 0
vn -0.536632651505227 -0.8438159736213041 0
vn -0.536632651505227 -0.8438159736213041 0
vn -0.536632651505227 -0.8438159736213041 0
vn -0.43564668696263664 0.8492447811561459 0.29832074319015783
vn -0.43564668696263664 0.8492447811561459 0.29832074319015783
vn -0.43564668696263664 0.8492447811561459 0.29832074319015783
vn -0.43564668696263664 0.8492447811561459 0.29832074319015783
vn 0 -1 0
vn 0 -1 0
vn 0 -1 0
vn 0 -1 0
vn -0.5592630379466369 0 -0.8289902619371947
vn -0.5592630379466369 0 -0.8289902619371947
vn -0.5592630379466369 0 -0.8289902619371947
vn -0.5592630379466369 0 -0.8289902619371947
vn -0.9999994417840524 0 -0.0010566132611563143
vn -0.9999994417840524 0 -0.0010566132611563143
vn -0.9999994417840524 0 -0.0010566132611563143
vn -0.9999994417840524 0 -0.0010566132611563143
vn -0.9991279787852241 0 -0.04175262876218506
vn -0.9991279787852241 0 -0.04175262876218506
vn -0.9991279787852241 0 -0.04175262876218506
vn -0.9991279787852241 0 -0.04175262876218506
vn -0.9963175906605896 0 -0.0857394806391901
vn -0.9963175906605896 0 -0.0857394806391901
vn -0.9963175906605896 0 -0.0857394806391901
vn -0.9963175906605896 0 -0.0857394806391901
vn -0.9908950491854259 0 -0.1346365533568515
vn -0.9908950491854259 0 -0.1346365533568515
vn -0.9908950491854259 0 -0.1346365533568515
vn -0.9908950491854259 0 -0.1346365533568515
vn -0.9943431758008755 0 -0.10621510597946636
vn -0.9943431758008755 0 -0.10621510597946636
vn -0.9943431758008755 0 -0.10621510597946636
vn -0.9943431758008755 0 -0.10621510597946636
vn -0.9650546932822027 0 -0.2620485431632729
vn -0.9650546932822027 0 -0.2620485431632729
vn -0.9650546932822027 0 -0.2620485431632729
vn -0.9650546932822027 0 -0.2620485431632729
vn -0.9970130813130225 0 0.07723286664828843
vn -0.9970130813130225 0 0.07723286664828843
vn -0.9970130813130225 0 0.07723286664828843
vn -0.9970130813130225 0 0.07723286664828843
vn -0.5142720802590081 -0.8552137984612561 -0.06429297308059857
vn -0.5142720802590081 -0.8552137984612561 -0.06429297308059857
vn -0.5142720802590081 -0.8552137984612561 -0.06429297308059857
vn -0.5142720802590081 -0.8552137984612561 -0.06429297308059857
vn -0.3668622868853155 -0.9257564884019511 -0.0915804926988523
vn -0.3668622868853155 -0.9257564884019511 -0.0915804926988523
vn -0.3668622868853155 -0.9257564884019511 -0.0915804926988523
vn -0.3668622868853155 -0.9257564884019511 -0.0915804926988523
vn -0.5481274578052875 -0.8307629602471558 -0.0968978528208714
vn -0.5481274578052875 -0.8307629602471558 -0.0968978528208714
vn -0.5481274578052875 -0.8307629602471558 -0.0968978528208714
vn -0.5481274578052875 -0.8307629602471558 -0.0968978528208714
vn -0.30041613797195876 0.9385873557358485 -0.16971717561520036
vn -0.30041613797195876 0.9385873557358485 -0.16971717561520036
vn -0.30041613797195876 0.9385873557358485 -0.16971717561520036
vn -0.30041613797195876 0.9385873557358485 -0.16971717561520036
vn -0.5414993102532122 0.8379711409105108 -0.06769685366715557
vn -0.5414993102532122 0.8379711409105108 -0.06769685366715557
vn -0.5414993102532122 0.8379711409105108 -0.06769685366715557
vn -0.5414993102532122 0.8379711409105108 -0.06769685366715557
vn -0.4346064554596134 0.8940619677018461 -0.1084915977480953
vn -0.4346064554596134 0.8940619677018461 -0.1084915977480953
vn -0.4346064554596134 0.8940619677018461 -0.1084915977480953
vn -0.4346064554596134 0.8940619677018461 -0.1084915977480953
vn -0.5505307241765911 -0.834714460920207 -0.012949535446745094
vn -0.5505307241765911 -0.834714460920207 -0.012949535446745094
vn -0.5505307241765911 -0.834714460920207 -0.012949535446745094
vn -0.5505307241765911 -0.834714460920207 -0.012949535446745094
vn -0.44367564016944316 -0.8919271289484525 -0.08728071359702216
vn -0.44367564016944316 -0.8919271289484525 -0.08728071359702216
vn -0.44367564016944316 -0.8919271289484525 -0.08728071359702216
vn -0.44367564016944316 -0.8919271289484525 -0.08728071359702216
vn -0.5136935768617392 0.7765968529209222 -0.3647139113391646
vn -0.5136935768617392 0.7765968529209222 -0.3647139113391646
vn -0.5136935768617392 0.7765968529209222 -0.3647139113391646
vn -0.5136935768617392 0.7765968529209222 -0.3647139113391646
vn 1 0 0
vn 1 0 0
vn 1 0 0
vn 1 0 0
vn 0.7983768501132211 0 0.6021581230900163
vn 0.7983768501132211 0 0.6021581230900163
vn 0.7983768501132211 0 0.6021581230900163
vn 0.7983768501132211 0 0.6021581230900163
vn 0.5494591032870287 0.7374106692790444 0.3928360964173811
vn 0.5494591032870287 0.7374106692790444 0.3928360964173811
vn 0.5494591032870287 0.7374106692790444 0.3928360964173811
vn 0.5494591032870287 0.7374106692790444 0.3928360964173811
vn 0 1 0
vn 0 1 0
vn 0 1 0
vn 0 1 0
vn 0 1 0
vn 0 1 0
vn 0 1 0
vn 0 1 0
vn 0 1 0
vn 0 1 0
vn 0 1 0
vn 0 1 0
vn 0 1 0
vn 0 1 0
vn 0 1 0
vn 0 1 0
vn 0 1 0
vn 0 1 0
vn 0 1 0
vn 0 1 0
vn -0.058651344721149995 0.9982785281485327 0
vn -0.058651344721149995 0.9982785281485327 0
vn -0.058651344721149995 0.9982785281485327 0
vn -0.058651344721149995 0.9982785281485327 0
vn -0.0696823443664293 0.9975663362288425 -0.0024032699727974706
vn -0.0696823443664293 0.9975663362288425 -0.0024032699727974706
vn -0.0696823443664293 0.9975663362288425 -0.0024032699727974706
vn -0.0696823443664293 0.9975663362288425 -0.0024032699727974706
vn -0.03613129704439404 0.9993470515160835 0
vn -0.03613129704439404 0.9993470515160835 0
vn -0.03613129704439404 0.9993470515160835 0
vn -0.03613129704439404 0.9993470515160835 0
vn 0 1 0
vn 0 1 0
vn 0 1 0
vn 0 1 0
vn 0 1 0
vn 0 1 0
vn 0 1 0
vn 0 1 0
vn 0 1 0
vn 0 1 0
vn 0 1 0
vn 0 1 0
vn 0 0.9999893829780074 0.004608028999910952
vn 0 0.9999893829780074 0.004608028999910952
vn 0 0.9999893829780074 0.004608028999910952
vn 0 0.9999893829780074 0.004608028999910952
vn 0 -1 0
vn 0 -1 0
vn 0 -1 0
vn 0 -1 0
vn 0 -1 0
vn 0 -1 0
vn 0 -1 0
vn 0 -1 0
vn 0 -1 0
vn 0 -1 0
vn 0 -1 0
vn 0 -1 0
vn 0 -1 0
vn 0 -1 0
vn 0 -1 0
vn 0 -1 0
vn 0 1 0
vn 0 1 0
vn 0 1 0
vn 0 -1 0
vn 0 -1 0
vn 0 -1 0
vn -0.22532106556736492 0.9674481586701879 -0.11521491959486092
vn -0.22532106556736492 0.9674481586701879 -0.11521491959486092
vn -0.22532106556736492 0.9674481586701879 -0.11521491959486092
vn -0.8903976195984277 0.003645455045398462 -0.45516896826449577
vn -0.8903976195984277 0.003645455045398462 -0.45516896826449577
vn -0.8903976195984277 0.003645455045398462 -0.45516896826449577
vn -0.8903976195984277 0.003645455045398462 -0.45516896826449577
vn -0.2253532107290732 -0.9674424510383823 -0.11519997544680799
vn -0.2253532107290732 -0.9674424510383823 -0.11519997544680799
vn -0.2253532107290732 -0.9674424510383823 -0.11519997544680799
vn -0.8943074370597824 0 0.44745302325446784
vn -0.8943074370597824 0 0.44745302325446784
vn -0.8943074370597824 0 0.44745302325446784
vn -0.8943074370597824 0 0.44745302325446784
vn -0.7822989899029623 0 0.6229031147753272
vn -0.7822989899029623 0 0.6229031147753272
vn -0.7822989899029623 0 0.6229031147753272
vn -0.7822989899029623 0 0.6229031147753272
vn -0.9621592233497117 0 0.2724878509641841
vn -0.9621592233497117 0 0.2724878509641841
vn -0.9621592233497117 0 0.2724878509641841
vn -0.9621592233497117 0 0.2724878509641841
vn -0.9999976485248407 0 -0.0021686273975073437
vn -0.9999976485248407 0 -0.0021686273975073437
vn -0.9999976485248407 0 -0.0021686273975073437
vn -0.9999976485248407 0 -0.0021686273975073437
vn -0.9999999849773871 0 0.00017333558674811038
vn -0.9999999849773871 0 0.00017333558674811038
vn -0.9999999849773871 0 0.00017333558674811038
vn -0.9999999849773871 0 0.00017333558674811038
vn -1 0 0
vn -1 0 0
vn -1 0 0
vn -1 0 0
vn -0.9791470062210379 0 -0.20315299704503195
vn -0.9791470062210379 0 -0.20315299704503195
vn -0.9791470062210379 0 -0.20315299704503195
vn -0.9791470062210379 0 -0.20315299704503195
vn -0.25380990189654984 0.8081277698176897 0.5315167366591111
vn -0.25380990189654984 0.8081277698176897 0.5315167366591111
vn -0.25380990189654984 0.8081277698176897 0.5315167366591111
vn -0.49780067776570214 -0.8579736347674356 0.12679009133194416
vn -0.49780067776570214 -0.8579736347674356 0.12679009133194416
vn -0.49780067776570214 -0.8579736347674356 0.12679009133194416
vn -0.49780067776570214 -0.8579736347674356 0.12679009133194416
vn -0.25574421421160176 -0.805630013710908 0.5343736313717703
vn -0.25574421421160176 -0.805630013710908 0.5343736313717703
vn -0.25574421421160176 -0.805630013710908 0.5343736313717703
vn -0.3271882234771029 0.919599353920615 0.2174509017840236
vn -0.3271882234771029 0.919599353920615 0.2174509017840236
vn -0.3271882234771029 0.919599353920615 0.2174509017840236
vn -0.3271882234771029 0.919599353920615 0.2174509017840236
vn -0.512914659288718 0.8484408287445352 0.13063962800783227
vn -0.512914659288718 0.8484408287445352 0.13063962800783227
vn -0.512914659288718 0.8484408287445352 0.13063962800783227
vn -0.512914659288718 0.8484408287445352 0.13063962800783227
vn -0.3707598785945733 0.8980710603626504 -0.23665477591555678
vn -0.3707598785945733 0.8980710603626504 -0.23665477591555678
vn -0.3707598785945733 0.8980710603626504 -0.23665477591555678
vn -0.3707598785945733 0.8980710603626504 -0.23665477591555678
vn -0.49375155122351044 -0.8053118513834561 0.32814970316263803
vn -0.49375155122351044 -0.8053118513834561 0.32814970316263803
vn -0.49375155122351044 -0.8053118513834561 0.32814970316263803
vn -0.49375155122351044 -0.8053118513834561 0.32814970316263803
vn -0.297964810670048 -0.9354382732808164 -0.1901899273982906
vn -0.297964810670048 -0.9354382732808164 -0.1901899273982906
vn -0.297964810670048 -0.9354382732808164 -0.1901899273982906
vn -0.297964810670048 -0.9354382732808164 -0.1901899273982906
vn -0.7830965537497667 0 0.6219001427120263
vn -0.7830965537497667 0 0.6219001427120263
vn -0.7830965537497667 0 0.6219001427120263
vn -0.7830965537497667 0 0.6219001427120263
vn -0.1590707872034784 0 0.9872671799763556
vn -0.1590707872034784 0 0.9872671799763556
vn -0.1590707872034784 0 0.9872671799763556
vn -0.1590707872034784 0 0.9872671799763556
vn 0 1 0
vn 0 1 0
vn 0 1 0
vn 0 1 0
vn -0.3272559933075434 0.9012281873369974 -0.28406208686405704
vn -0.3272559933075434 0.9012281873369974 -0.28406208686405704
vn -0.3272559933075434 0.9012281873369974 -0.28406208686405704
vn -0.3272559933075434 0.9012281873369974 -0.28406208686405704
vn -0.052494918099500444 -0.9930700855470955 0.10514793752238355
vn -0.052494918099500444 -0.9930700855470955 0.10514793752238355
vn -0.052494918099500444 -0.9930700855470955 0.10514793752238355
vn -0.052494918099500444 -0.9930700855470955 0.10514793752238355
f 1/1/1 2/2/2 3/3/3
f 1/1/1 3/3/3 4/4/4
f 5/5/5 6/6/6 7/7/7
f 5/5/5 7/7/7 8/8/8
f 9/9/9 10/10/10 11/11/11
f 9/9/9 11/11/11 12/12/12
f 13/13/13 14/14/14 15/15/15
f 13/13/13 15/15/15 16/16/16
f 17/17/17 18/18/18 19/19/19
f 17/17/17 19/19/19 20/20/20
f 21/21/21 22/22/22 23/23/23
f 21/21/21 23/23/23 24/24/24
f 25/25/25 26/26/26 27/27/27
f 25/25/25 27/27/27 28/28/28
f 29/29/29 30/30/30 31/31/31
f 29/29/29 31/31/31 32/32/32
f 33/33/33 34/34/34 35/35/35
f 33/33/33 35/35/35 36/36/36
f 37/37/37 38/38/38 39/39/39
f 40/40/40 41/41/41 42/42/42
f 40/40/40 42/42/42 43/43/43
f 44/44/44 45/45/45 46/46/46
f 47/47/47 48/48/48 49/49/49
f 47/47/47 49/49/49 50/50/50
f 51/51/51 52/52/52 53/53/53
f 51/51/51 53/53/53 54/54/54
f 55/55/55 56/56/56 57/57/57
f 55/55/55 57/57/57 58/58/58
f 59/59/59 60/60/60 61/61/61
f 62/62/62 63/63/63 64/64/64
f 62/62/62 64/64/64 65/65/65
f 66/66/66 67/67/67 68/68/68
f 69/69/69 70/70/70 71/71/71
f 69/69/69 71/71/71 72/72/72
f 73/73/73 74/74/74 75/75/75
f 73/73/73 75/75/75 76/76/76
f 77/77/77 78/78/78 79/79/79
f 77/77/77 79/79/79 80/80/80
f 81/81/81 82/82/82 83/83/83
f 81/81/81 83/83/83 84/84/84
f 85/85/85 86/86/86 87/87/87
f 85/85/85 87/87/87 88/88/88
f 89/89/89 90/90/90 91/91/91
f 89/89/89 91/91/91 92/92/92
f 93/93/93 94/94/94 95/95/95
f 93/93/93 95/95/95 96/96/96
f 97/97/97 98/98/98 99/99/99
f 97/97/97 99/99/99 100/100/100
f 101/101/101 102/102/102 103/103/103
f 101/101/101 103/103/103 104/104/104
f 105/105/105 106/106/106 107/107/107
f 105/105/105 107/107/107 108/108/108
f 109/109/109 110/110/110 111/111/111
f 109/109/109 111/111/111 112/112/112
f 113/113/113 114/114/114 115/115/115
f 113/113/113 115/115/115 116/116/116
f 117/117/117 118/118/118 119/119/119
f 117/117/117 119/119/119 120/120/120
f 121/121/121 122/122/122 123/123/123
f 121/121/121 123/123/123 124/124/124
f 125/125/125 126/126/126 127/127/127
f 125/125/125 127/127/127 128/128/128
f 129/129/129 130/130/130 131/131/131
f 129/129/129 131/131/131 132/132/132
f 133/133/133 134/134/134 135/135/135
f 133/133/133 135/135/135 136/136/136
f 137/137/137 138/138/138 139/139/139
f 137/137/137 139/139/139 140/140/140
f 141/141/141 142/142/142 143/143/143
f 141/141/141 143/143/143 144/144/144
f 145/145/145 146/146/146 147/147/147
f 145/145/145 147/147/147 148/148/148
f 149/149/149 150/150/150 151/151/151
f 149/149/149 151/151/151 152/152/152
f 153/153/153 154/154/154 155/155/155
f 153/153/153 155/155/155 156/156/156
f 157/157/157 158/158/158 159/159/159
f 157/157/157 159/159/159 160/160/160
f 161/161/161 162/162/162 163/163/163
f 161/161/161 163/163/163 164/164/164
f 165/165/165 166/166/166 167/167/167
f 165/165/165 167/167/167 168/168/168
f 169/169/169 170/170/170 171/171/171
f 169/169/169 171/171/171 172/172/172
f 173/173/173 174/174/174 175/175/175
f 173/173/173 175/175/175 176/176/176
f 177/177/177 178/178/178 179/179/179
f 177/177/177 179/179/179 180/180/180
f 181/181/181 182/182/182 183/183/183
f 181/181/181 183/183/183 184/184/184
f 185/185/185 186/186/186 187/187/187
f 185/185/185 187/187/187 188/188/188
f 189/189/189 190/190/190 191/191/191
f 189/189/189 191/191/191 192/192/192
f 193/193/193 194/194/194 195/195/195
f 193/193/193 195/195/195 196/196/196
f 197/197/197 198/198/198 199/199/199
f 197/197/197 199/199/199 200/200/200
f 201/201/201 202/202/202 203/203/203
f 201/201/201 203/203/203 204/204/204
f 205/205/205 206/206/206 207/207/207
f 205/205/205 207/207/207 208/208/208
f 209/209/209 210/210/210 211/211/211
f 209/209/209 211/211/211 212/212/212
f 213/213/213 214/214/214 215/215/215
f 213/213/213 215/215/215 216/216/216
f 217/217/217 218/218/218 219/219/219
f 217/217/217 219/219/219 220/220/220
f 221/221/221 222/222/222 223/223/223
f 221/221/221 223/223/223 224/224/224
f 225/225/225 226/226/226 227/227/227
f 225/225/225 227/227/227 228/228/228
f 229/229/229 230/230/230 231/231/231
f 229/229/229 231/231/231 232/232/232
f 233/233/233 234/234/234 235/235/235
f 233/233/233 235/235/235 236/236/236
f 237/237/237 238/238/238 239/239/239
f 237/237/237 239/239/239 240/240/240
f 241/241/241 242/242/242 243/243/243
f 241/241/241 243/243/243 244/244/244
f 245/245/245 246/246/246 247/247/247
f 245/245/245 247/247/247 248/248/248
f 249/249/249 250/250/250 251/251/251
f 249/249/249 251/251/251 252/252/252
f 253/253/253 254/254/254 255/255/255
f 253/253/253 255/255/255 256/256/256
f 257/257/257 258/258/258 259/259/259
f 257/257/257 259/259/259 260/260/260
f 261/261/261 262/262/262 263/263/263
f 261/261/261 263/263/263 264/264/264
f 265/265/265 266/266/266 267/267/267
f 265/265/265 267/267/267 268/268/268
f 269/269/269 270/270/270 271/271/271
f 269/269/269 271/271/271 272/272/272
f 273/273/273 274/274/274 275/275/275
f 273/273/273 275/275/275 276/276/276
f 277/277/277 278/278/278 279/279/279
f 280/280/280 281/281/281 282/282/282
f 283/283/283 284/284/284 285/285/285
f 286/286/286 287/287/287 288/288/288
f 286/286/286 288/288/288 289/289/289
f 290/290/290 291/291/291 292/292/292
f 293/293/293 294/294/294 295/295/295
f 293/293/293 295/295/295 296/296/296
f 297/297/297 298/298/298 299/299/299
f 297/297/297 299/299/299 300/300/300
f 301/301/301 302/302/302 303/303/303
f 301/301/301 303/303/303 304/304/304
f 305/305/305 306/306/306 307/307/307
f 305/305/305 307/307/307 308/308/308
f 309/309/309 310/310/310 311/311/311
f 309/309/309 311/311/311 312/312/312
f 313/313/313 314/314/314 315/315/315
f 313/313/313 315/315/315 316/316/316
f 317/317/317 318/318/318 319/319/319
f 317/317/317 319/319/319 320/320/320
f 321/321/321 322/322/322 323/323/323
f 324/324/324 325/325/325 326/326/326
f 324/324/324 326/326/326 327/327/327
f 328/328/328 329/329/329 330/330/330
f 331/331/331 332/332/332 333/333/333
f 331/331/331 333/333/333 334/334/334
f 335/335/335 336/336/336 337/337/337
f 335/335/335 337/337/337 338/338/338
f 339/339/339 340/340/340 341/341/341
f 339/339/339 341/341/341 342/342/342
f 343/343/343 344/344/344 345/345/345
f 343/343/343 345/345/345 346/346/346
f 347/347/347 348/348/348 349/349/349
f 347/347/347 349/349/349 350/350/350
f 351/351/351 352/352/352 353/353/353
f 351/351/351 353/353/353 354/354/354
f 355/355/355 356/356/356 357/357/357
f 355/355/355 357/357/357 358/358/358
f 359/359/359 360/360/360 361/361/361
f 359/359/359 361/361/361 362/362/362
f 363/363/363 364/364/364 365/365/365
f 363/363/363 365/365/365 366/366/366
f 367/367/367 368/368/368 369/369/369
f 367/367/367 369/369/369 370/370/370
f 373/373/373 372/372/372 371/371/371
f 374/374/374 373/373/373 371/371/371
f 377/377/377 376/376/376 375/375/375
f 378/378/378 377/377/377 375/375/375
f 381/381/381 380/380/380 379/379/379
f 382/382/382 381/381/381 379/379/379
f 385/385/385 384/384/384 383/383/383
f 386/386/386 385/385/385 383/383/383
f 389/389/389 388/388/388 387/387/387
f 390/390/390 389/389/389 387/387/387
f 393/393/393 392/392/392 391/391/391
f 394/394/394 393/393/393 391/391/391
f 397/397/397 396/396/396 395/395/395
f 398/398/398 397/397/397 395/395/395
f 401/401/401 400/400/400 399/399/399
f 402/402/402 401/401/401 399/399/399
f 405/405/405 404/404/404 403/403/403
f 406/406/406 405/405/405 403/403/403
f 409/409/409 408/408/408 407/407/407
f 412/412/412 411/411/411 410/410/410
f 413/413/413 412/412/412 410/410/410
f 416/416/416 415/415/415 414/414/414
f 419/419/419 418/418/418 417/417/417
f 420/420/420 419/419/419 417/417/417
f 423/423/423 422/422/422 421/421/421
f 424/424/424 423/423/423 421/421/421
f 427/427/427 426/426/426 425/425/425
f 428/428/428 427/427/427 425/425/425
f 431/431/431 430/430/430 429/429/429
f 434/434/434 433/433/433 432/432/432
f 435/435/435 434/434/434 432/432/432
f 438/438/438 437/437/437 436/436/436
f 441/441/441 440/440/440 439/439/439
f 442/442/442 441/441/441 439/439/439
f 445/445/445 444/444/444 443/443/443
f 446/446/446 445/445/445 443/443/443
f 449/449/449 448/448/448 447/447/447
f 450/450/450 449/449/449 447/447/447
f 453/453/453 452/452/452 451/451/451
f 454/454/454 453/453/453 451/451/451
f 457/457/457 456/456/456 455/455/455
f 458/458/458 457/457/457 455/455/455
f 461/461/461 460/460/460 459/459/459
f 462/462/462 461/461/461 459/459/459
f 465/465/465 464/464/464 463/463/463
f 466/466/466 465/465/465 463/463/463
f 469/469/469 468/468/468 467/467/467
f 470/470/470 469/469/469 467/467/467
f 473/473/473 472/472/472 471/471/471
f 474/474/474 473/473/473 471/471/471
f 477/477/477 476/476/476 475/475/475
f 478/478/478 477/477/477 475/475/475
f 481/481/481 480/480/480 479/479/479
f 482/482/482 481/481/481 479/479/479
f 485/485/485 484/484/484 483/483/483
f 486/486/486 485/485/485 483/483/483
f 489/489/489 488/488/488 487/487/487
f 490/490/490 489/489/489 487/487/487
f 493/493/493 492/492/492 491/491/491
f 494/494/494 493/493/493 491/491/491
f 497/497/497 496/496/496 495/495/495
f 498/498/498 497/497/497 495/495/495
f 501/501/501 500/500/500 499/499/499
f 502/502/502 501/501/501 499/499/499
f 505/505/505 504/504/504 503/503/503
f 506/506/506 505/505/505 503/503/503
f 509/509/509 508/508/508 507/507/507
f 510/510/510 509/509/509 507/507/507
f 513/513/513 512/512/512 511/511/511
f 514/514/514 513/513/513 511/511/511
f 517/517/517 516/516/516 515/515/515
f 518/518/518 517/517/517 515/515/515
f 521/521/521 520/520/520 519/519/519
f 522/522/522 521/521/521 519/519/519
f 525/525/525 524/524/524 523/523/523
f 526/526/526 525/525/525 523/523/523
f 529/529/529 528/528/528 527/527/527
f 530/530/530 529/529/529 527/527/527
f 533/533/533 532/532/532 531/531/531
f 534/534/534 533/533/533 531/531/531
f 537/537/537 536/536/536 535/535/535
f 538/538/538 537/537/537 535/535/535
f 541/541/541 540/540/540 539/539/539
f 542/542/542 541/541/541 539/539/539
f 545/545/545 544/544/544 543/543/543
f 546/546/546 545/545/545 543/543/543
f 549/549/549 548/548/548 547/547/547
f 550/550/550 549/549/549 547/547/547
f 553/553/553 552/552/552 551/551/551
f 554/554/554 553/553/553 551/551/551
f 557/557/557 556/556/556 555/555/555
f 558/558/558 557/557/557 555/555/555
f 561/561/561 560/560/560 559/559/559
f 562/562/562 561/561/561 559/559/559
f 565/565/565 564/564/564 563/563/563
f 566/566/566 565/565/565 563/563/563
f 569/569/569 568/568/568 567/567/567
f 570/570/570 569/569/569 567/567/567
f 573/573/573 572/572/572 571/571/571
f 574/574/574 573/573/573 571/571/571
f 577/577/577 576/576/576 575/575/575
f 578/578/578 577/577/577 575/575/575
f 581/581/581 580/580/580 579/579/579
f 582/582/582 581/581/581 579/579/579
f 585/585/585 584/584/584 583/583/583
f 586/586/586 585/585/585 583/583/583
f 589/589/589 588/588/588 587/587/587
f 590/590/590 589/589/589 587/587/587
f 593/593/593 592/592/592 591/591/591
f 594/594/594 593/593/593 591/591/591
f 597/597/597 596/596/596 595/595/595
f 598/598/598 597/597/597 595/595/595
f 601/601/601 600/600/600 599/599/599
f 602/602/602 601/601/601 599/599/599
f 605/605/605 604/604/604 603/603/603
f 606/606/606 605/605/605 603/603/603
f 609/609/609 608/608/608 607/607/607
f 610/610/610 609/609/609 607/607/607
f 613/613/613 612/612/612 611/611/611
f 614/614/614 613/613/613 611/611/611
f 617/617/617 616/616/616 615/615/615
f 618/618/618 617/617/617 615/615/615
f 621/621/621 620/620/620 619/619/619
f 622/622/622 621/621/621 619/619/619
f 625/625/625 624/624/624 623/623/623
f 626/626/626 625/625/625 623/623/623
f 629/629/629 628/628/628 627/627/627
f 630/630/630 629/629/629 627/627/627
f 633/633/633 632/632/632 631/631/631
f 634/634/634 633/633/633 631/631/631
f 637/637/637 636/636/636 635/635/635
f 638/638/638 637/637/637 635/635/635
f 641/641/641 640/640/640 639/639/639
f 642/642/642 641/641/641 639/639/639
f 645/645/645 644/644/644 643/643/643
f 646/646/646 645/645/645 643/643/643
f 649/649/649 648/648/648 647/647/647
f 652/652/652 651/651/651 650/650/650
f 655/655/655 654/654/654 653/653/653
f 658/658/658 657/657/657 656/656/656
f 659/659/659 658/658/658 656/656/656
f 662/662/662 661/661/661 660/660/660
f 665/665/665 664/664/664 663/663/663
f 666/666/666 665/665/665 663/663/663
f 669/669/669 668/668/668 667/667/667
f 670/670/670 669/669/669 667/667/667
f 673/673/673 672/672/672 671/671/671
f 674/674/674 673/673/673 671/671/671
f 677/677/677 676/676/676 675/675/675
f 678/678/678 677/677/677 675/675/675
f 681/681/681 680/680/680 679/679/679
f 682/682/682 681/681/681 679/679/679
f 685/685/685 684/684/684 683/683/683
f 686/686/686 685/685/685 683/683/683
f 689/689/689 688/688/688 687/687/687
f 690/690/690 689/689/689 687/687/687
f 693/693/693 692/692/692 691/691/691
f 696/696/696 695/695/695 694/694/694
f 697/697/697 696/696/696 694/694/694
f 700/700/700 699/699/699 698/698/698
f 703/703/703 702/702/702 701/701/701
f 704/704/704 703/703/703 701/701/701
f 707/707/707 706/706/706 705/705/705
f 708/708/708 707/707/707 705/705/705
f 711/711/711 710/710/710 709/709/709
f 712/712/712 711/711/711 709/709/709
f 715/715/715 714/714/714 713/713/713
f 716/716/716 715/715/715 713/713/713
f 719/719/719 718/718/718 717/717/717
f 720/720/720 719/719/719 717/717/717
f 723/723/723 722/722/722 721/721/721
f 724/724/724 723/723/723 721/721/721
f 727/727/727 726/726/726 725/725/725
f 728/728/728 727/727/727 725/725/725
f 731/731/731 730/730/730 729/729/729
f 732/732/732 731/731/731 729/729/729
f 735/735/735 734/734/734 733/733/733
f 736/736/736 735/735/735 733/733/733
f 739/739/739 738/738/738 737/737/737
f 740/740/740 739/739/739 737/737/737
o CrossGuard
usemtl sword_HandleGuard
v 0.0929226353764534 0.03956210985779762 0.037424758076667786
v 0.0929226353764534 0.02210133895277977 0.08782975375652313
v 0.1459522396326065 0.02210133895277977 0.0966818556189537
v 0.1613476276397705 0.04124598577618599 0.05654400959610939
v 0.0929226353764534 -0.04542910307645798 0.08782975375652313
v 0 0.02210133895277977 0.08782975375652313
v 0 -0.04542910307645798 0.08782975375652313
v 0 -0.03444098308682442 0.03300817310810089
v 0.0929226353764534 -0.056182023137807846 0.037424758076667786
v 0 -0.04542910307645798 0.08782975375652313
v 0 0.035449009388685226 0.03300817310810089
v 0 0.02210133895277977 0.08782975375652313
v 0.17330273985862732 0.02210133895277977 0.10832952708005905
v 0.19219842553138733 0.036959946155548096 0.06953659653663635
v 0.1459522396326065 -0.021000295877456665 0.0966818556189537
v 0.1613476276397705 -0.04443735629320145 0.05654400959610939
v 0.17330273985862732 -0.021000295877456665 0.10832952708005905
v 0.2126474380493164 -0.01764942705631256 0.13275305926799774
v 0.2126474380493164 0.02210133895277977 0.13275305926799774
v 0.19219842553138733 -0.031043576076626778 0.06953659653663635
v 0.24002888798713684 0.03561936318874359 0.09961213916540146
v 0.2495291382074356 0.014755255542695522 0.16176027059555054
v 0.2714669108390808 0.030292421579360962 0.13365216553211212
v 0.24002888798713684 -0.041052162647247314 0.09961213916540146
v 0.2495291382074356 -0.013272474519908428 0.16176027059555054
v 0.2714669108390808 -0.03389635309576988 0.13365216553211212
v 0.2814447283744812 0.010004336014389992 0.19265739619731903
v 0.2814447283744812 -0.008903294801712036 0.19265739619731903
v 0.3137938976287842 -0.0035306382924318314 0.23177729547023773
v 0.3137938976287842 0.001933711115270853 0.23177729547023773
v 0.298003226518631 -0.023841053247451782 0.17802982032299042
v 0.298003226518631 0.01931879296898842 0.17802982032299042
v 0.3137938976287842 0.001933711115270853 0.23177729547023773
v 0.217575341463089 -0.00868741050362587 0.04129522666335106
v 0.217575341463089 0.00872144103050232 0.04129522666335106
v 0.25295290350914 -0.0043710097670555115 -0.006079133599996567
v 0.17447689175605774 -0.03400176018476486 0.00889129564166069
v 0.2044844776391983 -0.017140764743089676 -0.04205423220992088
v 0.17447689175605774 0.03400176018476486 0.00889129564166069
v 0.2044844776391983 0.01723223552107811 -0.04205423220992088
v 0.12352389842271805 0.03052077628672123 -0.07173267751932144
v 0.1299346685409546 0.035078391432762146 -0.017707861959934235
v 0.25295290350914 0.004428453743457794 -0.006079133599996567
v 0.12352389842271805 -0.019174344837665558 -0.07173267751932144
v 0.1299346685409546 -0.03400176018476486 -0.017707861959934235
v 0 -0.05305633693933487 -0.055415622889995575
v 0 -0.041743405163288116 -0.10475536435842514
v 0 0.0366753414273262 -0.1044459193944931
v 0.11185252666473389 0.02532913349568844 -0.11981415748596191
v 0 0.037977252155542374 -0.11893221735954285
v 0 0.03545878082513809 -0.055434104055166245
v 0.19219842553138733 0.036959946155548096 0.06953659653663635
v 0.217575341463089 0.00872144103050232 0.04129522666335106
v 0.17447689175605774 0.03400176018476486 0.00889129564166069
v 0.1613476276397705 0.04124598577618599 0.05654400959610939
v 0.217575341463089 -0.00868741050362587 0.04129522666335106
v 0.19219842553138733 -0.031043576076626778 0.06953659653663635
v 0.1613476276397705 -0.04443735629320145 0.05654400959610939
v 0.17447689175605774 -0.03400176018476486 0.00889129564166069
v 0.11185252666473389 -0.02031511440873146 -0.11981415748596191
v 0 -0.044373445212841034 -0.11924166977405548
v 0.023856766521930695 -0.03833581879734993 -0.15070602297782898
v 0.11165536940097809 -0.01980690099298954 -0.15015041828155518
v 0.06160712242126465 -0.03821434825658798 -0.20901203155517578
v 0.11130751669406891 -0.019685426726937294 -0.20680415630340576
v 0.11165536940097809 0.023949353024363518 -0.15015041828155518
v 0.023605437949299812 0.03907115012407303 -0.15046070516109467
v 0 0.0440993569791317 -0.14601442217826843
v 0 0.03912976011633873 -0.17195378243923187
v 0 -0.03827720880508423 -0.1721991002559662
v 0 -0.043311912566423416 -0.1720767766237259
v 0 0.0441579669713974 -0.17176732420921326
v 0 -0.04337052255868912 -0.14632387459278107
v 0.06160712242126465 0.039192624390125275 -0.20901203155517578
v 0.11130751669406891 0.022548068314790726 -0.20680415630340576
v 0.11128512769937515 0.02043706551194191 -0.4016125202178955
v 0.059912171214818954 0.039192624390125275 -0.4127659201622009
v 0.11128512769937515 -0.019685426726937294 -0.4016125202178955
v 0.12995482981204987 -0.018831972032785416 -0.46874359250068665
v 0.12995482981204987 0.019576620310544968 -0.46874359250068665
v 0.059912171214818954 -0.03821434825658798 -0.4127659201622009
v 0.07805375009775162 -0.040598064661026 -0.48926880955696106
v 0.07805375009775162 0.041583336889743805 -0.48926880955696106
v 0.12462200224399567 0.03493699058890343 -0.5292093753814697
v 0.12462200224399567 -0.03397851064801216 -0.5292093753814697
v 0.1609603464603424 0.020162122324109077 -0.5055127143859863
v 0.1804676204919815 0.020951705053448677 -0.5428072214126587
v 0.17663538455963135 0.03241848573088646 -0.5510517358779907
v 0.1609603464603424 -0.01939067803323269 -0.5055127143859863
v 0.1804676204919815 -0.020180264487862587 -0.5428072214126587
v 0.17663538455963135 -0.031460005789995193 -0.5510517358779907
v 0.2814447283744812 0.010004336014389992 0.19265739619731903
v 0.2814447283744812 -0.008903294801712036 0.19265739619731903
v 0.28654050827026367 -0.008003746159374714 0.11692062020301819
v 0.28654050827026367 0.0069852168671786785 0.11692062020301819
v 0.3253011107444763 0.007163546979427338 0.07599550485610962
v 0.3253011107444763 -0.008182075805962086 0.07599550485610962
v 0.3540937900543213 -0.026149095967411995 0.10393421351909637
v 0.3393707275390625 -0.026149095967411995 0.0896478220820427
v 0.37661316990852356 -0.02595704048871994 0.048277996480464935
v 0.3921162784099579 -0.02595704048871994 0.06147805601358414
v 0.3667135536670685 -0.007722056470811367 0.1161796897649765
v 0.3667135536670685 0.006703528575599194 0.1161796897649765
v 0.3269904553890228 0.00653589004650712 0.15617085993289948
v 0.3269904553890228 -0.007554418873041868 0.15617085993289948
v 0.31466397643089294 0.02453465387225151 0.14420998096466064
v 0.2971063256263733 0.008609902113676071 0.20147687196731567
v 0.31296655535697937 0.001913432846777141 0.2297791838645935
v 0.31466397643089294 -0.025553181767463684 0.14420998096466064
v 0.3393707275390625 0.02513056807219982 0.0896478220820427
v 0.3253011107444763 0.007163546979427338 0.07599550485610962
v 0.28654050827026367 0.0069852168671786785 0.11692062020301819
v 0.30028313398361206 0.02453465387225151 0.13025563955307007
v 0.3540937900543213 0.02513056807219982 0.10393421351909637
v 0.3253011107444763 -0.008182075805962086 0.07599550485610962
v 0.30028313398361206 -0.025553181767463684 0.13025563955307007
v 0.28654050827026367 -0.008003746159374714 0.11692062020301819
v 0.4054046869277954 0.006649501156061888 0.07279238849878311
v 0.4054046869277954 -0.007668029051274061 0.07279238849878311
v 0.44129425287246704 -0.008209915831685066 0.027029745280742645
v 0.44129425287246704 0.007191387936472893 0.027029745280742645
v 0.36179813742637634 0.0071060736663639545 0.035663796588778496
v 0.36179813742637634 -0.00812460295855999 0.035663796588778496
v 0.27980858087539673 -0.019171904772520065 0.15329258143901825
v 0.269024133682251 -0.006094121839851141 0.13625983893871307
v 0.3921162784099579 0.024938512593507767 0.06147805601358414
v 0.269024133682251 -0.006094121839851141 0.13625983893871307
v 0.269024133682251 0.005075604189187288 0.13625983893871307
v 0.2971063256263733 -0.009628420695662498 0.20147687196731567
v 0.31296655535697937 -0.0029319501481950283 0.2297791838645935
v 0.27980858087539673 0.018153388053178787 0.15329258143901825
v 0.269024133682251 0.005075604189187288 0.13625983893871307
v 0.36179813742637634 0.0071060736663639545 0.035663796588778496
v 0.37661316990852356 0.024938512593507767 0.048277996480464935
v 0.4069991111755371 0.02686479687690735 0.005156993865966797
v 0.38935211300849915 0.007682520896196365 -0.006097912788391113
v 0.4254657030105591 0.02686479687690735 0.016934633255004883
v 0.36179813742637634 -0.00812460295855999 0.035663796588778496
v 0.38935211300849915 -0.008701049722731113 -0.006097912788391113
v 0.38935211300849915 0.007682520896196365 -0.006097912788391113
v 0.4159834384918213 0.007995531894266605 -0.051867589354515076
v 0.4159834384918213 -0.009014060720801353 -0.051867589354515076
v 0.4731740951538086 0.007485631853342056 -0.023227617144584656
v 0.4557461440563202 0.02791077084839344 -0.031955160200595856
v 0.4254657030105591 -0.027883324772119522 0.016934633255004883
v 0.4069991111755371 -0.027883324772119522 0.005156993865966797
v 0.43541356921195984 -0.028929298743605614 -0.04213733226060867
v 0.4557461440563202 -0.028929298743605614 -0.031955160200595856
v 0.38935211300849915 -0.008701049722731113 -0.006097912788391113
v 0.49685966968536377 0.007561844773590565 -0.0756717175245285
v 0.47744327783584595 0.028181688860058784 -0.07886300981044769
v 0.45479080080986023 -0.029200216755270958 -0.08258619904518127
v 0.47744327783584595 -0.029200216755270958 -0.07886300981044769
v 0.4731740951538086 -0.00850415974855423 -0.023227617144584656
v 0.49685966968536377 -0.008580372668802738 -0.0756717175245285
v 0.43541356921195984 0.02791077084839344 -0.04213733226060867
v 0.4159834384918213 0.007995531894266605 -0.051867589354515076
v 0.4159834384918213 -0.009014060720801353 -0.051867589354515076
v 0.4331437647342682 -0.00909513421356678 -0.08614417910575867
v 0.44103842973709106 -0.011579545214772224 -0.12878789007663727
v 0.4678291380405426 -0.03750224411487579 -0.13786084949970245
v 0.5198940634727478 -0.010915831662714481 -0.1554933488368988
v 0.5198940634727478 0.009897303767502308 -0.1554933488368988
v 0.4331437647342682 0.008076605387032032 -0.08614417910575867
v 0.45479080080986023 0.028181688860058784 -0.08258619904518127
v 0.4678291380405426 0.03648371249437332 -0.13786084949970245
v 0.44103842973709106 0.010561016388237476 -0.12878789007663727
v 0.4331437647342682 0.008076605387032032 -0.08614417910575867
v 0.4331437647342682 -0.00909513421356678 -0.08614417910575867
v 0.4958641231060028 -0.03750224411487579 -0.14735530316829681
v 0.4958641231060028 0.03648371249437332 -0.14735530316829681
v 0.44103842973709106 -0.011579545214772224 -0.12878789007663727
v 0.44103842973709106 0.010561016388237476 -0.12878789007663727
v 0.4678291380405426 0.03648371249437332 -0.13786084949970245
v 0.4678291380405426 -0.03750224411487579 -0.13786084949970245
v 0.4958641231060028 -0.03750224411487579 -0.14735530316829681
v 0.4958641231060028 0.03648371249437332 -0.14735530316829681
v 0.2335037887096405 -0.0074073756113648415 0.10108107328414917
v 0.2335037887096405 0.006388846784830093 0.10108107328414917
v 0.28071483969688416 0.006552985869348049 0.047975920140743256
v 0.28071483969688416 -0.007571514695882797 0.047975920140743256
v 0.3085775375366211 -0.02410881593823433 0.072209931910038
v 0.29433003067970276 -0.02410881593823433 0.059817928820848465
v 0.33152225613594055 -0.026721633970737457 0.012856949120759964
v 0.34820792078971863 -0.026721633970737457 0.025563742965459824
v 0.3207896649837494 -0.00714810099452734 0.08283165842294693
v 0.3207896649837494 0.0061295730993151665 0.08283165842294693
v 0.27038344740867615 0.0059752753004431725 0.1375667303800583
v 0.27038344740867615 -0.006993802264332771 0.1375667303800583
v 0.25914496183395386 -0.02356032095849514 0.12644831836223602
v 0.29433003067970276 0.023090288043022156 0.059817928820848465
v 0.28071483969688416 0.006552985869348049 0.047975920140743256
v 0.2335037887096405 0.006388846784830093 0.10108107328414917
v 0.2460334300994873 0.022541793063282967 0.11347683519124985
v 0.3085775375366211 0.023090288043022156 0.072209931910038
v 0.25914496183395386 0.022541793063282967 0.12644831836223602
v 0.28071483969688416 -0.007571514695882797 0.047975920140743256
v 0.2460334300994873 -0.02356032095849514 0.11347683519124985
v 0.2335037887096405 -0.0074073756113648415 0.10108107328414917
v 0.3625100255012512 0.006864591501653194 0.03645527549088001
v 0.3625100255012512 -0.007883118465542793 0.03645527549088001
v 0.39006197452545166 -0.008179075084626675 -0.005169220268726349
v 0.39006197452545166 0.007160547189414501 -0.005169220268726349
v 0.31557711958885193 0.007334881462156773 0.0007141157984733582
v 0.31557711958885193 -0.008353411220014095 0.0007141157984733582
v 0.34820792078971863 0.025703106075525284 0.025563742965459824
v 0.31557711958885193 0.007334881462156773 0.0007141157984733582
v 0.33152225613594055 0.025703106075525284 0.012856949120759964
v 0.35476845502853394 0.026755165308713913 -0.025061771273612976
v 0.3366076648235321 0.0076497141271829605 -0.035297736525535583
v 0.37377262115478516 0.026755165308713913 -0.014350399374961853
v 0.31557711958885193 -0.008353411220014095 0.0007141157984733582
v 0.3366076648235321 -0.008668242953717709 -0.035297736525535583
v 0.3366076648235321 0.0076497141271829605 -0.035297736525535583
v 0.3579394817352295 0.008024335838854313 -0.07699978351593018
v 0.3579394817352295 -0.009042864665389061 -0.07699978351593018
v 0.4168037176132202 0.007512709125876427 -0.05143068730831146
v 0.3976554274559021 0.025649257004261017 -0.059748172760009766
v 0.37377262115478516 -0.027773693203926086 -0.014350399374961853
v 0.35476845502853394 -0.027773693203926086 -0.025061771273612976
v 0.3779382109642029 -0.029025550931692123 -0.06831283867359161
v 0.3976554274559021 -0.02666778489947319 -0.059748172760009766
v 0.3366076648235321 -0.008668242953717709 -0.035297736525535583
v 0.4118707478046417 0.03283936530351639 -0.08824588358402252
v 0.43450966477394104 0.009226890280842781 -0.08655983209609985
v 0.4412793517112732 0.00967051088809967 -0.13079233467578888
v 0.41798779368400574 0.03567751124501228 -0.1222236156463623
v 0.4118707478046417 -0.03385789692401886 -0.08824588358402252
v 0.38680821657180786 -0.03511907160282135 -0.08949315547943115
v 0.39081433415412903 -0.036696042865514755 -0.11222673952579498
v 0.41798779368400574 -0.036696042865514755 -0.1222236156463623
v 0.43450966477394104 -0.010245418176054955 -0.08655983209609985
v 0.4412793517112732 -0.010689038783311844 -0.13079233467578888
v 0.3779382109642029 0.02800702303647995 -0.06831283867359161
v 0.3579394817352295 0.008024335838854313 -0.07699978351593018
v 0.4168037176132202 -0.0085312370210886 -0.05143068730831146
v 0.3579394817352295 -0.009042864665389061 -0.07699978351593018
v 0.3622627854347229 -0.010866373777389526 -0.09100261330604553
v 0.3622627854347229 0.009847844019532204 -0.09100261330604553
v 0.3648468852043152 0.010319758206605911 -0.1026737242937088
v 0.3648468852043152 -0.01133828703314066 -0.1026737242937088
v 0.38680821657180786 0.034100547432899475 -0.08949315547943115
v 0.39081433415412903 0.03567751124501228 -0.11222673952579498
v 0.3622627854347229 0.009847844019532204 -0.09100261330604553
v 0.3648468852043152 0.010319758206605911 -0.1026737242937088
v 0.3622627854347229 -0.010866373777389526 -0.09100261330604553
v 0.3648468852043152 -0.01133828703314066 -0.1026737242937088
v 0.18914024531841278 -0.007868264801800251 0.07073983550071716
v 0.18914024531841278 0.006849735043942928 0.07073983550071716
v 0.23679108917713165 0.00696368794888258 0.015957236289978027
v 0.23679108917713165 -0.007982216775417328 0.015957236289978027
v 0.26859697699546814 -0.02548123709857464 0.0386556014418602
v 0.2523331344127655 -0.02548123709857464 0.027048848569393158
v 0.28510600328445435 -0.026360293850302696 -0.01870787888765335
v 0.3026873767375946 -0.026360293850302696 -0.007811754941940308
v 0.28253740072250366 -0.007534178905189037 0.048604246228933334
v 0.28253740072250366 0.006515651009976864 0.048604246228933334
v 0.2355126589536667 0.0064085316844284534 0.10094843059778214
v 0.2355126589536667 -0.007427058182656765 0.10094843059778214
v 0.22138142585754395 -0.025100447237491608 0.09174284338951111
v 0.2523331344127655 0.024462709203362465 0.027048848569393158
v 0.23679108917713165 0.00696368794888258 0.015957236289978027
v 0.18914024531841278 0.006849735043942928 0.07073983550071716
v 0.2048949897289276 0.024081919342279434 0.08100300282239914
v 0.26859697699546814 0.024462709203362465 0.0386556014418602
v 0.22138142585754395 0.024081919342279434 0.09174284338951111
v 0.23679108917713165 -0.007982216775417328 0.015957236289978027
v 0.2048949897289276 -0.025100447237491608 0.08100300282239914
v 0.18914024531841278 -0.007868264801800251 0.07073983550071716
v 0.31775715947151184 0.006762942299246788 0.0015277713537216187
v 0.31775715947151184 -0.007781469263136387 0.0015277713537216187
v 0.3378150165081024 -0.008286098018288612 -0.03395441174507141
v 0.3378150165081024 0.007267569191753864 -0.03395441174507141
v 0.2683049142360687 0.0072267488576471806 -0.029120415449142456
v 0.2683049142360687 -0.008245280012488365 -0.029120415449142456
v 0.3026873767375946 0.025341765955090523 -0.007811754941940308
v 0.2683049142360687 0.0072267488576471806 -0.029120415449142456
v 0.28510600328445435 0.025341765955090523 -0.01870787888765335
v 0.2988879680633545 0.027135604992508888 -0.047075338661670685
v 0.278857558965683 0.0077635617926716805 -0.053826868534088135
v 0.3198486268520355 0.027135604992508888 -0.04001021385192871
v 0.2683049142360687 -0.008245280012488365 -0.029120415449142456
v 0.278857558965683 -0.008782091550529003 -0.053826868534088135
v 0.278857558965683 0.0077635617926716805 -0.053826868534088135
v 0.28367844223976135 0.008921025320887566 -0.06752723455429077
v 0.28367844223976135 -0.009939555078744888 -0.06752723455429077
v 0.35459068417549133 0.008355637080967426 -0.06639274954795837
v 0.33152326941490173 0.028397930786013603 -0.0667617917060852
v 0.3198486268520355 -0.02815413288772106 -0.04001021385192871
v 0.2988879680633545 -0.02815413288772106 -0.047075338661670685
v 0.30777040123939514 -0.03202197328209877 -0.06714179366827011
v 0.33152326941490173 -0.029416454955935478 -0.0667617917060852
v 0.278857558965683 -0.008782091550529003 -0.053826868534088135
v 0.2854730486869812 -0.012605121359229088 -0.07852169871330261
v 0.2854730486869812 0.011586589738726616 -0.07852169871330261
v 0.3130168318748474 0.039910830557346344 -0.08665743470191956
v 0.3410237431526184 0.03843792527914047 -0.09528721868991852
v 0.3665453791618347 0.010861389338970184 -0.1024685651063919
v 0.3665453791618347 -0.011879920959472656 -0.1024685651063919
v 0.3410237431526184 -0.03945644944906235 -0.09528721868991852
v 0.3130168318748474 -0.04092934727668762 -0.08665743470191956
v 0.30777040123939514 0.031003443524241447 -0.06714179366827011
v 0.28367844223976135 0.008921025320887566 -0.06752723455429077
v 0.35459068417549133 -0.009374166838824749 -0.06639274954795837
v 0.28367844223976135 -0.009939555078744888 -0.06752723455429077
v 0.2854730486869812 -0.012605121359229088 -0.07852169871330261
v 0.2854730486869812 0.011586589738726616 -0.07852169871330261
v -0.0929226353764534 0.03956210985779762 0.037424758076667786
v -0.0929226353764534 0.02210133895277977 0.08782975375652313
v -0.1459522396326065 0.02210133895277977 0.0966818556189537
v -0.1613476276397705 0.04124598577618599 0.05654400959610939
v -0.0929226353764534 -0.04542910307645798 0.08782975375652313
v 0 0.02210133895277977 0.08782975375652313
v 0 -0.04542910307645798 0.08782975375652313
v 0 -0.03444098308682442 0.03300817310810089
v -0.0929226353764534 -0.056182023137807846 0.037424758076667786
v 0 -0.04542910307645798 0.08782975375652313
v 0 0.035449009388685226 0.03300817310810089
v 0 0.02210133895277977 0.08782975375652313
v -0.17330273985862732 0.02210133895277977 0.10832952708005905
v -0.19219842553138733 0.036959946155548096 0.06953659653663635
v -0.1459522396326065 -0.021000295877456665 0.0966818556189537
v -0.1613476276397705 -0.04443735629320145 0.05654400959610939
v -0.17330273985862732 -0.021000295877456665 0.10832952708005905
v -0.2126474380493164 -0.01764942705631256 0.13275305926799774
v -0.2126474380493164 0.02210133895277977 0.13275305926799774
v -0.19219842553138733 -0.031043576076626778 0.06953659653663635
v -0.24002888798713684 0.03561936318874359 0.09961213916540146
v -0.2495291382074356 0.014755255542695522 0.16176027059555054
v -0.2714669108390808 0.030292421579360962 0.13365216553211212
v -0.24002888798713684 -0.041052162647247314 0.09961213916540146
v -0.2495291382074356 -0.013272474519908428 0.16176027059555054
v -0.2714669108390808 -0.03389635309576988 0.13365216553211212
v -0.2814447283744812 0.010004336014389992 0.19265739619731903
v -0.2814447283744812 -0.008903294801712036 0.19265739619731903
v -0.3137938976287842 -0.0035306382924318314 0.23177729547023773
v -0.3137938976287842 0.001933711115270853 0.23177729547023773
v -0.298003226518631 -0.023841053247451782 0.17802982032299042
v -0.298003226518631 0.01931879296898842 0.17802982032299042
v -0.3137938976287842 0.001933711115270853 0.23177729547023773
v -0.217575341463089 -0.00868741050362587 0.04129522666335106
v -0.217575341463089 0.00872144103050232 0.04129522666335106
v -0.25295290350914 -0.0043710097670555115 -0.006079133599996567
v -0.17447689175605774 -0.03400176018476486 0.00889129564166069
v -0.2044844776391983 -0.017140764743089676 -0.04205423220992088
v -0.17447689175605774 0.03400176018476486 0.00889129564166069
v -0.2044844776391983 0.01723223552107811 -0.04205423220992088
v -0.12352389842271805 0.03052077628672123 -0.07173267751932144
v -0.1299346685409546 0.035078391432762146 -0.017707861959934235
v -0.25295290350914 0.004428453743457794 -0.006079133599996567
v -0.12352389842271805 -0.019174344837665558 -0.07173267751932144
v -0.1299346685409546 -0.03400176018476486 -0.017707861959934235
v 0 -0.05305633693933487 -0.055415622889995575
v 0 -0.041743405163288116 -0.10475536435842514
v 0 0.0366753414273262 -0.1044459193944931
v -0.11185252666473389 0.02532913349568844 -0.11981415748596191
v 0 0.037977252155542374 -0.11893221735954285
v 0 0.03545878082513809 -0.055434104055166245
v -0.19219842553138733 0.036959946155548096 0.06953659653663635
v -0.217575341463089 0.00872144103050232 0.04129522666335106
v -0.17447689175605774 0.03400176018476486 0.00889129564166069
v -0.1613476276397705 0.04124598577618599 0.05654400959610939
v -0.217575341463089 -0.00868741050362587 0.04129522666335106
v -0.19219842553138733 -0.031043576076626778 0.06953659653663635
v -0.1613476276397705 -0.04443735629320145 0.05654400959610939
v -0.17447689175605774 -0.03400176018476486 0.00889129564166069
v -0.11185252666473389 -0.02031511440873146 -0.11981415748596191
v 0 -0.044373445212841034 -0.11924166977405548
v -0.023856766521930695 -0.03833581879734993 -0.15070602297782898
v -0.11165536940097809 -0.01980690099298954 -0.15015041828155518
v -0.06160712242126465 -0.03821434825658798 -0.20901203155517578
v -0.11130751669406891 -0.019685426726937294 -0.20680415630340576
v -0.11165536940097809 0.023949353024363518 -0.15015041828155518
v -0.023605437949299812 0.03907115012407303 -0.15046070516109467
v 0 0.0440993569791317 -0.14601442217826843
v 0 0.03912976011633873 -0.17195378243923187
v 0 -0.03827720880508423 -0.1721991002559662
v 0 -0.043311912566423416 -0.1720767766237259
v 0 0.0441579669713974 -0.17176732420921326
v 0 -0.04337052255868912 -0.14632387459278107
v -0.06160712242126465 0.039192624390125275 -0.20901203155517578
v -0.11130751669406891 0.022548068314790726 -0.20680415630340576
v -0.11128512769937515 0.02043706551194191 -0.4016125202178955
v -0.059912171214818954 0.039192624390125275 -0.4127659201622009
v -0.11128512769937515 -0.019685426726937294 -0.4016125202178955
v -0.12995482981204987 -0.018831972032785416 -0.46874359250068665
v -0.12995482981204987 0.019576620310544968 -0.46874359250068665
v -0.059912171214818954 -0.03821434825658798 -0.4127659201622009
v -0.07805375009775162 -0.040598064661026 -0.48926880955696106
v -0.07805375009775162 0.041583336889743805 -0.48926880955696106
v -0.12462200224399567 0.03493699058890343 -0.5292093753814697
v -0.12462200224399567 -0.03397851064801216 -0.5292093753814697
v -0.1609603464603424 0.020162122324109077 -0.5055127143859863
v -0.1804676204919815 0.020951705053448677 -0.5428072214126587
v -0.17663538455963135 0.03241848573088646 -0.5510517358779907
v -0.1609603464603424 -0.01939067803323269 -0.5055127143859863
v -0.1804676204919815 -0.020180264487862587 -0.5428072214126587
v -0.17663538455963135 -0.031460005789995193 -0.5510517358779907
v -0.2814447283744812 0.010004336014389992 0.19265739619731903
v -0.2814447283744812 -0.008903294801712036 0.19265739619731903
v -0.28654050827026367 -0.008003746159374714 0.11692062020301819
v -0.28654050827026367 0.0069852168671786785 0.11692062020301819
v -0.3253011107444763 0.007163546979427338 0.07599550485610962
v -0.3253011107444763 -0.008182075805962086 0.07599550485610962
v -0.3540937900543213 -0.026149095967411995 0.10393421351909637
v -0.3393707275390625 -0.026149095967411995 0.0896478220820427
v -0.37661316990852356 -0.02595704048871994 0.048277996480464935
v -0.3921162784099579 -0.02595704048871994 0.06147805601358414
v -0.3667135536670685 -0.007722056470811367 0.1161796897649765
v -0.3667135536670685 0.006703528575599194 0.1161796897649765
v -0.3269904553890228 0.00653589004650712 0.15617085993289948
v -0.3269904553890228 -0.007554418873041868 0.15617085993289948
v -0.31466397643089294 0.02453465387225151 0.14420998096466064
v -0.2971063256263733 0.008609902113676071 0.20147687196731567
v -0.31296655535697937 0.001913432846777141 0.2297791838645935
v -0.31466397643089294 -0.025553181767463684 0.14420998096466064
v -0.3393707275390625 0.02513056807219982 0.0896478220820427
v -0.3253011107444763 0.007163546979427338 0.07599550485610962
v -0.28654050827026367 0.0069852168671786785 0.11692062020301819
v -0.30028313398361206 0.02453465387225151 0.13025563955307007
v -0.3540937900543213 0.02513056807219982 0.10393421351909637
v -0.3253011107444763 -0.008182075805962086 0.07599550485610962
v -0.30028313398361206 -0.025553181767463684 0.13025563955307007
v -0.28654050827026367 -0.008003746159374714 0.11692062020301819
v -0.4054046869277954 0.006649501156061888 0.07279238849878311
v -0.4054046869277954 -0.007668029051274061 0.07279238849878311
v -0.44129425287246704 -0.008209915831685066 0.027029745280742645
v -0.44129425287246704 0.007191387936472893 0.027029745280742645
v -0.36179813742637634 0.0071060736663639545 0.035663796588778496
v -0.36179813742637634 -0.00812460295855999 0.035663796588778496
v -0.27980858087539673 -0.019171904772520065 0.15329258143901825
v -0.269024133682251 -0.006094121839851141 0.13625983893871307
v -0.3921162784099579 0.024938512593507767 0.06147805601358414
v -0.269024133682251 -0.006094121839851141 0.13625983893871307
v -0.269024133682251 0.005075604189187288 0.13625983893871307
v -0.2971063256263733 -0.009628420695662498 0.20147687196731567
v -0.31296655535697937 -0.0029319501481950283 0.2297791838645935
v -0.27980858087539673 0.018153388053178787 0.15329258143901825
v -0.269024133682251 0.005075604189187288 0.13625983893871307
v -0.36179813742637634 0.0071060736663639545 0.035663796588778496
v -0.37661316990852356 0.024938512593507767 0.048277996480464935
v -0.4069991111755371 0.02686479687690735 0.005156993865966797
v -0.38935211300849915 0.007682520896196365 -0.006097912788391113
v -0.4254657030105591 0.02686479687690735 0.016934633255004883
v -0.36179813742637634 -0.00812460295855999 0.035663796588778496
v -0.38935211300849915 -0.008701049722731113 -0.006097912788391113
v -0.38935211300849915 0.007682520896196365 -0.006097912788391113
v -0.4159834384918213 0.007995531894266605 -0.051867589354515076
v -0.4159834384918213 -0.009014060720801353 -0.051867589354515076
v -0.4731740951538086 0.007485631853342056 -0.023227617144584656
v -0.4557461440563202 0.02791077084839344 -0.031955160200595856
v -0.4254657030105591 -0.027883324772119522 0.016934633255004883
v -0.4069991111755371 -0.027883324772119522 0.005156993865966797
v -0.43541356921195984 -0.028929298743605614 -0.04213733226060867
v -0.4557461440563202 -0.028929298743605614 -0.031955160200595856
v -0.38935211300849915 -0.008701049722731113 -0.006097912788391113
v -0.49685966968536377 0.007561844773590565 -0.0756717175245285
v -0.47744327783584595 0.028181688860058784 -0.07886300981044769
v -0.45479080080986023 -0.029200216755270958 -0.08258619904518127
v -0.47744327783584595 -0.029200216755270958 -0.07886300981044769
v -0.4731740951538086 -0.00850415974855423 -0.023227617144584656
v -0.49685966968536377 -0.008580372668802738 -0.0756717175245285
v -0.43541356921195984 0.02791077084839344 -0.04213733226060867
v -0.4159834384918213 0.007995531894266605 -0.051867589354515076
v -0.4159834384918213 -0.009014060720801353 -0.051867589354515076
v -0.4331437647342682 -0.00909513421356678 -0.08614417910575867
v -0.44103842973709106 -0.011579545214772224 -0.12878789007663727
v -0.4678291380405426 -0.03750224411487579 -0.13786084949970245
v -0.5198940634727478 -0.010915831662714481 -0.1554933488368988
v -0.5198940634727478 0.009897303767502308 -0.1554933488368988
v -0.4331437647342682 0.008076605387032032 -0.08614417910575867
v -0.45479080080986023 0.028181688860058784 -0.08258619904518127
v -0.4678291380405426 0.03648371249437332 -0.13786084949970245
v -0.44103842973709106 0.010561016388237476 -0.12878789007663727
v -0.4331437647342682 0.008076605387032032 -0.08614417910575867
v -0.4331437647342682 -0.00909513421356678 -0.08614417910575867
v -0.4958641231060028 -0.03750224411487579 -0.14735530316829681
v -0.4958641231060028 0.03648371249437332 -0.14735530316829681
v -0.44103842973709106 -0.011579545214772224 -0.12878789007663727
v -0.44103842973709106 0.010561016388237476 -0.12878789007663727
v -0.4678291380405426 0.03648371249437332 -0.13786084949970245
v -0.4678291380405426 -0.03750224411487579 -0.13786084949970245
v -0.4958641231060028 -0.03750224411487579 -0.14735530316829681
v -0.4958641231060028 0.03648371249437332 -0.14735530316829681
v -0.2335037887096405 -0.0074073756113648415 0.10108107328414917
v -0.2335037887096405 0.006388846784830093 0.10108107328414917
v -0.28071483969688416 0.006552985869348049 0.047975920140743256
v -0.28071483969688416 -0.007571514695882797 0.047975920140743256
v -0.3085775375366211 -0.02410881593823433 0.072209931910038
v -0.29433003067970276 -0.02410881593823433 0.059817928820848465
v -0.33152225613594055 -0.026721633970737457 0.012856949120759964
v -0.34820792078971863 -0.026721633970737457 0.025563742965459824
v -0.3207896649837494 -0.00714810099452734 0.08283165842294693
v -0.3207896649837494 0.0061295730993151665 0.08283165842294693
v -0.27038344740867615 0.0059752753004431725 0.1375667303800583
v -0.27038344740867615 -0.006993802264332771 0.1375667303800583
v -0.25914496183395386 -0.02356032095849514 0.12644831836223602
v -0.29433003067970276 0.023090288043022156 0.059817928820848465
v -0.28071483969688416 0.006552985869348049 0.047975920140743256
v -0.2335037887096405 0.006388846784830093 0.10108107328414917
v -0.2460334300994873 0.022541793063282967 0.11347683519124985
v -0.3085775375366211 0.023090288043022156 0.072209931910038
v -0.25914496183395386 0.022541793063282967 0.12644831836223602
v -0.28071483969688416 -0.007571514695882797 0.047975920140743256
v -0.2460334300994873 -0.02356032095849514 0.11347683519124985
v -0.2335037887096405 -0.0074073756113648415 0.10108107328414917
v -0.3625100255012512 0.006864591501653194 0.03645527549088001
v -0.3625100255012512 -0.007883118465542793 0.03645527549088001
v -0.39006197452545166 -0.008179075084626675 -0.005169220268726349
v -0.39006197452545166 0.007160547189414501 -0.005169220268726349
v -0.31557711958885193 0.007334881462156773 0.0007141157984733582
v -0.31557711958885193 -0.008353411220014095 0.0007141157984733582
v -0.34820792078971863 0.025703106075525284 0.025563742965459824
v -0.31557711958885193 0.007334881462156773 0.0007141157984733582
v -0.33152225613594055 0.025703106075525284 0.012856949120759964
v -0.35476845502853394 0.026755165308713913 -0.025061771273612976
v -0.3366076648235321 0.0076497141271829605 -0.035297736525535583
v -0.37377262115478516 0.026755165308713913 -0.014350399374961853
v -0.31557711958885193 -0.008353411220014095 0.0007141157984733582
v -0.3366076648235321 -0.008668242953717709 -0.035297736525535583
v -0.3366076648235321 0.0076497141271829605 -0.035297736525535583
v -0.3579394817352295 0.008024335838854313 -0.07699978351593018
v -0.3579394817352295 -0.009042864665389061 -0.07699978351593018
v -0.4168037176132202 0.007512709125876427 -0.05143068730831146
v -0.3976554274559021 0.025649257004261017 -0.059748172760009766
v -0.37377262115478516 -0.027773693203926086 -0.014350399374961853
v -0.35476845502853394 -0.027773693203926086 -0.025061771273612976
v -0.3779382109642029 -0.029025550931692123 -0.06831283867359161
v -0.3976554274559021 -0.02666778489947319 -0.059748172760009766
v -0.3366076648235321 -0.008668242953717709 -0.035297736525535583
v -0.4118707478046417 0.03283936530351639 -0.08824588358402252
v -0.43450966477394104 0.009226890280842781 -0.08655983209609985
v -0.4412793517112732 0.00967051088809967 -0.13079233467578888
v -0.41798779368400574 0.03567751124501228 -0.1222236156463623
v -0.4118707478046417 -0.03385789692401886 -0.08824588358402252
v -0.38680821657180786 -0.03511907160282135 -0.08949315547943115
v -0.39081433415412903 -0.036696042865514755 -0.11222673952579498
v -0.41798779368400574 -0.036696042865514755 -0.1222236156463623
v -0.43450966477394104 -0.010245418176054955 -0.08655983209609985
v -0.4412793517112732 -0.010689038783311844 -0.13079233467578888
v -0.3779382109642029 0.02800702303647995 -0.06831283867359161
v -0.3579394817352295 0.008024335838854313 -0.07699978351593018
v -0.4168037176132202 -0.0085312370210886 -0.05143068730831146
v -0.3579394817352295 -0.009042864665389061 -0.07699978351593018
v -0.3622627854347229 -0.010866373777389526 -0.09100261330604553
v -0.3622627854347229 0.009847844019532204 -0.09100261330604553
v -0.3648468852043152 0.010319758206605911 -0.1026737242937088
v -0.3648468852043152 -0.01133828703314066 -0.1026737242937088
v -0.38680821657180786 0.034100547432899475 -0.08949315547943115
v -0.39081433415412903 0.03567751124501228 -0.11222673952579498
v -0.3622627854347229 0.009847844019532204 -0.09100261330604553
v -0.3648468852043152 0.010319758206605911 -0.1026737242937088
v -0.3622627854347229 -0.010866373777389526 -0.09100261330604553
v -0.3648468852043152 -0.01133828703314066 -0.1026737242937088
v -0.18914024531841278 -0.007868264801800251 0.07073983550071716
v -0.18914024531841278 0.006849735043942928 0.07073983550071716
v -0.23679108917713165 0.00696368794888258 0.015957236289978027
v -0.23679108917713165 -0.007982216775417328 0.015957236289978027
v -0.26859697699546814 -0.02548123709857464 0.0386556014418602
v -0.2523331344127655 -0.02548123709857464 0.027048848569393158
v -0.28510600328445435 -0.026360293850302696 -0.01870787888765335
v -0.3026873767375946 -0.026360293850302696 -0.007811754941940308
v -0.28253740072250366 -0.007534178905189037 0.048604246228933334
v -0.28253740072250366 0.006515651009976864 0.048604246228933334
v -0.2355126589536667 0.0064085316844284534 0.10094843059778214
v -0.2355126589536667 -0.007427058182656765 0.10094843059778214
v -0.22138142585754395 -0.025100447237491608 0.09174284338951111
v -0.2523331344127655 0.024462709203362465 0.027048848569393158
v -0.23679108917713165 0.00696368794888258 0.015957236289978027
v -0.18914024531841278 0.006849735043942928 0.07073983550071716
v -0.2048949897289276 0.024081919342279434 0.08100300282239914
v -0.26859697699546814 0.024462709203362465 0.0386556014418602
v -0.22138142585754395 0.024081919342279434 0.09174284338951111
v -0.23679108917713165 -0.007982216775417328 0.015957236289978027
v -0.2048949897289276 -0.025100447237491608 0.08100300282239914
v -0.18914024531841278 -0.007868264801800251 0.07073983550071716
v -0.31775715947151184 0.006762942299246788 0.0015277713537216187
v -0.31775715947151184 -0.007781469263136387 0.0015277713537216187
v -0.3378150165081024 -0.008286098018288612 -0.03395441174507141
v -0.3378150165081024 0.007267569191753864 -0.03395441174507141
v -0.2683049142360687 0.0072267488576471806 -0.029120415449142456
v -0.2683049142360687 -0.008245280012488365 -0.029120415449142456
v -0.3026873767375946 0.025341765955090523 -0.007811754941940308
v -0.2683049142360687 0.0072267488576471806 -0.029120415449142456
v -0.28510600328445435 0.025341765955090523 -0.01870787888765335
v -0.2988879680633545 0.027135604992508888 -0.047075338661670685
v -0.278857558965683 0.0077635617926716805 -0.053826868534088135
v -0.3198486268520355 0.027135604992508888 -0.04001021385192871
v -0.2683049142360687 -0.008245280012488365 -0.029120415449142456
v -0.278857558965683 -0.008782091550529003 -0.053826868534088135
v -0.278857558965683 0.0077635617926716805 -0.053826868534088135
v -0.28367844223976135 0.008921025320887566 -0.06752723455429077
v -0.28367844223976135 -0.009939555078744888 -0.06752723455429077
v -0.35459068417549133 0.008355637080967426 -0.06639274954795837
v -0.33152326941490173 0.028397930786013603 -0.0667617917060852
v -0.3198486268520355 -0.02815413288772106 -0.04001021385192871
v -0.2988879680633545 -0.02815413288772106 -0.047075338661670685
v -0.30777040123939514 -0.03202197328209877 -0.06714179366827011
v -0.33152326941490173 -0.029416454955935478 -0.0667617917060852
v -0.278857558965683 -0.008782091550529003 -0.053826868534088135
v -0.2854730486869812 -0.012605121359229088 -0.07852169871330261
v -0.2854730486869812 0.011586589738726616 -0.07852169871330261
v -0.3130168318748474 0.039910830557346344 -0.08665743470191956
v -0.3410237431526184 0.03843792527914047 -0.09528721868991852
v -0.3665453791618347 0.010861389338970184 -0.1024685651063919
v -0.3665453791618347 -0.011879920959472656 -0.1024685651063919
v -0.3410237431526184 -0.03945644944906235 -0.09528721868991852
v -0.3130168318748474 -0.04092934727668762 -0.08665743470191956
v -0.30777040123939514 0.031003443524241447 -0.06714179366827011
v -0.28367844223976135 0.008921025320887566 -0.06752723455429077
v -0.35459068417549133 -0.009374166838824749 -0.06639274954795837
v -0.28367844223976135 -0.009939555078744888 -0.06752723455429077
v -0.2854730486869812 -0.012605121359229088 -0.07852169871330261
v -0.2854730486869812 0.011586589738726616 -0.07852169871330261
vt 0.625 0.5
vt 0.625 0.75
vt 0.625 0.75
vt 0.625 0.5
vt 0.375 0.75
vt 0.625 1
vt 0.375 1
vt 0.125 0.5
vt 0.375 0.5
vt 0.125 0.75
vt 0.875 0.5
vt 0.875 0.75
vt 0.625 0.75
vt 0.625 0.5
vt 0.375 0.75
vt 0.375 0.5
vt 0.375 0.75
vt 0.375 0.75
vt 0.625 0.75
vt 0.375 0.5
vt 0.625 0.5
vt 0.625 0.75
vt 0.625 0.5
vt 0.375 0.5
vt 0.375 0.75
vt 0.375 0.5
vt 0.625 0.75
vt 0.375 0.75
vt 0.375 0.75
vt 0.625 0.75
vt 0.375 0.5
vt 0.625 0.5
vt 0.625 0.5
vt 0.375 0.5
vt 0.625 0.5
vt 0.375 0.5
vt 0.375 0.5
vt 0.375 0.5
vt 0.625 0.5
vt 0.625 0.5
vt 0.625 0.5
vt 0.625 0.5
vt 0.625 0.5
vt 0.375 0.5
vt 0.375 0.5
vt 0.375 0.5
vt 0.375 0.5
vt 0.625 0.5
vt 0.625 0.5
vt 0.625 0.5
vt 0.625 0.5
vt 0 0
vt 0 0
vt 0 0
vt 0 0
vt 0 0
vt 0 0
vt 0 0
vt 0 0
vt 0.375 0.5
vt 0.375 0.5
vt 0.375 0.5
vt 0.375 0.5
vt 0.375 0.5
vt 0.375 0.5
vt 0.625 0.5
vt 0.625 0.5
vt 0.625 0.5
vt 0.625 0.5
vt 0.375 0.5
vt 0.375 0.5
vt 0.625 0.5
vt 0.375 0.5
vt 0.625 0.5
vt 0.625 0.5
vt 0.625 0.5
vt 0.625 0.5
vt 0.375 0.5
vt 0.375 0.5
vt 0.625 0.5
vt 0.375 0.5
vt 0.375 0.5
vt 0.625 0.5
vt 0.625 0.5
vt 0.375 0.5
vt 0.625 0.5
vt 0.625 0.5
vt 0.625 0.5
vt 0.375 0.5
vt 0.375 0.5
vt 0.375 0.5
vt 0.6249999403953552 0.7499999403953552
vt 0.3749999701976776 0.7499999403953552
vt 0.375 0
vt 0.625 0
vt 0.625 0.25
vt 0.375 0.25
vt 0.2988165616989136 0.5
vt 0.20993588864803314 0.5
vt 0.20993588864803314 0.5
vt 0.2988165616989136 0.5
vt 0.375 0.5
vt 0.625 0.5
vt 0.625 0.75
vt 0.375 0.75
vt 0.7011834383010864 0.75
vt 0.7011834383010864 0.75
vt 0.625 0.75
vt 0.2988165616989136 0.75
vt 0.7900640964508057 0.5
vt 0.875 0.5
vt 0.875 0.75
vt 0.7900640964508057 0.75
vt 0.7011834979057312 0.5
vt 0.125 0.5
vt 0.20993591845035553 0.75
vt 0.125 0.75
vt 0.625 0.5
vt 0.375 0.5
vt 0.375 0.5
vt 0.625 0.5
vt 0.625 0.25
vt 0.375 0.25
vt 0.20993591845035553 0.75
vt 0.125 0.75
vt 0.7011834979057312 0.5
vt 0.375 0
vt 0.625 0
vt 0.2988165616989136 0.75
vt 0.375 0.75
vt 0.7900640964508057 0.75
vt 0.875 0.75
vt 0.875 0.5
vt 0.7900640964508057 0.5
vt 0.7900640964508057 0.5
vt 0.875 0.5
vt 0.7011834979057312 0.5
vt 0.125 0.5
vt 0.375 0.25
vt 0.625 0.25
vt 0.625 0.25
vt 0.375 0.25
vt 0.625 0.5
vt 0.7011834979057312 0.5
vt 0.2988165616989136 0.5
vt 0.20993588864803314 0.5
vt 0.20993588864803314 0.5
vt 0.2988165616989136 0.5
vt 0.125 0.5
vt 0.625 0.5
vt 0.7011834979057312 0.5
vt 0.20993588864803314 0.5
vt 0.2988165616989136 0.5
vt 0.375 0.5
vt 0.375 0.5
vt 0.7900640964508057 0.5
vt 0.875 0.5
vt 0.125 0.5
vt 0.125 0.5
vt 0.125 0.5
vt 0.20993588864803314 0.5
vt 0.375 0.5
vt 0.625 0.5
vt 0.875 0.5
vt 0.7900640964508057 0.5
vt 0.7900640964508057 0.5
vt 0.875 0.5
vt 0.625 0.25
vt 0.375 0.25
vt 0.375 0.4238165616989136
vt 0.625 0.42381662130355835
vt 0.375 0.25
vt 0.625 0.25
vt 0.625 0.33493590354919434
vt 0.375 0.33493584394454956
vt 0.2988165616989136 0.5
vt 0.7011834979057312 0.5
vt 0.375 0
vt 0.625 0
vt 0.625 0.25
vt 0.375 0.25
vt 0.2988165616989136 0.5
vt 0.20993588864803314 0.5
vt 0.20993588864803314 0.5
vt 0.2988165616989136 0.5
vt 0.375 0.5
vt 0.625 0.5
vt 0.625 0.75
vt 0.375 0.75
vt 0.2988165616989136 0.75
vt 0.7900640964508057 0.5
vt 0.875 0.5
vt 0.875 0.75
vt 0.7900640964508057 0.75
vt 0.7011834979057312 0.5
vt 0.7011834383010864 0.75
vt 0.125 0.5
vt 0.20993591845035553 0.75
vt 0.125 0.75
vt 0.625 0.5
vt 0.375 0.5
vt 0.375 0.5
vt 0.625 0.5
vt 0.625 0.25
vt 0.375 0.25
vt 0.7011834979057312 0.5
vt 0.875 0.5
vt 0.7900640964508057 0.5
vt 0.7900640964508057 0.5
vt 0.875 0.5
vt 0.7011834979057312 0.5
vt 0.125 0.5
vt 0.375 0.25
vt 0.625 0.25
vt 0.625 0.25
vt 0.375 0.25
vt 0.625 0.5
vt 0.7011834979057312 0.5
vt 0.2988165616989136 0.5
vt 0.20993588864803314 0.5
vt 0.20993588864803314 0.5
vt 0.2988165616989136 0.5
vt 0.125 0.5
vt 0.7011834979057312 0.5
vt 0.625 0.5
vt 0.625 0.5
vt 0.7011834979057312 0.5
vt 0.2988165616989136 0.5
vt 0.20993588864803314 0.5
vt 0.20993588864803314 0.5
vt 0.2988165616989136 0.5
vt 0.375 0.5
vt 0.375 0.5
vt 0.7900640964508057 0.5
vt 0.875 0.5
vt 0.375 0.5
vt 0.125 0.5
vt 0.375 0.25
vt 0.625 0.25
vt 0.625 0.25
vt 0.375 0.25
vt 0.7900640964508057 0.5
vt 0.7900640964508057 0.5
vt 0.875 0.5
vt 0.875 0.5
vt 0.125 0.5
vt 0.125 0.5
vt 0.375 0
vt 0.625 0
vt 0.625 0.25
vt 0.375 0.25
vt 0.2988165616989136 0.5
vt 0.20993588864803314 0.5
vt 0.20993588864803314 0.5
vt 0.2988165616989136 0.5
vt 0.375 0.5
vt 0.625 0.5
vt 0.625 0.75
vt 0.375 0.75
vt 0.2988165616989136 0.75
vt 0.7900640964508057 0.5
vt 0.875 0.5
vt 0.875 0.75
vt 0.7900640964508057 0.75
vt 0.7011834979057312 0.5
vt 0.7011834383010864 0.75
vt 0.125 0.5
vt 0.20993591845035553 0.75
vt 0.125 0.75
vt 0.625 0.5
vt 0.375 0.5
vt 0.375 0.5
vt 0.625 0.5
vt 0.625 0.25
vt 0.375 0.25
vt 0.7011834979057312 0.5
vt 0.875 0.5
vt 0.7900640964508057 0.5
vt 0.7900640964508057 0.5
vt 0.875 0.5
vt 0.7011834979057312 0.5
vt 0.125 0.5
vt 0.375 0.25
vt 0.625 0.25
vt 0.625 0.25
vt 0.375 0.25
vt 0.625 0.5
vt 0.7011834979057312 0.5
vt 0.2988165616989136 0.5
vt 0.20993588864803314 0.5
vt 0.20993588864803314 0.5
vt 0.2988165616989136 0.5
vt 0.125 0.5
vt 0.375 0.25
vt 0.625 0.25
vt 0.7900640964508057 0.5
vt 0.7011834979057312 0.5
vt 0.625 0.5
vt 0.375 0.5
vt 0.2988165616989136 0.5
vt 0.20993588864803314 0.5
vt 0.7900640964508057 0.5
vt 0.875 0.5
vt 0.375 0.5
vt 0.125 0.5
vt 0.125 0.5
vt 0.875 0.5
vt 0.625 0.5
vt 0.625 0.75
vt 0.625 0.75
vt 0.625 0.5
vt 0.375 0.75
vt 0.625 1
vt 0.375 1
vt 0.125 0.5
vt 0.375 0.5
vt 0.125 0.75
vt 0.875 0.5
vt 0.875 0.75
vt 0.625 0.75
vt 0.625 0.5
vt 0.375 0.75
vt 0.375 0.5
vt 0.375 0.75
vt 0.375 0.75
vt 0.625 0.75
vt 0.375 0.5
vt 0.625 0.5
vt 0.625 0.75
vt 0.625 0.5
vt 0.375 0.5
vt 0.375 0.75
vt 0.375 0.5
vt 0.625 0.75
vt 0.375 0.75
vt 0.375 0.75
vt 0.625 0.75
vt 0.375 0.5
vt 0.625 0.5
vt 0.625 0.5
vt 0.375 0.5
vt 0.625 0.5
vt 0.375 0.5
vt 0.375 0.5
vt 0.375 0.5
vt 0.625 0.5
vt 0.625 0.5
vt 0.625 0.5
vt 0.625 0.5
vt 0.625 0.5
vt 0.375 0.5
vt 0.375 0.5
vt 0.375 0.5
vt 0.375 0.5
vt 0.625 0.5
vt 0.625 0.5
vt 0.625 0.5
vt 0.625 0.5
vt 0 0
vt 0 0
vt 0 0
vt 0 0
vt 0 0
vt 0 0
vt 0 0
vt 0 0
vt 0.375 0.5
vt 0.375 0.5
vt 0.375 0.5
vt 0.375 0.5
vt 0.375 0.5
vt 0.375 0.5
vt 0.625 0.5
vt 0.625 0.5
vt 0.625 0.5
vt 0.625 0.5
vt 0.375 0.5
vt 0.375 0.5
vt 0.625 0.5
vt 0.375 0.5
vt 0.625 0.5
vt 0.625 0.5
vt 0.625 0.5
vt 0.625 0.5
vt 0.375 0.5
vt 0.375 0.5
vt 0.625 0.5
vt 0.375 0.5
vt 0.375 0.5
vt 0.625 0.5
vt 0.625 0.5
vt 0.375 0.5
vt 0.625 0.5
vt 0.625 0.5
vt 0.625 0.5
vt 0.375 0.5
vt 0.375 0.5
vt 0.375 0.5
vt 0.6249999403953552 0.7499999403953552
vt 0.3749999701976776 0.7499999403953552
vt 0.375 0
vt 0.625 0
vt 0.625 0.25
vt 0.375 0.25
vt 0.2988165616989136 0.5
vt 0.20993588864803314 0.5
vt 0.20993588864803314 0.5
vt 0.2988165616989136 0.5
vt 0.375 0.5
vt 0.625 0.5
vt 0.625 0.75
vt 0.375 0.75
vt 0.7011834383010864 0.75
vt 0.7011834383010864 0.75
vt 0.625 0.75
vt 0.2988165616989136 0.75
vt 0.7900640964508057 0.5
vt 0.875 0.5
vt 0.875 0.75
vt 0.7900640964508057 0.75
vt 0.7011834979057312 0.5
vt 0.125 0.5
vt 0.20993591845035553 0.75
vt 0.125 0.75
vt 0.625 0.5
vt 0.375 0.5
vt 0.375 0.5
vt 0.625 0.5
vt 0.625 0.25
vt 0.375 0.25
vt 0.20993591845035553 0.75
vt 0.125 0.75
vt 0.7011834979057312 0.5
vt 0.375 0
vt 0.625 0
vt 0.2988165616989136 0.75
vt 0.375 0.75
vt 0.7900640964508057 0.75
vt 0.875 0.75
vt 0.875 0.5
vt 0.7900640964508057 0.5
vt 0.7900640964508057 0.5
vt 0.875 0.5
vt 0.7011834979057312 0.5
vt 0.125 0.5
vt 0.375 0.25
vt 0.625 0.25
vt 0.625 0.25
vt 0.375 0.25
vt 0.625 0.5
vt 0.7011834979057312 0.5
vt 0.2988165616989136 0.5
vt 0.20993588864803314 0.5
vt 0.20993588864803314 0.5
vt 0.2988165616989136 0.5
vt 0.125 0.5
vt 0.625 0.5
vt 0.7011834979057312 0.5
vt 0.20993588864803314 0.5
vt 0.2988165616989136 0.5
vt 0.375 0.5
vt 0.375 0.5
vt 0.7900640964508057 0.5
vt 0.875 0.5
vt 0.125 0.5
vt 0.125 0.5
vt 0.125 0.5
vt 0.20993588864803314 0.5
vt 0.375 0.5
vt 0.625 0.5
vt 0.875 0.5
vt 0.7900640964508057 0.5
vt 0.7900640964508057 0.5
vt 0.875 0.5
vt 0.625 0.25
vt 0.375 0.25
vt 0.375 0.4238165616989136
vt 0.625 0.42381662130355835
vt 0.375 0.25
vt 0.625 0.25
vt 0.625 0.33493590354919434
vt 0.375 0.33493584394454956
vt 0.2988165616989136 0.5
vt 0.7011834979057312 0.5
vt 0.375 0
vt 0.625 0
vt 0.625 0.25
vt 0.375 0.25
vt 0.2988165616989136 0.5
vt 0.20993588864803314 0.5
vt 0.20993588864803314 0.5
vt 0.2988165616989136 0.5
vt 0.375 0.5
vt 0.625 0.5
vt 0.625 0.75
vt 0.375 0.75
vt 0.2988165616989136 0.75
vt 0.7900640964508057 0.5
vt 0.875 0.5
vt 0.875 0.75
vt 0.7900640964508057 0.75
vt 0.7011834979057312 0.5
vt 0.7011834383010864 0.75
vt 0.125 0.5
vt 0.20993591845035553 0.75
vt 0.125 0.75
vt 0.625 0.5
vt 0.375 0.5
vt 0.375 0.5
vt 0.625 0.5
vt 0.625 0.25
vt 0.375 0.25
vt 0.7011834979057312 0.5
vt 0.875 0.5
vt 0.7900640964508057 0.5
vt 0.7900640964508057 0.5
vt 0.875 0.5
vt 0.7011834979057312 0.5
vt 0.125 0.5
vt 0.375 0.25
vt 0.625 0.25
vt 0.625 0.25
vt 0.375 0.25
vt 0.625 0.5
vt 0.7011834979057312 0.5
vt 0.2988165616989136 0.5
vt 0.20993588864803314 0.5
vt 0.20993588864803314 0.5
vt 0.2988165616989136 0.5
vt 0.125 0.5
vt 0.7011834979057312 0.5
vt 0.625 0.5
vt 0.625 0.5
vt 0.7011834979057312 0.5
vt 0.2988165616989136 0.5
vt 0.20993588864803314 0.5
vt 0.20993588864803314 0.5
vt 0.2988165616989136 0.5
vt 0.375 0.5
vt 0.375 0.5
vt 0.7900640964508057 0.5
vt 0.875 0.5
vt 0.375 0.5
vt 0.125 0.5
vt 0.375 0.25
vt 0.625 0.25
vt 0.625 0.25
vt 0.375 0.25
vt 0.7900640964508057 0.5
vt 0.7900640964508057 0.5
vt 0.875 0.5
vt 0.875 0.5
vt 0.125 0.5
vt 0.125 0.5
vt 0.375 0
vt 0.625 0
vt 0.625 0.25
vt 0.375 0.25
vt 0.2988165616989136 0.5
vt 0.20993588864803314 0.5
vt 0.20993588864803314 0.5
vt 0.2988165616989136 0.5
vt 0.375 0.5
vt 0.625 0.5
vt 0.625 0.75
vt 0.375 0.75
vt 0.2988165616989136 0.75
vt 0.7900640964508057 0.5
vt 0.875 0.5
vt 0.875 0.75
vt 0.7900640964508057 0.75
vt 0.7011834979057312 0.5
vt 0.7011834383010864 0.75
vt 0.125 0.5
vt 0.20993591845035553 0.75
vt 0.125 0.75
vt 0.625 0.5
vt 0.375 0.5
vt 0.375 0.5
vt 0.625 0.5
vt 0.625 0.25
vt 0.375 0.25
vt 0.7011834979057312 0.5
vt 0.875 0.5
vt 0.7900640964508057 0.5
vt 0.7900640964508057 0.5
vt 0.875 0.5
vt 0.7011834979057312 0.5
vt 0.125 0.5
vt 0.375 0.25
vt 0.625 0.25
vt 0.625 0.25
vt 0.375 0.25
vt 0.625 0.5
vt 0.7011834979057312 0.5
vt 0.2988165616989136 0.5
vt 0.20993588864803314 0.5
vt 0.20993588864803314 0.5
vt 0.2988165616989136 0.5
vt 0.125 0.5
vt 0.375 0.25
vt 0.625 0.25
vt 0.7900640964508057 0.5
vt 0.7011834979057312 0.5
vt 0.625 0.5
vt 0.375 0.5
vt 0.2988165616989136 0.5
vt 0.20993588864803314 0.5
vt 0.7900640964508057 0.5
vt 0.875 0.5
vt 0.375 0.5
vt 0.125 0.5
vt 0.125 0.5
vt 0.875 0.5
vn -0.02435439567947903 0.9926399872346704 0.11862849216710461
vn -0.08932971141907425 0.5944225192766036 0.7991758700277685
vn -0.2195883301807316 0.580848485134893 0.7838341677707973
vn 0.0946396764707174 0.9897643683026192 0.10681679117084243
vn -0.008117978501195389 -0.6884411714209064 0.7252467524351036
vn -0.017426610363030955 0.599371606681206 0.8002811945532923
vn -0.08218749025442945 -0.7030951879425905 0.7063302153650594
vn -0.06006088602547341 -0.9980849677729077 -0.014801590306074494
vn 0.045137531432802726 -0.9986106234766102 0.02719238746061721
vn -0.08218749025442945 -0.7030951879425905 0.7063302153650594
vn -0.019135421227663325 0.9924782509807207 0.12091632224265328
vn -0.017426610363030955 0.599371606681206 0.8002811945532923
vn -0.3512181280719483 0.5878966455057636 0.7287134970046231
vn 0.41063339975683805 0.911725215690367 -0.01171930366935218
vn -0.10935070452672895 -0.5213614530295817 0.846300572323091
vn 0.25260608980295607 -0.9615938384133028 0.10736597841044279
vn -0.33671922755167716 -0.5855734458014961 0.7373763634462147
vn -0.47972962504536903 -0.5447353073527218 0.6878393211914867
vn -0.42641119305121966 0.60513033712945 0.6723025877729711
vn 0.4685038124246364 -0.8833849498376504 0.011627903676645483
vn 0.4392373916564211 0.788716779758035 -0.43011202621988937
vn -0.49755693585158345 0.5604268138070712 0.6620867631602656
vn 0.5640808621260803 0.7875402321567514 -0.24817970045430393
vn 0.3747162912184853 -0.8377860165947112 -0.39711747820239524
vn -0.5403168724119274 -0.5030831121815881 0.6745109781350341
vn 0.5294792586594514 -0.8229833108023361 -0.20579160524730586
vn -0.5510815506602885 0.5638690381131551 0.6151104229154283
vn -0.6122093857265435 -0.48543384181395877 0.6241423341274559
vn 0.4186275611054513 -0.42451770505391095 0.8028297971417494
vn 0.42110335289432405 0.4247656594476786 0.8014025834342796
vn 0.5803141308179729 -0.8141488528292595 -0.01992874832450632
vn 0.6329441974950784 0.770434584660284 -0.07623774404221985
vn 0.42110335289432405 0.4247656594476786 0.8014025834342796
vn 0.7607826969067264 -0.4919085069216641 0.4233623848494659
vn 0.7609323959755522 0.49215078243438776 0.4228114190796241
vn 0.8906622011434965 -0.4393188912198722 -0.1171313590442978
vn 0.2897179544475604 -0.946367218567654 -0.1430125675989471
vn 0.4640524516928676 -0.6108523613667277 -0.641494126777893
vn 0.24372673122264255 0.9650492098300398 -0.09631875774708254
vn 0.4849841577319666 0.6046508279852335 -0.6318130601418323
vn 0.4469492983099279 0.8038068117613059 -0.3925951274613423
vn 0.077763248339385 0.9925190175565416 -0.09412160748895379
vn 0.8906025948614306 0.4394721862511879 -0.11700946772670967
vn 0.5217570286110148 -0.7125938939021654 -0.4690197708714999
vn 0.13767123022650402 -0.9697108210123446 -0.20176113594913583
vn 0.13113826511074198 -0.9781504254456586 -0.16132111028697368
vn 0.20740667701557014 -0.9737371259385965 -0.0939067617277958
vn 0.06720244618043376 0.995920754471377 -0.06021363666586697
vn 0.7237118943880417 0.6833344110722193 -0.09641149602539793
vn 0.1370288706770216 0.9903616232650218 0.020172847217266594
vn 0.016602186093572998 0.9992746175145899 -0.03427252847376016
vn 0.41063339975683805 0.911725215690367 -0.01171930366935218
vn 0.7609323959755522 0.49215078243438776 0.4228114190796241
vn 0.24372673122264255 0.9650492098300398 -0.09631875774708254
vn 0.0946396764707174 0.9897643683026192 0.10681679117084243
vn 0.7607826969067264 -0.4919085069216641 0.4233623848494659
vn 0.4685038124246364 -0.8833849498376504 0.011627903676645483
vn 0.25260608980295607 -0.9615938384133028 0.10736597841044279
vn 0.2897179544475604 -0.946367218567654 -0.1430125675989471
vn 0.7462261130685802 -0.6615657415331877 -0.07400917378407933
vn 0.19815728494108675 -0.9801659475183742 -0.0028992671806523183
vn 0.17677002788997495 -0.8933722594836089 -0.4130839663130593
vn 0.7871183962636009 -0.6166386582169121 0.014191386678667012
vn -0.44973143359659434 -0.8770617184453458 -0.16883240113452505
vn 0.8066291812604114 -0.590581940384633 0.02371361698855987
vn 0.7706492400467047 0.6364852698726472 0.031404618300181486
vn 0.15293369817043379 0.9207457010022829 -0.35894099522028605
vn 0.29954328538264263 0.953258709087248 0.03964408822871805
vn -0.59579409355056 0.5657327919707479 -0.5700664927701408
vn -0.5979928188985464 -0.5618276204080438 -0.5716242765072226
vn 0.33791141432824656 -0.9234577058445639 -0.18177387486374127
vn 0.33800116563855503 0.9243378089027589 -0.17707294276603944
vn 0.26939196551657824 -0.957749896323101 -0.10071298331498281
vn -0.462819773667098 0.8685996549402883 -0.17700987695704487
vn 0.8003227096897585 0.599356986834953 0.015961287133829688
vn 0.7931484531209411 0.5997445071908452 0.10593421263344795
vn -0.6145910015533333 0.7864738303025659 -0.061129494181463156
vn 0.7938111287835685 -0.598639177820515 0.10721486183237262
vn 0.7029152866558782 -0.6090081050450241 0.36744962617337573
vn 0.7040375653245504 0.6072320484219746 0.36823952256803166
vn -0.6130895884367672 -0.7877479174804665 -0.05978607743968197
vn -0.5411671695787912 -0.7611803960724601 -0.3574108269275745
vn -0.54001335730265 0.7622264072149062 -0.3569264323064018
vn -0.25096114983176904 0.77946585337258 -0.5739786448129164
vn -0.2525454404213031 -0.7783281956950919 -0.5748269481404231
vn 0.6834864993430374 0.5272261352977755 0.5048552341758694
vn 0.9207643773969638 0.3822530250217676 0.0779460465866594
vn 0.24714363137404122 0.7428042413004045 -0.6222233397883613
vn 0.6828777594043657 -0.5291196181896559 0.5036967295483524
vn 0.9197049649327992 -0.38491185663684235 0.07736691863023551
vn 0.24686944456307508 -0.7412797643942859 -0.6241472488449106
vn -0.5510815506602885 0.5638690381131551 0.6151104229154283
vn -0.6122093857265435 -0.48543384181395877 0.6241423341274559
vn -0.6871693055998359 -0.42143902563727165 -0.5917664176948083
vn -0.6871693055998359 0.42143902563727165 -0.5917664176948083
vn -0.6715127568785247 0.4041650402883692 -0.6210646001488931
vn -0.6715127568785247 -0.4041650402883692 -0.6210646001488931
vn 0.2878595302383954 -0.917628539636648 0.2740342206645788
vn -0.2647520561226518 -0.9334532014410469 -0.2420154323556423
vn -0.2842197737394401 -0.9361582114496381 -0.20694666789034308
vn 0.304494946952703 -0.9141257347754831 0.26768819230861396
vn 0.6761888599899305 -0.3700788180642131 0.6370324120841211
vn 0.6761888599899305 0.3700788180642131 0.6370324120841211
vn 0.7368227694799376 0.4920900737393878 0.46361575221629236
vn 0.7368227694799376 -0.4920900737393878 0.46361575221629236
vn 0.17044776150654814 0.9513029878866082 0.2568466192797147
vn 0.31645306009214125 0.9178329072391509 0.23966688370996947
vn 0.9255169714568122 0.30021466693389975 0.23084516304912692
vn 0.17044776150654814 -0.9513029878866082 0.2568466192797147
vn -0.2647520561226518 0.9334532014410469 -0.2420154323556423
vn -0.6715127568785247 0.4041650402883692 -0.6210646001488931
vn -0.6871693055998359 0.42143902563727165 -0.5917664176948083
vn -0.3105663742316406 0.937711458419805 -0.15571046189904864
vn 0.2878595302383954 0.917628539636648 0.2740342206645788
vn -0.6715127568785247 -0.4041650402883692 -0.6210646001488931
vn -0.3105663742316406 -0.937711458419805 -0.15571046189904864
vn -0.6871693055998359 -0.42143902563727165 -0.5917664176948083
vn 0.7121142326213226 0.36791398305788203 0.5979403153899473
vn 0.7121142326213226 -0.36791398305788203 0.5979403153899473
vn 0.757980027173358 -0.36788096004846665 0.5386370555764742
vn 0.757980027173358 0.36788096004846665 0.5386370555764742
vn -0.7228135818990172 0.4089249886970795 -0.5570645199987214
vn -0.7228135818990172 -0.4089249886970795 -0.5570645199987214
vn -0.3154447753335089 -0.9488369001438881 -0.014252390681186984
vn -0.7080360072169731 -0.4400199579679668 -0.552329113006109
vn 0.304494946952703 0.9141257347754831 0.26768819230861396
vn -0.7080360072169731 -0.4400199579679668 -0.552329113006109
vn -0.7080360072169731 0.4400199579679668 -0.552329113006109
vn 0.31645306009214125 -0.9178329072391509 0.23966688370996947
vn 0.9255169714568122 -0.30021466693389975 0.23084516304912692
vn -0.3154447753335089 0.9488369001438881 -0.014252390681186984
vn -0.7080360072169731 0.4400199579679668 -0.552329113006109
vn -0.7228135818990172 0.4089249886970795 -0.5570645199987214
vn -0.2842197737394401 0.9361582114496381 -0.20694666789034308
vn -0.31163199391417085 0.9344992138797651 -0.17203697168684146
vn -0.7786169607149941 0.4054228329477648 -0.47894462624770545
vn 0.3187723500130482 0.9152078379750528 0.24653357210771115
vn -0.7228135818990172 -0.4089249886970795 -0.5570645199987214
vn -0.7786169607149941 -0.4054228329477648 -0.47894462624770545
vn -0.7786169607149941 0.4054228329477648 -0.47894462624770545
vn -0.8065987301844962 0.4037113651876538 -0.43175875449500606
vn -0.8065987301844962 -0.4037113651876538 -0.43175875449500606
vn 0.8185494521754217 0.3646712328009706 0.44383745483086184
vn 0.3544172062509664 0.9131286552597977 0.20145595761032645
vn 0.3187723500130482 -0.9152078379750528 0.24653357210771115
vn -0.31163199391417085 -0.9344992138797651 -0.17203697168684146
vn -0.3170938534954353 -0.934923295048896 -0.1592793786098198
vn 0.3544172062509664 -0.9131286552597977 0.20145595761032645
vn -0.7786169607149941 -0.4054228329477648 -0.47894462624770545
vn 0.877576220793836 0.34575069306432166 0.33213918007779425
vn 0.40337348945692514 0.8926587885342324 0.20112214014359708
vn -0.3380038441181233 -0.9397269867331717 -0.051639052729157274
vn 0.40337348945692514 -0.8926587885342324 0.20112214014359708
vn 0.8185494521754217 -0.3646712328009706 0.44383745483086184
vn 0.877576220793836 -0.34575069306432166 0.33213918007779425
vn -0.3170938534954353 0.934923295048896 -0.1592793786098198
vn -0.8065987301844962 0.4037113651876538 -0.43175875449500606
vn -0.8065987301844962 -0.4037113651876538 -0.43175875449500606
vn -0.8712275411214929 -0.40565930552007745 -0.2764111058484548
vn -0.771703978344973 -0.3053428228386334 -0.5578877399150087
vn -0.3852486872302685 -0.750110318830335 -0.5375108915841688
vn 0.6788413063748189 -0.32731972385100117 -0.6572946669017129
vn 0.6788413063748189 0.32731972385100117 -0.6572946669017129
vn -0.8712275411214929 0.40565930552007745 -0.2764111058484548
vn -0.3380038441181233 0.9397269867331717 -0.051639052729157274
vn -0.3852486872302685 0.750110318830335 -0.5375108915841688
vn -0.771703978344973 0.3053428228386334 -0.5578877399150087
vn -0.8712275411214929 0.40565930552007745 -0.2764111058484548
vn -0.8712275411214929 -0.40565930552007745 -0.2764111058484548
vn 0.2250490496606154 -0.7837346674215917 -0.5788893644975877
vn 0.2250490496606154 0.7837346674215917 -0.5788893644975877
vn -0.771703978344973 -0.3053428228386334 -0.5578877399150087
vn -0.771703978344973 0.3053428228386334 -0.5578877399150087
vn -0.3852486872302685 0.750110318830335 -0.5375108915841688
vn -0.3852486872302685 -0.750110318830335 -0.5375108915841688
vn 0.2250490496606154 -0.7837346674215917 -0.5788893644975877
vn 0.2250490496606154 0.7837346674215917 -0.5788893644975877
vn -0.6832405170260528 -0.40700833253201557 -0.6062397324025208
vn -0.6832405170260528 0.40700833253201557 -0.6062397324025208
vn -0.7121446584160822 0.40581929917512216 -0.572853106744176
vn -0.7121446584160822 -0.40581929917512216 -0.572853106744176
vn 0.2845337172297667 -0.9165324723314786 0.2810850243633742
vn -0.28846453543588696 -0.9336949133980575 -0.21213679664393803
vn -0.3050986568008283 -0.9361099643034906 -0.17496555189536006
vn 0.3091269852817887 -0.9133727143668419 0.26493544802600594
vn 0.6852501446141056 -0.37004667269238944 0.6272939497043145
vn 0.6852501446141056 0.37004667269238944 0.6272939497043145
vn 0.6833625171877097 0.36834004798822195 0.6303501242570763
vn 0.6833625171877097 -0.36834004798822195 0.6303501242570763
vn 0.2931322742379045 -0.9152258358453739 0.2764690564986442
vn -0.28846453543588696 0.9336949133980575 -0.21213679664393803
vn -0.7121446584160822 0.40581929917512216 -0.572853106744176
vn -0.6832405170260528 0.40700833253201557 -0.6062397324025208
vn -0.26777114134400654 0.935276344950101 -0.2314233662362286
vn 0.2845337172297667 0.9165324723314786 0.2810850243633742
vn 0.2931322742379045 0.9152258358453739 0.2764690564986442
vn -0.7121446584160822 -0.40581929917512216 -0.572853106744176
vn -0.26777114134400654 -0.935276344950101 -0.2314233662362286
vn -0.6832405170260528 -0.40700833253201557 -0.6062397324025208
vn 0.7338002251956924 0.36665593778968314 0.5719271394035423
vn 0.7338002251956924 -0.36665593778968314 0.5719271394035423
vn 0.7884961509386701 -0.37999555934458895 0.4836085140206847
vn 0.7884961509386701 0.37999555934458895 0.4836085140206847
vn -0.7650867051192883 0.4080116513464091 -0.4981654604800372
vn -0.7650867051192883 -0.4080116513464091 -0.4981654604800372
vn 0.3091269852817887 0.9133727143668419 0.26493544802600594
vn -0.7650867051192883 0.4080116513464091 -0.4981654604800372
vn -0.3050986568008283 0.9361099643034906 -0.17496555189536006
vn -0.3069285625241104 0.9386392949238052 -0.15732492342863275
vn -0.8035453608241439 0.40477883936345066 -0.4364274788571111
vn 0.34077387948572047 0.9156581394872854 0.21317442306931336
vn -0.7650867051192883 -0.4080116513464091 -0.4981654604800372
vn -0.8035453608241439 -0.40477883936345066 -0.4364274788571111
vn -0.8035453608241439 0.40477883936345066 -0.4364274788571111
vn -0.8629589054268095 0.39461233731760076 -0.31556779110248667
vn -0.8629589054268095 -0.39461233731760076 -0.31556779110248667
vn 0.8059510359260813 0.3775530259260791 0.45595684039581846
vn 0.34945011058420533 0.8947143437037809 0.27815618523304425
vn 0.34077387948572047 -0.9156581394872854 0.21317442306931336
vn -0.3069285625241104 -0.9386392949238052 -0.15732492342863275
vn -0.337782149889416 -0.9408948095213672 -0.024903345795979134
vn 0.34945011058420533 -0.8947143437037809 0.27815618523304425
vn -0.8035453608241439 -0.40477883936345066 -0.4364274788571111
vn 0.395101789906512 0.8868884278963741 0.2394232488213465
vn 0.8824420416654821 0.358268904637637 0.3048596973543785
vn 0.6345240635039706 0.3178876854391953 -0.7045045296380429
vn 0.20377818728422573 0.7630466514479753 -0.6133793753470905
vn 0.395101789906512 -0.8868884278963741 0.2394232488213465
vn -0.337664792742531 -0.939137825076937 0.06326636746253167
vn -0.3943073023725397 -0.7334360136698751 -0.5537087367449907
vn 0.20377818728422573 -0.7630466514479753 -0.6133793753470905
vn 0.8824420416654821 -0.358268904637637 0.3048596973543785
vn 0.6345240635039706 -0.3178876854391953 -0.7045045296380429
vn -0.337782149889416 0.9408948095213672 -0.024903345795979134
vn -0.8629589054268095 0.39461233731760076 -0.31556779110248667
vn 0.8059510359260813 -0.3775530259260791 0.45595684039581846
vn -0.8629589054268095 -0.39461233731760076 -0.31556779110248667
vn -0.8980881421602743 -0.3982143657247492 -0.18671638343097405
vn -0.8980881421602743 0.3982143657247492 -0.18671638343097405
vn -0.7738234299637897 0.2945137656721285 -0.5607663872493592
vn -0.7738234299637897 -0.2945137656721285 -0.5607663872493592
vn -0.337664792742531 0.939137825076937 0.06326636746253167
vn -0.3943073023725397 0.7334360136698751 -0.5537087367449907
vn -0.8980881421602743 0.3982143657247492 -0.18671638343097405
vn -0.7738234299637897 0.2945137656721285 -0.5607663872493592
vn -0.8980881421602743 -0.3982143657247492 -0.18671638343097405
vn -0.7738234299637897 -0.2945137656721285 -0.5607663872493592
vn -0.6958740569030656 -0.3872613669349482 -0.6048040431486421
vn -0.6958740569030656 0.3872613669349482 -0.6048040431486421
vn -0.7204391238945461 0.40688361176902016 -0.5616165909549469
vn -0.7204391238945461 -0.40688361176902016 -0.5616165909549469
vn 0.3089184555652414 -0.9141203181237877 0.26258985472491375
vn -0.28266623458200735 -0.935618564530528 -0.2114656036641977
vn -0.31364154142907213 -0.938025338848914 -0.14743624780689257
vn 0.3338179020135351 -0.9105678035753283 0.24378655292547244
vn 0.7188302216224427 -0.3668771853529662 0.5904949139067289
vn 0.7188302216224427 0.3668771853529662 0.5904949139067289
vn 0.6874386104166716 0.381486474895591 0.6179775290252317
vn 0.6874386104166716 -0.381486474895591 0.6179775290252317
vn 0.26917745935352066 -0.9310426966045922 0.24637977286139595
vn -0.28266623458200735 0.935618564530528 -0.2114656036641977
vn -0.7204391238945461 0.40688361176902016 -0.5616165909549469
vn -0.6958740569030656 0.3872613669349482 -0.6048040431486421
vn -0.29875656944262274 0.9194035901023181 -0.25581546224152324
vn 0.3089184555652414 0.9141203181237877 0.26258985472491375
vn 0.26917745935352066 0.9310426966045922 0.24637977286139595
vn -0.7204391238945461 -0.40688361176902016 -0.5616165909549469
vn -0.29875656944262274 -0.9194035901023181 -0.25581546224152324
vn -0.6958740569030656 -0.3872613669349482 -0.6048040431486421
vn 0.7776578317468064 0.36476460440816744 0.5120498804743625
vn 0.7776578317468064 -0.36476460440816744 0.5120498804743625
vn 0.8149196683051181 -0.3713252785870158 0.44499828279640763
vn 0.8149196683051181 0.3713252785870158 0.44499828279640763
vn -0.79941651704936 0.41151913603095164 -0.4377045041452157
vn -0.79941651704936 -0.41151913603095164 -0.4377045041452157
vn 0.3338179020135351 0.9105678035753283 0.24378655292547244
vn -0.79941651704936 0.41151913603095164 -0.4377045041452157
vn -0.31364154142907213 0.938025338848914 -0.14743624780689257
vn -0.3481295742075232 0.9351919968995974 -0.06497482971914427
vn -0.8626269453840617 0.39751337903042944 -0.3128224202150049
vn 0.35048887838347165 0.9054296198760331 0.2394885165945088
vn -0.79941651704936 -0.41151913603095164 -0.4377045041452157
vn -0.8626269453840617 -0.39751337903042944 -0.3128224202150049
vn -0.8626269453840617 0.39751337903042944 -0.3128224202150049
vn -0.9059449595059591 0.3923909983223098 -0.15903784072153165
vn -0.9059449595059591 -0.3923909983223098 -0.15903784072153165
vn 0.8518052345836203 0.3484435904335668 0.3911711986096472
vn 0.4147570494125077 0.8458113748337733 0.3355289975016065
vn 0.35048887838347165 -0.9054296198760331 0.2394885165945088
vn -0.3481295742075232 -0.9351919968995974 -0.06497482971914427
vn -0.32253099510019306 -0.9355474424569089 0.14396089785777205
vn 0.4147570494125077 -0.8458113748337733 0.3355289975016065
vn -0.8626269453840617 -0.39751337903042944 -0.3128224202150049
vn -0.7853770591339392 -0.3416912144437515 -0.5161685664180637
vn -0.7853770591339392 0.3416912144437515 -0.5161685664180637
vn -0.3327796104550394 0.8382969564801093 -0.431874916638577
vn 0.2510191110554361 0.8161096848512128 -0.5205327926048393
vn 0.7069875442990208 0.3517694053070024 -0.6135363866112571
vn 0.7069875442990208 -0.3517694053070024 -0.6135363866112571
vn 0.2510191110554361 -0.8161096848512128 -0.5205327926048393
vn -0.3327796104550394 -0.8382969564801093 -0.431874916638577
vn -0.32253099510019306 0.9355474424569089 0.14396089785777205
vn -0.9059449595059591 0.3923909983223098 -0.15903784072153165
vn 0.8518052345836203 -0.3484435904335668 0.3911711986096472
vn -0.9059449595059591 -0.3923909983223098 -0.15903784072153165
vn -0.7853770591339392 -0.3416912144437515 -0.5161685664180637
vn -0.7853770591339392 0.3416912144437515 -0.5161685664180637
vn 0.02435439567947903 0.9926399872346704 0.11862849216710461
vn 0.08932971141907425 0.5944225192766036 0.7991758700277685
vn 0.2195883301807316 0.580848485134893 0.7838341677707973
vn -0.0946396764707174 0.9897643683026192 0.10681679117084243
vn 0.008117978501195389 -0.6884411714209064 0.7252467524351036
vn 0.017426610363030955 0.599371606681206 0.8002811945532923
vn 0.08218749025442945 -0.7030951879425905 0.7063302153650594
vn 0.06006088602547341 -0.9980849677729077 -0.014801590306074494
vn -0.045137531432802726 -0.9986106234766102 0.02719238746061721
vn 0.08218749025442945 -0.7030951879425905 0.7063302153650594
vn 0.019135421227663325 0.9924782509807207 0.12091632224265328
vn 0.017426610363030955 0.599371606681206 0.8002811945532923
vn 0.3512181280719483 0.5878966455057636 0.7287134970046231
vn -0.41063339975683805 0.911725215690367 -0.01171930366935218
vn 0.10935070452672895 -0.5213614530295817 0.846300572323091
vn -0.25260608980295607 -0.9615938384133028 0.10736597841044279
vn 0.33671922755167716 -0.5855734458014961 0.7373763634462147
vn 0.47972962504536903 -0.5447353073527218 0.6878393211914867
vn 0.42641119305121966 0.60513033712945 0.6723025877729711
vn -0.4685038124246364 -0.8833849498376504 0.011627903676645483
vn -0.4392373916564211 0.788716779758035 -0.43011202621988937
vn 0.49755693585158345 0.5604268138070712 0.6620867631602656
vn -0.5640808621260803 0.7875402321567514 -0.24817970045430393
vn -0.3747162912184853 -0.8377860165947112 -0.39711747820239524
vn 0.5403168724119274 -0.5030831121815881 0.6745109781350341
vn -0.5294792586594514 -0.8229833108023361 -0.20579160524730586
vn 0.5510815506602885 0.5638690381131551 0.6151104229154283
vn 0.6122093857265435 -0.48543384181395877 0.6241423341274559
vn -0.4186275611054513 -0.42451770505391095 0.8028297971417494
vn -0.42110335289432405 0.4247656594476786 0.8014025834342796
vn -0.5803141308179729 -0.8141488528292595 -0.01992874832450632
vn -0.6329441974950784 0.770434584660284 -0.07623774404221985
vn -0.42110335289432405 0.4247656594476786 0.8014025834342796
vn -0.7607826969067264 -0.4919085069216641 0.4233623848494659
vn -0.7609323959755522 0.49215078243438776 0.4228114190796241
vn -0.8906622011434965 -0.4393188912198722 -0.1171313590442978
vn -0.2897179544475604 -0.946367218567654 -0.1430125675989471
vn -0.4640524516928676 -0.6108523613667277 -0.641494126777893
vn -0.24372673122264255 0.9650492098300398 -0.09631875774708254
vn -0.4849841577319666 0.6046508279852335 -0.6318130601418323
vn -0.4469492983099279 0.8038068117613059 -0.3925951274613423
vn -0.077763248339385 0.9925190175565416 -0.09412160748895379
vn -0.8906025948614306 0.4394721862511879 -0.11700946772670967
vn -0.5217570286110148 -0.7125938939021654 -0.4690197708714999
vn -0.13767123022650402 -0.9697108210123446 -0.20176113594913583
vn -0.13113826511074198 -0.9781504254456586 -0.16132111028697368
vn -0.20740667701557014 -0.9737371259385965 -0.0939067617277958
vn -0.06720244618043376 0.995920754471377 -0.06021363666586697
vn -0.7237118943880417 0.6833344110722193 -0.09641149602539793
vn -0.1370288706770216 0.9903616232650218 0.020172847217266594
vn -0.016602186093572998 0.9992746175145899 -0.03427252847376016
vn -0.41063339975683805 0.911725215690367 -0.01171930366935218
vn -0.7609323959755522 0.49215078243438776 0.4228114190796241
vn -0.24372673122264255 0.9650492098300398 -0.09631875774708254
vn -0.0946396764707174 0.9897643683026192 0.10681679117084243
vn -0.7607826969067264 -0.4919085069216641 0.4233623848494659
vn -0.4685038124246364 -0.8833849498376504 0.011627903676645483
vn -0.25260608980295607 -0.9615938384133028 0.10736597841044279
vn -0.2897179544475604 -0.946367218567654 -0.1430125675989471
vn -0.7462261130685802 -0.6615657415331877 -0.07400917378407933
vn -0.19815728494108675 -0.9801659475183742 -0.0028992671806523183
vn -0.17677002788997495 -0.8933722594836089 -0.4130839663130593
vn -0.7871183962636009 -0.6166386582169121 0.014191386678667012
vn 0.44973143359659434 -0.8770617184453458 -0.16883240113452505
vn -0.8066291812604114 -0.590581940384633 0.02371361698855987
vn -0.7706492400467047 0.6364852698726472 0.031404618300181486
vn -0.15293369817043379 0.9207457010022829 -0.35894099522028605
vn -0.29954328538264263 0.953258709087248 0.03964408822871805
vn 0.59579409355056 0.5657327919707479 -0.5700664927701408
vn 0.5979928188985464 -0.5618276204080438 -0.5716242765072226
vn -0.33791141432824656 -0.9234577058445639 -0.18177387486374127
vn -0.33800116563855503 0.9243378089027589 -0.17707294276603944
vn -0.26939196551657824 -0.957749896323101 -0.10071298331498281
vn 0.462819773667098 0.8685996549402883 -0.17700987695704487
vn -0.8003227096897585 0.599356986834953 0.015961287133829688
vn -0.7931484531209411 0.5997445071908452 0.10593421263344795
vn 0.6145910015533333 0.7864738303025659 -0.061129494181463156
vn -0.7938111287835685 -0.598639177820515 0.10721486183237262
vn -0.7029152866558782 -0.6090081050450241 0.36744962617337573
vn -0.7040375653245504 0.6072320484219746 0.36823952256803166
vn 0.6130895884367672 -0.7877479174804665 -0.05978607743968197
vn 0.5411671695787912 -0.7611803960724601 -0.3574108269275745
vn 0.54001335730265 0.7622264072149062 -0.3569264323064018
vn 0.25096114983176904 0.77946585337258 -0.5739786448129164
vn 0.2525454404213031 -0.7783281956950919 -0.5748269481404231
vn -0.6834864993430374 0.5272261352977755 0.5048552341758694
vn -0.9207643773969638 0.3822530250217676 0.0779460465866594
vn -0.24714363137404122 0.7428042413004045 -0.6222233397883613
vn -0.6828777594043657 -0.5291196181896559 0.5036967295483524
vn -0.9197049649327992 -0.38491185663684235 0.07736691863023551
vn -0.24686944456307508 -0.7412797643942859 -0.6241472488449106
vn 0.5510815506602885 0.5638690381131551 0.6151104229154283
vn 0.6122093857265435 -0.48543384181395877 0.6241423341274559
vn 0.6871693055998359 -0.42143902563727165 -0.5917664176948083
vn 0.6871693055998359 0.42143902563727165 -0.5917664176948083
vn 0.6715127568785247 0.4041650402883692 -0.6210646001488931
vn 0.6715127568785247 -0.4041650402883692 -0.6210646001488931
vn -0.2878595302383954 -0.917628539636648 0.2740342206645788
vn 0.2647520561226518 -0.9334532014410469 -0.2420154323556423
vn 0.2842197737394401 -0.9361582114496381 -0.20694666789034308
vn -0.304494946952703 -0.9141257347754831 0.26768819230861396
vn -0.6761888599899305 -0.3700788180642131 0.6370324120841211
vn -0.6761888599899305 0.3700788180642131 0.6370324120841211
vn -0.7368227694799376 0.4920900737393878 0.46361575221629236
vn -0.7368227694799376 -0.4920900737393878 0.46361575221629236
vn -0.17044776150654814 0.9513029878866082 0.2568466192797147
vn -0.31645306009214125 0.9178329072391509 0.23966688370996947
vn -0.9255169714568122 0.30021466693389975 0.23084516304912692
vn -0.17044776150654814 -0.9513029878866082 0.2568466192797147
vn 0.2647520561226518 0.9334532014410469 -0.2420154323556423
vn 0.6715127568785247 0.4041650402883692 -0.6210646001488931
vn 0.6871693055998359 0.42143902563727165 -0.5917664176948083
vn 0.3105663742316406 0.937711458419805 -0.15571046189904864
vn -0.2878595302383954 0.917628539636648 0.2740342206645788
vn 0.6715127568785247 -0.4041650402883692 -0.6210646001488931
vn 0.3105663742316406 -0.937711458419805 -0.15571046189904864
vn 0.6871693055998359 -0.42143902563727165 -0.5917664176948083
vn -0.7121142326213226 0.36791398305788203 0.5979403153899473
vn -0.7121142326213226 -0.36791398305788203 0.5979403153899473
vn -0.757980027173358 -0.36788096004846665 0.5386370555764742
vn -0.757980027173358 0.36788096004846665 0.5386370555764742
vn 0.7228135818990172 0.4089249886970795 -0.5570645199987214
vn 0.7228135818990172 -0.4089249886970795 -0.5570645199987214
vn 0.3154447753335089 -0.9488369001438881 -0.014252390681186984
vn 0.7080360072169731 -0.4400199579679668 -0.552329113006109
vn -0.304494946952703 0.9141257347754831 0.26768819230861396
vn 0.7080360072169731 -0.4400199579679668 -0.552329113006109
vn 0.7080360072169731 0.4400199579679668 -0.552329113006109
vn -0.31645306009214125 -0.9178329072391509 0.23966688370996947
vn -0.9255169714568122 -0.30021466693389975 0.23084516304912692
vn 0.3154447753335089 0.9488369001438881 -0.014252390681186984
vn 0.7080360072169731 0.4400199579679668 -0.552329113006109
vn 0.7228135818990172 0.4089249886970795 -0.5570645199987214
vn 0.2842197737394401 0.9361582114496381 -0.20694666789034308
vn 0.31163199391417085 0.9344992138797651 -0.17203697168684146
vn 0.7786169607149941 0.4054228329477648 -0.47894462624770545
vn -0.3187723500130482 0.9152078379750528 0.24653357210771115
vn 0.7228135818990172 -0.4089249886970795 -0.5570645199987214
vn 0.7786169607149941 -0.4054228329477648 -0.47894462624770545
vn 0.7786169607149941 0.4054228329477648 -0.47894462624770545
vn 0.8065987301844962 0.4037113651876538 -0.43175875449500606
vn 0.8065987301844962 -0.4037113651876538 -0.43175875449500606
vn -0.8185494521754217 0.3646712328009706 0.44383745483086184
vn -0.3544172062509664 0.9131286552597977 0.20145595761032645
vn -0.3187723500130482 -0.9152078379750528 0.24653357210771115
vn 0.31163199391417085 -0.9344992138797651 -0.17203697168684146
vn 0.3170938534954353 -0.934923295048896 -0.1592793786098198
vn -0.3544172062509664 -0.9131286552597977 0.20145595761032645
vn 0.7786169607149941 -0.4054228329477648 -0.47894462624770545
vn -0.877576220793836 0.34575069306432166 0.33213918007779425
vn -0.40337348945692514 0.8926587885342324 0.20112214014359708
vn 0.3380038441181233 -0.9397269867331717 -0.051639052729157274
vn -0.40337348945692514 -0.8926587885342324 0.20112214014359708
vn -0.8185494521754217 -0.3646712328009706 0.44383745483086184
vn -0.877576220793836 -0.34575069306432166 0.33213918007779425
vn 0.3170938534954353 0.934923295048896 -0.1592793786098198
vn 0.8065987301844962 0.4037113651876538 -0.43175875449500606
vn 0.8065987301844962 -0.4037113651876538 -0.43175875449500606
vn 0.8712275411214929 -0.40565930552007745 -0.2764111058484548
vn 0.771703978344973 -0.3053428228386334 -0.5578877399150087
vn 0.3852486872302685 -0.750110318830335 -0.5375108915841688
vn -0.6788413063748189 -0.32731972385100117 -0.6572946669017129
vn -0.6788413063748189 0.32731972385100117 -0.6572946669017129
vn 0.8712275411214929 0.40565930552007745 -0.2764111058484548
vn 0.3380038441181233 0.9397269867331717 -0.051639052729157274
vn 0.3852486872302685 0.750110318830335 -0.5375108915841688
vn 0.771703978344973 0.3053428228386334 -0.5578877399150087
vn 0.8712275411214929 0.40565930552007745 -0.2764111058484548
vn 0.8712275411214929 -0.40565930552007745 -0.2764111058484548
vn -0.2250490496606154 -0.7837346674215917 -0.5788893644975877
vn -0.2250490496606154 0.7837346674215917 -0.5788893644975877
vn 0.771703978344973 -0.3053428228386334 -0.5578877399150087
vn 0.771703978344973 0.3053428228386334 -0.5578877399150087
vn 0.3852486872302685 0.750110318830335 -0.5375108915841688
vn 0.3852486872302685 -0.750110318830335 -0.5375108915841688
vn -0.2250490496606154 -0.7837346674215917 -0.5788893644975877
vn -0.2250490496606154 0.7837346674215917 -0.5788893644975877
vn 0.6832405170260528 -0.40700833253201557 -0.6062397324025208
vn 0.6832405170260528 0.40700833253201557 -0.6062397324025208
vn 0.7121446584160822 0.40581929917512216 -0.572853106744176
vn 0.7121446584160822 -0.40581929917512216 -0.572853106744176
vn -0.2845337172297667 -0.9165324723314786 0.2810850243633742
vn 0.28846453543588696 -0.9336949133980575 -0.21213679664393803
vn 0.3050986568008283 -0.9361099643034906 -0.17496555189536006
vn -0.3091269852817887 -0.9133727143668419 0.26493544802600594
vn -0.6852501446141056 -0.37004667269238944 0.6272939497043145
vn -0.6852501446141056 0.37004667269238944 0.6272939497043145
vn -0.6833625171877097 0.36834004798822195 0.6303501242570763
vn -0.6833625171877097 -0.36834004798822195 0.6303501242570763
vn -0.2931322742379045 -0.9152258358453739 0.2764690564986442
vn 0.28846453543588696 0.9336949133980575 -0.21213679664393803
vn 0.7121446584160822 0.40581929917512216 -0.572853106744176
vn 0.6832405170260528 0.40700833253201557 -0.6062397324025208
vn 0.26777114134400654 0.935276344950101 -0.2314233662362286
vn -0.2845337172297667 0.9165324723314786 0.2810850243633742
vn -0.2931322742379045 0.9152258358453739 0.2764690564986442
vn 0.7121446584160822 -0.40581929917512216 -0.572853106744176
vn 0.26777114134400654 -0.935276344950101 -0.2314233662362286
vn 0.6832405170260528 -0.40700833253201557 -0.6062397324025208
vn -0.7338002251956924 0.36665593778968314 0.5719271394035423
vn -0.7338002251956924 -0.36665593778968314 0.5719271394035423
vn -0.7884961509386701 -0.37999555934458895 0.4836085140206847
vn -0.7884961509386701 0.37999555934458895 0.4836085140206847
vn 0.7650867051192883 0.4080116513464091 -0.4981654604800372
vn 0.7650867051192883 -0.4080116513464091 -0.4981654604800372
vn -0.3091269852817887 0.9133727143668419 0.26493544802600594
vn 0.7650867051192883 0.4080116513464091 -0.4981654604800372
vn 0.3050986568008283 0.9361099643034906 -0.17496555189536006
vn 0.3069285625241104 0.9386392949238052 -0.15732492342863275
vn 0.8035453608241439 0.40477883936345066 -0.4364274788571111
vn -0.34077387948572047 0.9156581394872854 0.21317442306931336
vn 0.7650867051192883 -0.4080116513464091 -0.4981654604800372
vn 0.8035453608241439 -0.40477883936345066 -0.4364274788571111
vn 0.8035453608241439 0.40477883936345066 -0.4364274788571111
vn 0.8629589054268095 0.39461233731760076 -0.31556779110248667
vn 0.8629589054268095 -0.39461233731760076 -0.31556779110248667
vn -0.8059510359260813 0.3775530259260791 0.45595684039581846
vn -0.34945011058420533 0.8947143437037809 0.27815618523304425
vn -0.34077387948572047 -0.9156581394872854 0.21317442306931336
vn 0.3069285625241104 -0.9386392949238052 -0.15732492342863275
vn 0.337782149889416 -0.9408948095213672 -0.024903345795979134
vn -0.34945011058420533 -0.8947143437037809 0.27815618523304425
vn 0.8035453608241439 -0.40477883936345066 -0.4364274788571111
vn -0.395101789906512 0.8868884278963741 0.2394232488213465
vn -0.8824420416654821 0.358268904637637 0.3048596973543785
vn -0.6345240635039706 0.3178876854391953 -0.7045045296380429
vn -0.20377818728422573 0.7630466514479753 -0.6133793753470905
vn -0.395101789906512 -0.8868884278963741 0.2394232488213465
vn 0.337664792742531 -0.939137825076937 0.06326636746253167
vn 0.3943073023725397 -0.7334360136698751 -0.5537087367449907
vn -0.20377818728422573 -0.7630466514479753 -0.6133793753470905
vn -0.8824420416654821 -0.358268904637637 0.3048596973543785
vn -0.6345240635039706 -0.3178876854391953 -0.7045045296380429
vn 0.337782149889416 0.9408948095213672 -0.024903345795979134
vn 0.8629589054268095 0.39461233731760076 -0.31556779110248667
vn -0.8059510359260813 -0.3775530259260791 0.45595684039581846
vn 0.8629589054268095 -0.39461233731760076 -0.31556779110248667
vn 0.8980881421602743 -0.3982143657247492 -0.18671638343097405
vn 0.8980881421602743 0.3982143657247492 -0.18671638343097405
vn 0.7738234299637897 0.2945137656721285 -0.5607663872493592
vn 0.7738234299637897 -0.2945137656721285 -0.5607663872493592
vn 0.337664792742531 0.939137825076937 0.06326636746253167
vn 0.3943073023725397 0.7334360136698751 -0.5537087367449907
vn 0.8980881421602743 0.3982143657247492 -0.18671638343097405
vn 0.7738234299637897 0.2945137656721285 -0.5607663872493592
vn 0.8980881421602743 -0.3982143657247492 -0.18671638343097405
vn 0.7738234299637897 -0.2945137656721285 -0.5607663872493592
vn 0.6958740569030656 -0.3872613669349482 -0.6048040431486421
vn 0.6958740569030656 0.3872613669349482 -0.6048040431486421
vn 0.7204391238945461 0.40688361176902016 -0.5616165909549469
vn 0.7204391238945461 -0.40688361176902016 -0.5616165909549469
vn -0.3089184555652414 -0.9141203181237877 0.26258985472491375
vn 0.28266623458200735 -0.935618564530528 -0.2114656036641977
vn 0.31364154142907213 -0.938025338848914 -0.14743624780689257
vn -0.3338179020135351 -0.9105678035753283 0.24378655292547244
vn -0.7188302216224427 -0.3668771853529662 0.5904949139067289
vn -0.7188302216224427 0.3668771853529662 0.5904949139067289
vn -0.6874386104166716 0.381486474895591 0.6179775290252317
vn -0.6874386104166716 -0.381486474895591 0.6179775290252317
vn -0.26917745935352066 -0.9310426966045922 0.24637977286139595
vn 0.28266623458200735 0.935618564530528 -0.2114656036641977
vn 0.7204391238945461 0.40688361176902016 -0.5616165909549469
vn 0.6958740569030656 0.3872613669349482 -0.6048040431486421
vn 0.29875656944262274 0.9194035901023181 -0.25581546224152324
vn -0.3089184555652414 0.9141203181237877 0.26258985472491375
vn -0.26917745935352066 0.9310426966045922 0.24637977286139595
vn 0.7204391238945461 -0.40688361176902016 -0.5616165909549469
vn 0.29875656944262274 -0.9194035901023181 -0.25581546224152324
vn 0.6958740569030656 -0.3872613669349482 -0.6048040431486421
vn -0.7776578317468064 0.36476460440816744 0.5120498804743625
vn -0.7776578317468064 -0.36476460440816744 0.5120498804743625
vn -0.8149196683051181 -0.3713252785870158 0.44499828279640763
vn -0.8149196683051181 0.3713252785870158 0.44499828279640763
vn 0.79941651704936 0.41151913603095164 -0.4377045041452157
vn 0.79941651704936 -0.41151913603095164 -0.4377045041452157
vn -0.3338179020135351 0.9105678035753283 0.24378655292547244
vn 0.79941651704936 0.41151913603095164 -0.4377045041452157
vn 0.31364154142907213 0.938025338848914 -0.14743624780689257
vn 0.3481295742075232 0.9351919968995974 -0.06497482971914427
vn 0.8626269453840617 0.39751337903042944 -0.3128224202150049
vn -0.35048887838347165 0.9054296198760331 0.2394885165945088
vn 0.79941651704936 -0.41151913603095164 -0.4377045041452157
vn 0.8626269453840617 -0.39751337903042944 -0.3128224202150049
vn 0.8626269453840617 0.39751337903042944 -0.3128224202150049
vn 0.9059449595059591 0.3923909983223098 -0.15903784072153165
vn 0.9059449595059591 -0.3923909983223098 -0.15903784072153165
vn -0.8518052345836203 0.3484435904335668 0.3911711986096472
vn -0.4147570494125077 0.8458113748337733 0.3355289975016065
vn -0.35048887838347165 -0.9054296198760331 0.2394885165945088
vn 0.3481295742075232 -0.9351919968995974 -0.06497482971914427
vn 0.32253099510019306 -0.9355474424569089 0.14396089785777205
vn -0.4147570494125077 -0.8458113748337733 0.3355289975016065
vn 0.8626269453840617 -0.39751337903042944 -0.3128224202150049
vn 0.7853770591339392 -0.3416912144437515 -0.5161685664180637
vn 0.7853770591339392 0.3416912144437515 -0.5161685664180637
vn 0.3327796104550394 0.8382969564801093 -0.431874916638577
vn -0.2510191110554361 0.8161096848512128 -0.5205327926048393
vn -0.7069875442990208 0.3517694053070024 -0.6135363866112571
vn -0.7069875442990208 -0.3517694053070024 -0.6135363866112571
vn -0.2510191110554361 -0.8161096848512128 -0.5205327926048393
vn 0.3327796104550394 -0.8382969564801093 -0.431874916638577
vn 0.32253099510019306 0.9355474424569089 0.14396089785777205
vn 0.9059449595059591 0.3923909983223098 -0.15903784072153165
vn -0.8518052345836203 -0.3484435904335668 0.3911711986096472
vn 0.9059449595059591 -0.3923909983223098 -0.15903784072153165
vn 0.7853770591339392 -0.3416912144437515 -0.5161685664180637
vn 0.7853770591339392 0.3416912144437515 -0.5161685664180637
f 741/741/741 742/742/742 743/743/743
f 741/741/741 743/743/743 744/744/744
f 745/745/745 742/742/742 746/746/746
f 745/745/745 746/746/746 747/747/747
f 748/748/748 749/749/749 745/745/745
f 748/748/748 745/745/745 750/750/750
f 741/741/741 751/751/751 752/752/752
f 741/741/741 752/752/752 742/742/742
f 744/744/744 743/743/743 753/753/753
f 744/744/744 753/753/753 754/754/754
f 742/742/742 745/745/745 755/755/755
f 742/742/742 755/755/755 743/743/743
f 745/745/745 749/749/749 756/756/756
f 745/745/745 756/756/756 755/755/755
f 753/753/753 757/757/757 758/758/758
f 753/753/753 758/758/758 759/759/759
f 743/743/743 755/755/755 757/757/757
f 743/743/743 757/757/757 753/753/753
f 755/755/755 756/756/756 760/760/760
f 755/755/755 760/760/760 757/757/757
f 761/761/761 759/759/759 762/762/762
f 761/761/761 762/762/762 763/763/763
f 757/757/757 760/760/760 764/764/764
f 757/757/757 764/764/764 758/758/758
f 754/754/754 753/753/753 759/759/759
f 754/754/754 759/759/759 761/761/761
f 759/759/759 758/758/758 765/765/765
f 759/759/759 765/765/765 762/762/762
f 758/758/758 764/764/764 766/766/766
f 758/758/758 766/766/766 765/765/765
f 767/767/767 768/768/768 769/769/769
f 767/767/767 769/769/769 770/770/770
f 768/768/768 771/771/771 769/769/769
f 772/772/772 767/767/767 773/773/773
f 760/760/760 774/774/774 775/775/775
f 760/760/760 775/775/775 754/754/754
f 776/776/776 774/774/774 777/777/777
f 776/776/776 777/777/777 778/778/778
f 779/779/779 780/780/780 781/781/781
f 779/779/779 781/781/781 782/782/782
f 783/783/783 776/776/776 778/778/778
f 783/783/783 778/778/778 780/780/780
f 775/775/775 783/783/783 780/780/780
f 775/775/775 780/780/780 779/779/779
f 784/784/784 785/785/785 786/786/786
f 784/784/784 786/786/786 787/787/787
f 778/778/778 777/777/777 785/785/785
f 778/778/778 785/785/785 784/784/784
f 780/780/780 778/778/778 784/784/784
f 780/780/780 784/784/784 781/781/781
f 788/788/788 781/781/781 789/789/789
f 788/788/788 789/789/789 790/790/790
f 782/782/782 781/781/781 788/788/788
f 782/782/782 788/788/788 791/791/791
f 741/741/741 782/782/782 791/791/791
f 741/741/741 791/791/791 751/751/751
f 744/744/744 779/779/779 782/782/782
f 744/744/744 782/782/782 741/741/741
f 792/792/792 793/793/793 794/794/794
f 792/792/792 794/794/794 795/795/795
f 748/748/748 786/786/786 785/785/785
f 748/748/748 785/785/785 749/749/749
f 756/756/756 749/749/749 785/785/785
f 756/756/756 785/785/785 777/777/777
f 796/796/796 797/797/797 798/798/798
f 796/796/796 798/798/798 799/799/799
f 800/800/800 801/801/801 802/802/802
f 800/800/800 802/802/802 803/803/803
f 781/781/781 784/784/784 800/800/800
f 781/781/781 800/800/800 789/789/789
f 784/784/784 787/787/787 801/801/801
f 784/784/784 801/801/801 800/800/800
f 803/803/803 802/802/802 804/804/804
f 803/803/803 804/804/804 805/805/805
f 789/789/789 800/800/800 803/803/803
f 789/789/789 803/803/803 806/806/806
f 790/790/790 807/807/807 808/808/808
f 809/809/809 810/810/810 811/811/811
f 809/809/809 811/811/811 812/812/812
f 807/807/807 790/790/790 789/789/789
f 807/807/807 789/789/789 806/806/806
f 807/807/807 802/802/802 810/810/810
f 807/807/807 810/810/810 809/809/809
f 802/802/802 801/801/801 813/813/813
f 802/802/802 813/813/813 811/811/811
f 802/802/802 811/811/811 810/810/810
f 808/808/808 807/807/807 809/809/809
f 808/808/808 809/809/809 812/812/812
f 814/814/814 815/815/815 816/816/816
f 814/814/814 816/816/816 817/817/817
f 806/806/806 803/803/803 805/805/805
f 806/806/806 805/805/805 815/815/815
f 802/802/802 807/807/807 814/814/814
f 802/802/802 814/814/814 804/804/804
f 807/807/807 806/806/806 815/815/815
f 807/807/807 815/815/815 814/814/814
f 816/816/816 818/818/818 819/819/819
f 816/816/816 819/819/819 820/820/820
f 815/815/815 805/805/805 818/818/818
f 815/815/815 818/818/818 816/816/816
f 804/804/804 814/814/814 817/817/817
f 804/804/804 817/817/817 821/821/821
f 805/805/805 804/804/804 821/821/821
f 805/805/805 821/821/821 818/818/818
f 822/822/822 823/823/823 824/824/824
f 822/822/822 824/824/824 825/825/825
f 821/821/821 817/817/817 823/823/823
f 821/821/821 823/823/823 822/822/822
f 818/818/818 821/821/821 822/822/822
f 818/818/818 822/822/822 819/819/819
f 817/817/817 816/816/816 820/820/820
f 817/817/817 820/820/820 823/823/823
f 824/824/824 826/826/826 827/827/827
f 824/824/824 827/827/827 828/828/828
f 819/819/819 822/822/822 825/825/825
f 819/819/819 825/825/825 829/829/829
f 823/823/823 820/820/820 826/826/826
f 823/823/823 826/826/826 824/824/824
f 820/820/820 819/819/819 829/829/829
f 820/820/820 829/829/829 826/826/826
f 827/827/827 830/830/830 831/831/831
f 827/827/827 831/831/831 828/828/828
f 826/826/826 829/829/829 830/830/830
f 826/826/826 830/830/830 827/827/827
f 825/825/825 824/824/824 828/828/828
f 825/825/825 828/828/828 831/831/831
f 829/829/829 825/825/825 831/831/831
f 829/829/829 831/831/831 830/830/830
f 763/763/763 762/762/762 832/832/832
f 763/763/763 832/832/832 772/772/772
f 765/765/765 766/766/766 771/771/771
f 765/765/765 771/771/771 833/833/833
f 762/762/762 765/765/765 833/833/833
f 762/762/762 833/833/833 832/832/832
f 763/763/763 772/772/772 771/771/771
f 763/763/763 771/771/771 766/766/766
f 761/761/761 763/763/763 766/766/766
f 761/761/761 766/766/766 764/764/764
f 769/769/769 771/771/771 772/772/772
f 769/769/769 772/772/772 773/773/773
f 760/760/760 754/754/754 761/761/761
f 760/760/760 761/761/761 764/764/764
f 774/774/774 776/776/776 783/783/783
f 774/774/774 783/783/783 775/775/775
f 834/834/834 835/835/835 836/836/836
f 834/834/834 836/836/836 837/837/837
f 838/838/838 839/839/839 840/840/840
f 838/838/838 840/840/840 841/841/841
f 842/842/842 843/843/843 844/844/844
f 842/842/842 844/844/844 845/845/845
f 844/844/844 846/846/846 847/847/847
f 844/844/844 847/847/847 848/848/848
f 838/838/838 842/842/842 845/845/845
f 838/838/838 845/845/845 849/849/849
f 850/850/850 851/851/851 852/852/852
f 850/850/850 852/852/852 853/853/853
f 854/854/854 850/850/850 853/853/853
f 854/854/854 853/853/853 846/846/846
f 855/855/855 839/839/839 856/856/856
f 855/855/855 856/856/856 857/857/857
f 858/858/858 859/859/859 860/860/860
f 858/858/858 860/860/860 861/861/861
f 837/837/837 836/836/836 862/862/862
f 837/837/837 862/862/862 863/863/863
f 857/857/857 856/856/856 864/864/864
f 857/857/857 864/864/864 865/865/865
f 843/843/843 854/854/854 846/846/846
f 843/843/843 846/846/846 844/844/844
f 839/839/839 838/838/838 849/849/849
f 839/839/839 849/849/849 856/856/856
f 854/854/854 843/843/843 858/858/858
f 854/854/854 858/858/858 866/866/866
f 835/835/835 834/834/834 867/867/867
f 835/835/835 867/867/867 868/868/868
f 856/856/856 849/849/849 869/869/869
f 856/856/856 869/869/869 864/864/864
f 849/849/849 845/845/845 870/870/870
f 849/849/849 870/870/870 869/869/869
f 846/846/846 853/853/853 871/871/871
f 846/846/846 871/871/871 847/847/847
f 853/853/853 852/852/852 872/872/872
f 853/853/853 872/872/872 871/871/871
f 845/845/845 844/844/844 848/848/848
f 845/845/845 848/848/848 870/870/870
f 873/873/873 874/874/874 875/875/875
f 873/873/873 875/875/875 876/876/876
f 874/874/874 866/866/866 877/877/877
f 874/874/874 877/877/877 875/875/875
f 843/843/843 842/842/842 859/859/859
f 843/843/843 859/859/859 858/858/858
f 839/839/839 855/855/855 878/878/878
f 839/839/839 878/878/878 840/840/840
f 851/851/851 850/850/850 874/874/874
f 851/851/851 874/874/874 873/873/873
f 842/842/842 838/838/838 841/841/841
f 842/842/842 841/841/841 859/859/859
f 850/850/850 854/854/854 866/866/866
f 850/850/850 866/866/866 874/874/874
f 879/879/879 880/880/880 881/881/881
f 879/879/879 881/881/881 882/882/882
f 877/877/877 861/861/861 883/883/883
f 877/877/877 883/883/883 884/884/884
f 885/885/885 886/886/886 887/887/887
f 885/885/885 887/887/887 888/888/888
f 840/840/840 878/878/878 889/889/889
f 840/840/840 889/889/889 886/886/886
f 859/859/859 841/841/841 885/885/885
f 859/859/859 885/885/885 860/860/860
f 841/841/841 840/840/840 886/886/886
f 841/841/841 886/886/886 885/885/885
f 866/866/866 858/858/858 861/861/861
f 866/866/866 861/861/861 877/877/877
f 863/863/863 862/862/862 880/880/880
f 863/863/863 880/880/880 879/879/879
f 884/884/884 883/883/883 890/890/890
f 884/884/884 890/890/890 891/891/891
f 888/888/888 887/887/887 892/892/892
f 888/888/888 892/892/892 893/893/893
f 894/894/894 888/888/888 893/893/893
f 894/894/894 893/893/893 895/895/895
f 875/875/875 877/877/877 884/884/884
f 875/875/875 884/884/884 896/896/896
f 876/876/876 875/875/875 896/896/896
f 876/876/876 896/896/896 897/897/897
f 861/861/861 860/860/860 894/894/894
f 861/861/861 894/894/894 883/883/883
f 886/886/886 889/889/889 898/898/898
f 886/886/886 898/898/898 887/887/887
f 860/860/860 885/885/885 888/888/888
f 860/860/860 888/888/888 894/894/894
f 892/892/892 899/899/899 900/900/900
f 892/892/892 900/900/900 901/901/901
f 890/890/890 895/895/895 902/902/902
f 890/890/890 902/902/902 903/903/903
f 904/904/904 905/905/905 906/906/906
f 904/904/904 906/906/906 907/907/907
f 882/882/882 881/881/881 908/908/908
f 882/882/882 908/908/908 909/909/909
f 896/896/896 884/884/884 891/891/891
f 896/896/896 891/891/891 905/905/905
f 897/897/897 896/896/896 905/905/905
f 897/897/897 905/905/905 904/904/904
f 883/883/883 894/894/894 895/895/895
f 883/883/883 895/895/895 890/890/890
f 887/887/887 898/898/898 899/899/899
f 887/887/887 899/899/899 892/892/892
f 910/910/910 911/911/911 903/903/903
f 910/910/910 903/903/903 902/902/902
f 912/912/912 913/913/913 914/914/914
f 912/912/912 914/914/914 915/915/915
f 915/915/915 914/914/914 911/911/911
f 915/915/915 911/911/911 910/910/910
f 895/895/895 893/893/893 916/916/916
f 895/895/895 916/916/916 902/902/902
f 893/893/893 892/892/892 901/901/901
f 893/893/893 901/901/901 916/916/916
f 891/891/891 890/890/890 903/903/903
f 891/891/891 903/903/903 917/917/917
f 909/909/909 908/908/908 913/913/913
f 909/909/909 913/913/913 912/912/912
f 905/905/905 891/891/891 917/917/917
f 905/905/905 917/917/917 906/906/906
f 918/918/918 919/919/919 920/920/920
f 918/918/918 920/920/920 921/921/921
f 922/922/922 923/923/923 924/924/924
f 922/922/922 924/924/924 925/925/925
f 926/926/926 927/927/927 928/928/928
f 926/926/926 928/928/928 929/929/929
f 922/922/922 926/926/926 929/929/929
f 922/922/922 929/929/929 930/930/930
f 931/931/931 932/932/932 933/933/933
f 931/931/931 933/933/933 934/934/934
f 935/935/935 931/931/931 934/934/934
f 935/935/935 934/934/934 936/936/936
f 937/937/937 923/923/923 938/938/938
f 937/937/937 938/938/938 939/939/939
f 940/940/940 941/941/941 942/942/942
f 940/940/940 942/942/942 943/943/943
f 921/921/921 920/920/920 944/944/944
f 921/921/921 944/944/944 945/945/945
f 927/927/927 935/935/935 936/936/936
f 927/927/927 936/936/936 928/928/928
f 923/923/923 922/922/922 930/930/930
f 923/923/923 930/930/930 938/938/938
f 935/935/935 927/927/927 940/940/940
f 935/935/935 940/940/940 946/946/946
f 947/947/947 948/948/948 949/949/949
f 947/947/947 949/949/949 950/950/950
f 948/948/948 946/946/946 951/951/951
f 948/948/948 951/951/951 949/949/949
f 927/927/927 926/926/926 941/941/941
f 927/927/927 941/941/941 940/940/940
f 923/923/923 937/937/937 952/952/952
f 923/923/923 952/952/952 924/924/924
f 932/932/932 931/931/931 948/948/948
f 932/932/932 948/948/948 947/947/947
f 926/926/926 922/922/922 925/925/925
f 926/926/926 925/925/925 941/941/941
f 931/931/931 935/935/935 946/946/946
f 931/931/931 946/946/946 948/948/948
f 953/953/953 954/954/954 955/955/955
f 953/953/953 955/955/955 956/956/956
f 951/951/951 943/943/943 957/957/957
f 951/951/951 957/957/957 958/958/958
f 959/959/959 960/960/960 961/961/961
f 959/959/959 961/961/961 962/962/962
f 924/924/924 952/952/952 963/963/963
f 924/924/924 963/963/963 960/960/960
f 941/941/941 925/925/925 959/959/959
f 941/941/941 959/959/959 942/942/942
f 925/925/925 924/924/924 960/960/960
f 925/925/925 960/960/960 959/959/959
f 946/946/946 940/940/940 943/943/943
f 946/946/946 943/943/943 951/951/951
f 945/945/945 944/944/944 954/954/954
f 945/945/945 954/954/954 953/953/953
f 964/964/964 965/965/965 966/966/966
f 964/964/964 966/966/966 967/967/967
f 968/968/968 969/969/969 970/970/970
f 968/968/968 970/970/970 971/971/971
f 972/972/972 968/968/968 971/971/971
f 972/972/972 971/971/971 973/973/973
f 949/949/949 951/951/951 958/958/958
f 949/949/949 958/958/958 974/974/974
f 950/950/950 949/949/949 974/974/974
f 950/950/950 974/974/974 975/975/975
f 943/943/943 942/942/942 976/976/976
f 943/943/943 976/976/976 957/957/957
f 960/960/960 963/963/963 977/977/977
f 960/960/960 977/977/977 961/961/961
f 942/942/942 959/959/959 962/962/962
f 942/942/942 962/962/962 976/976/976
f 978/978/978 979/979/979 980/980/980
f 978/978/978 980/980/980 981/981/981
f 982/982/982 964/964/964 967/967/967
f 982/982/982 967/967/967 983/983/983
f 984/984/984 982/982/982 983/983/983
f 984/984/984 983/983/983 985/985/985
f 965/965/965 972/972/972 973/973/973
f 965/965/965 973/973/973 966/966/966
f 969/969/969 986/986/986 987/987/987
f 969/969/969 987/987/987 970/970/970
f 961/961/961 977/977/977 986/986/986
f 961/961/961 986/986/986 969/969/969
f 957/957/957 976/976/976 972/972/972
f 957/957/957 972/972/972 965/965/965
f 975/975/975 974/974/974 982/982/982
f 975/975/975 982/982/982 984/984/984
f 974/974/974 958/958/958 964/964/964
f 974/974/974 964/964/964 982/982/982
f 956/956/956 955/955/955 979/979/979
f 956/956/956 979/979/979 978/978/978
f 976/976/976 962/962/962 968/968/968
f 976/976/976 968/968/968 972/972/972
f 962/962/962 961/961/961 969/969/969
f 962/962/962 969/969/969 968/968/968
f 958/958/958 957/957/957 965/965/965
f 958/958/958 965/965/965 964/964/964
f 988/988/988 989/989/989 990/990/990
f 988/988/988 990/990/990 991/991/991
f 992/992/992 993/993/993 994/994/994
f 992/992/992 994/994/994 995/995/995
f 996/996/996 997/997/997 998/998/998
f 996/996/996 998/998/998 999/999/999
f 992/992/992 996/996/996 999/999/999
f 992/992/992 999/999/999 1000/1000/1000
f 1001/1001/1001 1002/1002/1002 1003/1003/1003
f 1001/1001/1001 1003/1003/1003 1004/1004/1004
f 1005/1005/1005 1001/1001/1001 1004/1004/1004
f 1005/1005/1005 1004/1004/1004 1006/1006/1006
f 1007/1007/1007 993/993/993 1008/1008/1008
f 1007/1007/1007 1008/1008/1008 1009/1009/1009
f 1010/1010/1010 1011/1011/1011 1012/1012/1012
f 1010/1010/1010 1012/1012/1012 1013/1013/1013
f 991/991/991 990/990/990 1014/1014/1014
f 991/991/991 1014/1014/1014 1015/1015/1015
f 997/997/997 1005/1005/1005 1006/1006/1006
f 997/997/997 1006/1006/1006 998/998/998
f 993/993/993 992/992/992 1000/1000/1000
f 993/993/993 1000/1000/1000 1008/1008/1008
f 1005/1005/1005 997/997/997 1010/1010/1010
f 1005/1005/1005 1010/1010/1010 1016/1016/1016
f 1017/1017/1017 1018/1018/1018 1019/1019/1019
f 1017/1017/1017 1019/1019/1019 1020/1020/1020
f 1018/1018/1018 1016/1016/1016 1021/1021/1021
f 1018/1018/1018 1021/1021/1021 1019/1019/1019
f 997/997/997 996/996/996 1011/1011/1011
f 997/997/997 1011/1011/1011 1010/1010/1010
f 993/993/993 1007/1007/1007 1022/1022/1022
f 993/993/993 1022/1022/1022 994/994/994
f 1002/1002/1002 1001/1001/1001 1018/1018/1018
f 1002/1002/1002 1018/1018/1018 1017/1017/1017
f 996/996/996 992/992/992 995/995/995
f 996/996/996 995/995/995 1011/1011/1011
f 1001/1001/1001 1005/1005/1005 1016/1016/1016
f 1001/1001/1001 1016/1016/1016 1018/1018/1018
f 1023/1023/1023 1024/1024/1024 1025/1025/1025
f 1023/1023/1023 1025/1025/1025 1026/1026/1026
f 1021/1021/1021 1013/1013/1013 1027/1027/1027
f 1021/1021/1021 1027/1027/1027 1028/1028/1028
f 1029/1029/1029 1030/1030/1030 1031/1031/1031
f 1029/1029/1029 1031/1031/1031 1032/1032/1032
f 994/994/994 1022/1022/1022 1033/1033/1033
f 994/994/994 1033/1033/1033 1030/1030/1030
f 1011/1011/1011 995/995/995 1029/1029/1029
f 1011/1011/1011 1029/1029/1029 1012/1012/1012
f 995/995/995 994/994/994 1030/1030/1030
f 995/995/995 1030/1030/1030 1029/1029/1029
f 1016/1016/1016 1010/1010/1010 1013/1013/1013
f 1016/1016/1016 1013/1013/1013 1021/1021/1021
f 1015/1015/1015 1014/1014/1014 1024/1024/1024
f 1015/1015/1015 1024/1024/1024 1023/1023/1023
f 1034/1034/1034 1035/1035/1035 1036/1036/1036
f 1034/1034/1034 1036/1036/1036 1037/1037/1037
f 1034/1034/1034 1037/1037/1037 1038/1038/1038
f 1034/1034/1034 1038/1038/1038 1039/1039/1039
f 1034/1034/1034 1039/1039/1039 1040/1040/1040
f 1034/1034/1034 1040/1040/1040 1041/1041/1041
f 1019/1019/1019 1021/1021/1021 1028/1028/1028
f 1019/1019/1019 1028/1028/1028 1042/1042/1042
f 1020/1020/1020 1019/1019/1019 1042/1042/1042
f 1020/1020/1020 1042/1042/1042 1043/1043/1043
f 1013/1013/1013 1012/1012/1012 1044/1044/1044
f 1013/1013/1013 1044/1044/1044 1027/1027/1027
f 1030/1030/1030 1033/1033/1033 1045/1045/1045
f 1030/1030/1030 1045/1045/1045 1031/1031/1031
f 1012/1012/1012 1029/1029/1029 1032/1032/1032
f 1012/1012/1012 1032/1032/1032 1044/1044/1044
f 987/987/987 985/985/985 983/983/983
f 987/987/987 983/983/983 967/967/967
f 987/987/987 967/967/967 966/966/966
f 987/987/987 966/966/966 973/973/973
f 987/987/987 973/973/973 971/971/971
f 987/987/987 971/971/971 970/970/970
f 1031/1031/1031 1045/1045/1045 1046/1046/1046
f 1031/1031/1031 1046/1046/1046 1041/1041/1041
f 1027/1027/1027 1044/1044/1044 1039/1039/1039
f 1027/1027/1027 1039/1039/1039 1038/1038/1038
f 1043/1043/1043 1042/1042/1042 1036/1036/1036
f 1043/1043/1043 1036/1036/1036 1047/1047/1047
f 1042/1042/1042 1028/1028/1028 1037/1037/1037
f 1042/1042/1042 1037/1037/1037 1036/1036/1036
f 1026/1026/1026 1025/1025/1025 1035/1035/1035
f 1026/1026/1026 1035/1035/1035 1034/1034/1034
f 1044/1044/1044 1032/1032/1032 1040/1040/1040
f 1044/1044/1044 1040/1040/1040 1039/1039/1039
f 1032/1032/1032 1031/1031/1031 1041/1041/1041
f 1032/1032/1032 1041/1041/1041 1040/1040/1040
f 1028/1028/1028 1027/1027/1027 1038/1038/1038
f 1028/1028/1028 1038/1038/1038 1037/1037/1037
f 1050/1050/1050 1049/1049/1049 1048/1048/1048
f 1051/1051/1051 1050/1050/1050 1048/1048/1048
f 1053/1053/1053 1049/1049/1049 1052/1052/1052
f 1054/1054/1054 1053/1053/1053 1052/1052/1052
f 1052/1052/1052 1056/1056/1056 1055/1055/1055
f 1057/1057/1057 1052/1052/1052 1055/1055/1055
f 1059/1059/1059 1058/1058/1058 1048/1048/1048
f 1049/1049/1049 1059/1059/1059 1048/1048/1048
f 1060/1060/1060 1050/1050/1050 1051/1051/1051
f 1061/1061/1061 1060/1060/1060 1051/1051/1051
f 1062/1062/1062 1052/1052/1052 1049/1049/1049
f 1050/1050/1050 1062/1062/1062 1049/1049/1049
f 1063/1063/1063 1056/1056/1056 1052/1052/1052
f 1062/1062/1062 1063/1063/1063 1052/1052/1052
f 1065/1065/1065 1064/1064/1064 1060/1060/1060
f 1066/1066/1066 1065/1065/1065 1060/1060/1060
f 1064/1064/1064 1062/1062/1062 1050/1050/1050
f 1060/1060/1060 1064/1064/1064 1050/1050/1050
f 1067/1067/1067 1063/1063/1063 1062/1062/1062
f 1064/1064/1064 1067/1067/1067 1062/1062/1062
f 1069/1069/1069 1066/1066/1066 1068/1068/1068
f 1070/1070/1070 1069/1069/1069 1068/1068/1068
f 1071/1071/1071 1067/1067/1067 1064/1064/1064
f 1065/1065/1065 1071/1071/1071 1064/1064/1064
f 1066/1066/1066 1060/1060/1060 1061/1061/1061
f 1068/1068/1068 1066/1066/1066 1061/1061/1061
f 1072/1072/1072 1065/1065/1065 1066/1066/1066
f 1069/1069/1069 1072/1072/1072 1066/1066/1066
f 1073/1073/1073 1071/1071/1071 1065/1065/1065
f 1072/1072/1072 1073/1073/1073 1065/1065/1065
f 1076/1076/1076 1075/1075/1075 1074/1074/1074
f 1077/1077/1077 1076/1076/1076 1074/1074/1074
f 1076/1076/1076 1078/1078/1078 1075/1075/1075
f 1080/1080/1080 1074/1074/1074 1079/1079/1079
f 1082/1082/1082 1081/1081/1081 1067/1067/1067
f 1061/1061/1061 1082/1082/1082 1067/1067/1067
f 1084/1084/1084 1081/1081/1081 1083/1083/1083
f 1085/1085/1085 1084/1084/1084 1083/1083/1083
f 1088/1088/1088 1087/1087/1087 1086/1086/1086
f 1089/1089/1089 1088/1088/1088 1086/1086/1086
f 1085/1085/1085 1083/1083/1083 1090/1090/1090
f 1087/1087/1087 1085/1085/1085 1090/1090/1090
f 1087/1087/1087 1090/1090/1090 1082/1082/1082
f 1086/1086/1086 1087/1087/1087 1082/1082/1082
f 1093/1093/1093 1092/1092/1092 1091/1091/1091
f 1094/1094/1094 1093/1093/1093 1091/1091/1091
f 1092/1092/1092 1084/1084/1084 1085/1085/1085
f 1091/1091/1091 1092/1092/1092 1085/1085/1085
f 1091/1091/1091 1085/1085/1085 1087/1087/1087
f 1088/1088/1088 1091/1091/1091 1087/1087/1087
f 1096/1096/1096 1088/1088/1088 1095/1095/1095
f 1097/1097/1097 1096/1096/1096 1095/1095/1095
f 1095/1095/1095 1088/1088/1088 1089/1089/1089
f 1098/1098/1098 1095/1095/1095 1089/1089/1089
f 1098/1098/1098 1089/1089/1089 1048/1048/1048
f 1058/1058/1058 1098/1098/1098 1048/1048/1048
f 1089/1089/1089 1086/1086/1086 1051/1051/1051
f 1048/1048/1048 1089/1089/1089 1051/1051/1051
f 1101/1101/1101 1100/1100/1100 1099/1099/1099
f 1102/1102/1102 1101/1101/1101 1099/1099/1099
f 1092/1092/1092 1093/1093/1093 1055/1055/1055
f 1056/1056/1056 1092/1092/1092 1055/1055/1055
f 1092/1092/1092 1056/1056/1056 1063/1063/1063
f 1084/1084/1084 1092/1092/1092 1063/1063/1063
f 1105/1105/1105 1104/1104/1104 1103/1103/1103
f 1106/1106/1106 1105/1105/1105 1103/1103/1103
f 1109/1109/1109 1108/1108/1108 1107/1107/1107
f 1110/1110/1110 1109/1109/1109 1107/1107/1107
f 1107/1107/1107 1091/1091/1091 1088/1088/1088
f 1096/1096/1096 1107/1107/1107 1088/1088/1088
f 1108/1108/1108 1094/1094/1094 1091/1091/1091
f 1107/1107/1107 1108/1108/1108 1091/1091/1091
f 1111/1111/1111 1109/1109/1109 1110/1110/1110
f 1112/1112/1112 1111/1111/1111 1110/1110/1110
f 1110/1110/1110 1107/1107/1107 1096/1096/1096
f 1113/1113/1113 1110/1110/1110 1096/1096/1096
f 1115/1115/1115 1114/1114/1114 1097/1097/1097
f 1118/1118/1118 1117/1117/1117 1116/1116/1116
f 1119/1119/1119 1118/1118/1118 1116/1116/1116
f 1096/1096/1096 1097/1097/1097 1114/1114/1114
f 1113/1113/1113 1096/1096/1096 1114/1114/1114
f 1117/1117/1117 1109/1109/1109 1114/1114/1114
f 1116/1116/1116 1117/1117/1117 1114/1114/1114
f 1120/1120/1120 1108/1108/1108 1109/1109/1109
f 1118/1118/1118 1120/1120/1120 1109/1109/1109
f 1117/1117/1117 1118/1118/1118 1109/1109/1109
f 1116/1116/1116 1114/1114/1114 1115/1115/1115
f 1119/1119/1119 1116/1116/1116 1115/1115/1115
f 1123/1123/1123 1122/1122/1122 1121/1121/1121
f 1124/1124/1124 1123/1123/1123 1121/1121/1121
f 1112/1112/1112 1110/1110/1110 1113/1113/1113
f 1122/1122/1122 1112/1112/1112 1113/1113/1113
f 1121/1121/1121 1114/1114/1114 1109/1109/1109
f 1111/1111/1111 1121/1121/1121 1109/1109/1109
f 1122/1122/1122 1113/1113/1113 1114/1114/1114
f 1121/1121/1121 1122/1122/1122 1114/1114/1114
f 1126/1126/1126 1125/1125/1125 1123/1123/1123
f 1127/1127/1127 1126/1126/1126 1123/1123/1123
f 1125/1125/1125 1112/1112/1112 1122/1122/1122
f 1123/1123/1123 1125/1125/1125 1122/1122/1122
f 1124/1124/1124 1121/1121/1121 1111/1111/1111
f 1128/1128/1128 1124/1124/1124 1111/1111/1111
f 1128/1128/1128 1111/1111/1111 1112/1112/1112
f 1125/1125/1125 1128/1128/1128 1112/1112/1112
f 1131/1131/1131 1130/1130/1130 1129/1129/1129
f 1132/1132/1132 1131/1131/1131 1129/1129/1129
f 1130/1130/1130 1124/1124/1124 1128/1128/1128
f 1129/1129/1129 1130/1130/1130 1128/1128/1128
f 1129/1129/1129 1128/1128/1128 1125/1125/1125
f 1126/1126/1126 1129/1129/1129 1125/1125/1125
f 1127/1127/1127 1123/1123/1123 1124/1124/1124
f 1130/1130/1130 1127/1127/1127 1124/1124/1124
f 1134/1134/1134 1133/1133/1133 1131/1131/1131
f 1135/1135/1135 1134/1134/1134 1131/1131/1131
f 1132/1132/1132 1129/1129/1129 1126/1126/1126
f 1136/1136/1136 1132/1132/1132 1126/1126/1126
f 1133/1133/1133 1127/1127/1127 1130/1130/1130
f 1131/1131/1131 1133/1133/1133 1130/1130/1130
f 1136/1136/1136 1126/1126/1126 1127/1127/1127
f 1133/1133/1133 1136/1136/1136 1127/1127/1127
f 1138/1138/1138 1137/1137/1137 1134/1134/1134
f 1135/1135/1135 1138/1138/1138 1134/1134/1134
f 1137/1137/1137 1136/1136/1136 1133/1133/1133
f 1134/1134/1134 1137/1137/1137 1133/1133/1133
f 1135/1135/1135 1131/1131/1131 1132/1132/1132
f 1138/1138/1138 1135/1135/1135 1132/1132/1132
f 1138/1138/1138 1132/1132/1132 1136/1136/1136
f 1137/1137/1137 1138/1138/1138 1136/1136/1136
f 1139/1139/1139 1069/1069/1069 1070/1070/1070
f 1079/1079/1079 1139/1139/1139 1070/1070/1070
f 1078/1078/1078 1073/1073/1073 1072/1072/1072
f 1140/1140/1140 1078/1078/1078 1072/1072/1072
f 1140/1140/1140 1072/1072/1072 1069/1069/1069
f 1139/1139/1139 1140/1140/1140 1069/1069/1069
f 1078/1078/1078 1079/1079/1079 1070/1070/1070
f 1073/1073/1073 1078/1078/1078 1070/1070/1070
f 1073/1073/1073 1070/1070/1070 1068/1068/1068
f 1071/1071/1071 1073/1073/1073 1068/1068/1068
f 1079/1079/1079 1078/1078/1078 1076/1076/1076
f 1080/1080/1080 1079/1079/1079 1076/1076/1076
f 1068/1068/1068 1061/1061/1061 1067/1067/1067
f 1071/1071/1071 1068/1068/1068 1067/1067/1067
f 1090/1090/1090 1083/1083/1083 1081/1081/1081
f 1082/1082/1082 1090/1090/1090 1081/1081/1081
f 1143/1143/1143 1142/1142/1142 1141/1141/1141
f 1144/1144/1144 1143/1143/1143 1141/1141/1141
f 1147/1147/1147 1146/1146/1146 1145/1145/1145
f 1148/1148/1148 1147/1147/1147 1145/1145/1145
f 1151/1151/1151 1150/1150/1150 1149/1149/1149
f 1152/1152/1152 1151/1151/1151 1149/1149/1149
f 1154/1154/1154 1153/1153/1153 1151/1151/1151
f 1155/1155/1155 1154/1154/1154 1151/1151/1151
f 1152/1152/1152 1149/1149/1149 1145/1145/1145
f 1156/1156/1156 1152/1152/1152 1145/1145/1145
f 1159/1159/1159 1158/1158/1158 1157/1157/1157
f 1160/1160/1160 1159/1159/1159 1157/1157/1157
f 1160/1160/1160 1157/1157/1157 1161/1161/1161
f 1153/1153/1153 1160/1160/1160 1161/1161/1161
f 1163/1163/1163 1146/1146/1146 1162/1162/1162
f 1164/1164/1164 1163/1163/1163 1162/1162/1162
f 1167/1167/1167 1166/1166/1166 1165/1165/1165
f 1168/1168/1168 1167/1167/1167 1165/1165/1165
f 1169/1169/1169 1143/1143/1143 1144/1144/1144
f 1170/1170/1170 1169/1169/1169 1144/1144/1144
f 1171/1171/1171 1163/1163/1163 1164/1164/1164
f 1172/1172/1172 1171/1171/1171 1164/1164/1164
f 1153/1153/1153 1161/1161/1161 1150/1150/1150
f 1151/1151/1151 1153/1153/1153 1150/1150/1150
f 1156/1156/1156 1145/1145/1145 1146/1146/1146
f 1163/1163/1163 1156/1156/1156 1146/1146/1146
f 1165/1165/1165 1150/1150/1150 1161/1161/1161
f 1173/1173/1173 1165/1165/1165 1161/1161/1161
f 1174/1174/1174 1141/1141/1141 1142/1142/1142
f 1175/1175/1175 1174/1174/1174 1142/1142/1142
f 1176/1176/1176 1156/1156/1156 1163/1163/1163
f 1171/1171/1171 1176/1176/1176 1163/1163/1163
f 1177/1177/1177 1152/1152/1152 1156/1156/1156
f 1176/1176/1176 1177/1177/1177 1156/1156/1156
f 1178/1178/1178 1160/1160/1160 1153/1153/1153
f 1154/1154/1154 1178/1178/1178 1153/1153/1153
f 1179/1179/1179 1159/1159/1159 1160/1160/1160
f 1178/1178/1178 1179/1179/1179 1160/1160/1160
f 1155/1155/1155 1151/1151/1151 1152/1152/1152
f 1177/1177/1177 1155/1155/1155 1152/1152/1152
f 1182/1182/1182 1181/1181/1181 1180/1180/1180
f 1183/1183/1183 1182/1182/1182 1180/1180/1180
f 1184/1184/1184 1173/1173/1173 1181/1181/1181
f 1182/1182/1182 1184/1184/1184 1181/1181/1181
f 1166/1166/1166 1149/1149/1149 1150/1150/1150
f 1165/1165/1165 1166/1166/1166 1150/1150/1150
f 1185/1185/1185 1162/1162/1162 1146/1146/1146
f 1147/1147/1147 1185/1185/1185 1146/1146/1146
f 1181/1181/1181 1157/1157/1157 1158/1158/1158
f 1180/1180/1180 1181/1181/1181 1158/1158/1158
f 1148/1148/1148 1145/1145/1145 1149/1149/1149
f 1166/1166/1166 1148/1148/1148 1149/1149/1149
f 1173/1173/1173 1161/1161/1161 1157/1157/1157
f 1181/1181/1181 1173/1173/1173 1157/1157/1157
f 1188/1188/1188 1187/1187/1187 1186/1186/1186
f 1189/1189/1189 1188/1188/1188 1186/1186/1186
f 1190/1190/1190 1168/1168/1168 1184/1184/1184
f 1191/1191/1191 1190/1190/1190 1184/1184/1184
f 1194/1194/1194 1193/1193/1193 1192/1192/1192
f 1195/1195/1195 1194/1194/1194 1192/1192/1192
f 1196/1196/1196 1185/1185/1185 1147/1147/1147
f 1193/1193/1193 1196/1196/1196 1147/1147/1147
f 1192/1192/1192 1148/1148/1148 1166/1166/1166
f 1167/1167/1167 1192/1192/1192 1166/1166/1166
f 1193/1193/1193 1147/1147/1147 1148/1148/1148
f 1192/1192/1192 1193/1193/1193 1148/1148/1148
f 1168/1168/1168 1165/1165/1165 1173/1173/1173
f 1184/1184/1184 1168/1168/1168 1173/1173/1173
f 1187/1187/1187 1169/1169/1169 1170/1170/1170
f 1186/1186/1186 1187/1187/1187 1170/1170/1170
f 1197/1197/1197 1190/1190/1190 1191/1191/1191
f 1198/1198/1198 1197/1197/1197 1191/1191/1191
f 1199/1199/1199 1194/1194/1194 1195/1195/1195
f 1200/1200/1200 1199/1199/1199 1195/1195/1195
f 1200/1200/1200 1195/1195/1195 1201/1201/1201
f 1202/1202/1202 1200/1200/1200 1201/1201/1201
f 1191/1191/1191 1184/1184/1184 1182/1182/1182
f 1203/1203/1203 1191/1191/1191 1182/1182/1182
f 1203/1203/1203 1182/1182/1182 1183/1183/1183
f 1204/1204/1204 1203/1203/1203 1183/1183/1183
f 1201/1201/1201 1167/1167/1167 1168/1168/1168
f 1190/1190/1190 1201/1201/1201 1168/1168/1168
f 1205/1205/1205 1196/1196/1196 1193/1193/1193
f 1194/1194/1194 1205/1205/1205 1193/1193/1193
f 1195/1195/1195 1192/1192/1192 1167/1167/1167
f 1201/1201/1201 1195/1195/1195 1167/1167/1167
f 1207/1207/1207 1206/1206/1206 1199/1199/1199
f 1208/1208/1208 1207/1207/1207 1199/1199/1199
f 1209/1209/1209 1202/1202/1202 1197/1197/1197
f 1210/1210/1210 1209/1209/1209 1197/1197/1197
f 1213/1213/1213 1212/1212/1212 1211/1211/1211
f 1214/1214/1214 1213/1213/1213 1211/1211/1211
f 1215/1215/1215 1188/1188/1188 1189/1189/1189
f 1216/1216/1216 1215/1215/1215 1189/1189/1189
f 1198/1198/1198 1191/1191/1191 1203/1203/1203
f 1212/1212/1212 1198/1198/1198 1203/1203/1203
f 1212/1212/1212 1203/1203/1203 1204/1204/1204
f 1211/1211/1211 1212/1212/1212 1204/1204/1204
f 1202/1202/1202 1201/1201/1201 1190/1190/1190
f 1197/1197/1197 1202/1202/1202 1190/1190/1190
f 1206/1206/1206 1205/1205/1205 1194/1194/1194
f 1199/1199/1199 1206/1206/1206 1194/1194/1194
f 1210/1210/1210 1218/1218/1218 1217/1217/1217
f 1209/1209/1209 1210/1210/1210 1217/1217/1217
f 1221/1221/1221 1220/1220/1220 1219/1219/1219
f 1222/1222/1222 1221/1221/1221 1219/1219/1219
f 1218/1218/1218 1221/1221/1221 1222/1222/1222
f 1217/1217/1217 1218/1218/1218 1222/1222/1222
f 1223/1223/1223 1200/1200/1200 1202/1202/1202
f 1209/1209/1209 1223/1223/1223 1202/1202/1202
f 1208/1208/1208 1199/1199/1199 1200/1200/1200
f 1223/1223/1223 1208/1208/1208 1200/1200/1200
f 1210/1210/1210 1197/1197/1197 1198/1198/1198
f 1224/1224/1224 1210/1210/1210 1198/1198/1198
f 1220/1220/1220 1215/1215/1215 1216/1216/1216
f 1219/1219/1219 1220/1220/1220 1216/1216/1216
f 1224/1224/1224 1198/1198/1198 1212/1212/1212
f 1213/1213/1213 1224/1224/1224 1212/1212/1212
f 1227/1227/1227 1226/1226/1226 1225/1225/1225
f 1228/1228/1228 1227/1227/1227 1225/1225/1225
f 1231/1231/1231 1230/1230/1230 1229/1229/1229
f 1232/1232/1232 1231/1231/1231 1229/1229/1229
f 1235/1235/1235 1234/1234/1234 1233/1233/1233
f 1236/1236/1236 1235/1235/1235 1233/1233/1233
f 1236/1236/1236 1233/1233/1233 1229/1229/1229
f 1237/1237/1237 1236/1236/1236 1229/1229/1229
f 1240/1240/1240 1239/1239/1239 1238/1238/1238
f 1241/1241/1241 1240/1240/1240 1238/1238/1238
f 1241/1241/1241 1238/1238/1238 1242/1242/1242
f 1243/1243/1243 1241/1241/1241 1242/1242/1242
f 1245/1245/1245 1230/1230/1230 1244/1244/1244
f 1246/1246/1246 1245/1245/1245 1244/1244/1244
f 1249/1249/1249 1248/1248/1248 1247/1247/1247
f 1250/1250/1250 1249/1249/1249 1247/1247/1247
f 1251/1251/1251 1227/1227/1227 1228/1228/1228
f 1252/1252/1252 1251/1251/1251 1228/1228/1228
f 1243/1243/1243 1242/1242/1242 1234/1234/1234
f 1235/1235/1235 1243/1243/1243 1234/1234/1234
f 1237/1237/1237 1229/1229/1229 1230/1230/1230
f 1245/1245/1245 1237/1237/1237 1230/1230/1230
f 1247/1247/1247 1234/1234/1234 1242/1242/1242
f 1253/1253/1253 1247/1247/1247 1242/1242/1242
f 1256/1256/1256 1255/1255/1255 1254/1254/1254
f 1257/1257/1257 1256/1256/1256 1254/1254/1254
f 1258/1258/1258 1253/1253/1253 1255/1255/1255
f 1256/1256/1256 1258/1258/1258 1255/1255/1255
f 1248/1248/1248 1233/1233/1233 1234/1234/1234
f 1247/1247/1247 1248/1248/1248 1234/1234/1234
f 1259/1259/1259 1244/1244/1244 1230/1230/1230
f 1231/1231/1231 1259/1259/1259 1230/1230/1230
f 1255/1255/1255 1238/1238/1238 1239/1239/1239
f 1254/1254/1254 1255/1255/1255 1239/1239/1239
f 1232/1232/1232 1229/1229/1229 1233/1233/1233
f 1248/1248/1248 1232/1232/1232 1233/1233/1233
f 1253/1253/1253 1242/1242/1242 1238/1238/1238
f 1255/1255/1255 1253/1253/1253 1238/1238/1238
f 1262/1262/1262 1261/1261/1261 1260/1260/1260
f 1263/1263/1263 1262/1262/1262 1260/1260/1260
f 1264/1264/1264 1250/1250/1250 1258/1258/1258
f 1265/1265/1265 1264/1264/1264 1258/1258/1258
f 1268/1268/1268 1267/1267/1267 1266/1266/1266
f 1269/1269/1269 1268/1268/1268 1266/1266/1266
f 1270/1270/1270 1259/1259/1259 1231/1231/1231
f 1267/1267/1267 1270/1270/1270 1231/1231/1231
f 1266/1266/1266 1232/1232/1232 1248/1248/1248
f 1249/1249/1249 1266/1266/1266 1248/1248/1248
f 1267/1267/1267 1231/1231/1231 1232/1232/1232
f 1266/1266/1266 1267/1267/1267 1232/1232/1232
f 1250/1250/1250 1247/1247/1247 1253/1253/1253
f 1258/1258/1258 1250/1250/1250 1253/1253/1253
f 1261/1261/1261 1251/1251/1251 1252/1252/1252
f 1260/1260/1260 1261/1261/1261 1252/1252/1252
f 1273/1273/1273 1272/1272/1272 1271/1271/1271
f 1274/1274/1274 1273/1273/1273 1271/1271/1271
f 1277/1277/1277 1276/1276/1276 1275/1275/1275
f 1278/1278/1278 1277/1277/1277 1275/1275/1275
f 1278/1278/1278 1275/1275/1275 1279/1279/1279
f 1280/1280/1280 1278/1278/1278 1279/1279/1279
f 1265/1265/1265 1258/1258/1258 1256/1256/1256
f 1281/1281/1281 1265/1265/1265 1256/1256/1256
f 1281/1281/1281 1256/1256/1256 1257/1257/1257
f 1282/1282/1282 1281/1281/1281 1257/1257/1257
f 1283/1283/1283 1249/1249/1249 1250/1250/1250
f 1264/1264/1264 1283/1283/1283 1250/1250/1250
f 1284/1284/1284 1270/1270/1270 1267/1267/1267
f 1268/1268/1268 1284/1284/1284 1267/1267/1267
f 1269/1269/1269 1266/1266/1266 1249/1249/1249
f 1283/1283/1283 1269/1269/1269 1249/1249/1249
f 1287/1287/1287 1286/1286/1286 1285/1285/1285
f 1288/1288/1288 1287/1287/1287 1285/1285/1285
f 1274/1274/1274 1271/1271/1271 1289/1289/1289
f 1290/1290/1290 1274/1274/1274 1289/1289/1289
f 1290/1290/1290 1289/1289/1289 1291/1291/1291
f 1292/1292/1292 1290/1290/1290 1291/1291/1291
f 1280/1280/1280 1279/1279/1279 1272/1272/1272
f 1273/1273/1273 1280/1280/1280 1272/1272/1272
f 1294/1294/1294 1293/1293/1293 1276/1276/1276
f 1277/1277/1277 1294/1294/1294 1276/1276/1276
f 1293/1293/1293 1284/1284/1284 1268/1268/1268
f 1276/1276/1276 1293/1293/1293 1268/1268/1268
f 1279/1279/1279 1283/1283/1283 1264/1264/1264
f 1272/1272/1272 1279/1279/1279 1264/1264/1264
f 1289/1289/1289 1281/1281/1281 1282/1282/1282
f 1291/1291/1291 1289/1289/1289 1282/1282/1282
f 1271/1271/1271 1265/1265/1265 1281/1281/1281
f 1289/1289/1289 1271/1271/1271 1281/1281/1281
f 1286/1286/1286 1262/1262/1262 1263/1263/1263
f 1285/1285/1285 1286/1286/1286 1263/1263/1263
f 1275/1275/1275 1269/1269/1269 1283/1283/1283
f 1279/1279/1279 1275/1275/1275 1283/1283/1283
f 1276/1276/1276 1268/1268/1268 1269/1269/1269
f 1275/1275/1275 1276/1276/1276 1269/1269/1269
f 1272/1272/1272 1264/1264/1264 1265/1265/1265
f 1271/1271/1271 1272/1272/1272 1265/1265/1265
f 1297/1297/1297 1296/1296/1296 1295/1295/1295
f 1298/1298/1298 1297/1297/1297 1295/1295/1295
f 1301/1301/1301 1300/1300/1300 1299/1299/1299
f 1302/1302/1302 1301/1301/1301 1299/1299/1299
f 1305/1305/1305 1304/1304/1304 1303/1303/1303
f 1306/1306/1306 1305/1305/1305 1303/1303/1303
f 1306/1306/1306 1303/1303/1303 1299/1299/1299
f 1307/1307/1307 1306/1306/1306 1299/1299/1299
f 1310/1310/1310 1309/1309/1309 1308/1308/1308
f 1311/1311/1311 1310/1310/1310 1308/1308/1308
f 1311/1311/1311 1308/1308/1308 1312/1312/1312
f 1313/1313/1313 1311/1311/1311 1312/1312/1312
f 1315/1315/1315 1300/1300/1300 1314/1314/1314
f 1316/1316/1316 1315/1315/1315 1314/1314/1314
f 1319/1319/1319 1318/1318/1318 1317/1317/1317
f 1320/1320/1320 1319/1319/1319 1317/1317/1317
f 1321/1321/1321 1297/1297/1297 1298/1298/1298
f 1322/1322/1322 1321/1321/1321 1298/1298/1298
f 1313/1313/1313 1312/1312/1312 1304/1304/1304
f 1305/1305/1305 1313/1313/1313 1304/1304/1304
f 1307/1307/1307 1299/1299/1299 1300/1300/1300
f 1315/1315/1315 1307/1307/1307 1300/1300/1300
f 1317/1317/1317 1304/1304/1304 1312/1312/1312
f 1323/1323/1323 1317/1317/1317 1312/1312/1312
f 1326/1326/1326 1325/1325/1325 1324/1324/1324
f 1327/1327/1327 1326/1326/1326 1324/1324/1324
f 1328/1328/1328 1323/1323/1323 1325/1325/1325
f 1326/1326/1326 1328/1328/1328 1325/1325/1325
f 1318/1318/1318 1303/1303/1303 1304/1304/1304
f 1317/1317/1317 1318/1318/1318 1304/1304/1304
f 1329/1329/1329 1314/1314/1314 1300/1300/1300
f 1301/1301/1301 1329/1329/1329 1300/1300/1300
f 1325/1325/1325 1308/1308/1308 1309/1309/1309
f 1324/1324/1324 1325/1325/1325 1309/1309/1309
f 1302/1302/1302 1299/1299/1299 1303/1303/1303
f 1318/1318/1318 1302/1302/1302 1303/1303/1303
f 1323/1323/1323 1312/1312/1312 1308/1308/1308
f 1325/1325/1325 1323/1323/1323 1308/1308/1308
f 1332/1332/1332 1331/1331/1331 1330/1330/1330
f 1333/1333/1333 1332/1332/1332 1330/1330/1330
f 1334/1334/1334 1320/1320/1320 1328/1328/1328
f 1335/1335/1335 1334/1334/1334 1328/1328/1328
f 1338/1338/1338 1337/1337/1337 1336/1336/1336
f 1339/1339/1339 1338/1338/1338 1336/1336/1336
f 1340/1340/1340 1329/1329/1329 1301/1301/1301
f 1337/1337/1337 1340/1340/1340 1301/1301/1301
f 1336/1336/1336 1302/1302/1302 1318/1318/1318
f 1319/1319/1319 1336/1336/1336 1318/1318/1318
f 1337/1337/1337 1301/1301/1301 1302/1302/1302
f 1336/1336/1336 1337/1337/1337 1302/1302/1302
f 1320/1320/1320 1317/1317/1317 1323/1323/1323
f 1328/1328/1328 1320/1320/1320 1323/1323/1323
f 1331/1331/1331 1321/1321/1321 1322/1322/1322
f 1330/1330/1330 1331/1331/1331 1322/1322/1322
f 1343/1343/1343 1342/1342/1342 1341/1341/1341
f 1344/1344/1344 1343/1343/1343 1341/1341/1341
f 1345/1345/1345 1344/1344/1344 1341/1341/1341
f 1346/1346/1346 1345/1345/1345 1341/1341/1341
f 1347/1347/1347 1346/1346/1346 1341/1341/1341
f 1348/1348/1348 1347/1347/1347 1341/1341/1341
f 1335/1335/1335 1328/1328/1328 1326/1326/1326
f 1349/1349/1349 1335/1335/1335 1326/1326/1326
f 1349/1349/1349 1326/1326/1326 1327/1327/1327
f 1350/1350/1350 1349/1349/1349 1327/1327/1327
f 1351/1351/1351 1319/1319/1319 1320/1320/1320
f 1334/1334/1334 1351/1351/1351 1320/1320/1320
f 1352/1352/1352 1340/1340/1340 1337/1337/1337
f 1338/1338/1338 1352/1352/1352 1337/1337/1337
f 1339/1339/1339 1336/1336/1336 1319/1319/1319
f 1351/1351/1351 1339/1339/1339 1319/1319/1319
f 1290/1290/1290 1292/1292/1292 1294/1294/1294
f 1274/1274/1274 1290/1290/1290 1294/1294/1294
f 1273/1273/1273 1274/1274/1274 1294/1294/1294
f 1280/1280/1280 1273/1273/1273 1294/1294/1294
f 1278/1278/1278 1280/1280/1280 1294/1294/1294
f 1277/1277/1277 1278/1278/1278 1294/1294/1294
f 1353/1353/1353 1352/1352/1352 1338/1338/1338
f 1348/1348/1348 1353/1353/1353 1338/1338/1338
f 1346/1346/1346 1351/1351/1351 1334/1334/1334
f 1345/1345/1345 1346/1346/1346 1334/1334/1334
f 1343/1343/1343 1349/1349/1349 1350/1350/1350
f 1354/1354/1354 1343/1343/1343 1350/1350/1350
f 1344/1344/1344 1335/1335/1335 1349/1349/1349
f 1343/1343/1343 1344/1344/1344 1349/1349/1349
f 1342/1342/1342 1332/1332/1332 1333/1333/1333
f 1341/1341/1341 1342/1342/1342 1333/1333/1333
f 1347/1347/1347 1339/1339/1339 1351/1351/1351
f 1346/1346/1346 1347/1347/1347 1351/1351/1351
f 1348/1348/1348 1338/1338/1338 1339/1339/1339
f 1347/1347/1347 1348/1348/1348 1339/1339/1339
f 1345/1345/1345 1334/1334/1334 1335/1335/1335
f 1344/1344/1344 1345/1345/1345 1335/1335/1335
o Grip
usemtl sword_HandleGuard
v 2.4223474781592813e-8 0.0723293274641037 0.2333986759185791
v 2.5437769224367912e-8 0.05691928043961525 0.8127391338348389
v 0.03345634043216705 0.046048663556575775 0.8127391338348389
v 0.04468049481511116 0.05851564556360245 0.2333986759185791
v 0.05413346737623215 0.01758902706205845 0.8127391338348389
v 0.07229452580213547 0.022350996732711792 0.2333986759185791
v 0.05413346737623215 -0.017589019611477852 0.8127391338348389
v 0.07229452580213547 -0.02235097996890545 0.2333986759185791
v 0.03345632553100586 -0.046048667281866074 0.8127391338348389
v 0.04468047246336937 -0.058515653014183044 0.2333986759185791
v 2.0461726535359048e-8 -0.05691928789019585 0.8127391338348389
v 1.7578035027554506e-8 -0.0723293274641037 0.2333986759185791
v -0.03345628082752228 -0.046048667281866074 0.8127391338348389
v -0.044680435210466385 -0.058515653014183044 0.2333986759185791
v -0.05413340777158737 -0.017589019611477852 0.8127391338348389
v -0.07229446619749069 -0.02235097996890545 0.2333986759185791
v -0.05413340777158737 0.017589038237929344 0.8127391338348389
v -0.07229446619749069 0.022351007908582687 0.2333986759185791
v 0.036702703684568405 -0.05051692575216293 0.8127391338348389
v 1.962767193219861e-8 -0.0624423585832119 0.8127391338348389
v -0.03345625847578049 0.04604868218302727 0.8127391338348389
v -0.044680405408144 0.058515675365924835 0.2333986759185791
v 2.5437769224367912e-8 0.05691928043961525 0.8127391338348389
v 2.4223474781592813e-8 0.0723293274641037 0.2333986759185791
v 0.12118705362081528 0.03901989385485649 0.20935054123401642
v 0.12118705362081528 -0.0390198789536953 0.20935054123401642
v 0.17180538177490234 -0.05384349822998047 0.1895231008529663
v 0.17180538177490234 0.05384351685643196 0.1895231008529663
v 0.10618159174919128 0.14096412062644958 0.1895231008529663
v 0.17180538177490234 0.053843528032302856 0.1464993953704834
v 0.10618159174919128 0.14096413552761078 0.1464993953704834
v 0.07489773631095886 0.10215537995100021 0.20935054123401642
v -0.0748976320028305 0.10215543210506439 0.20935054123401642
v 2.0656575117072862e-8 0.12627100944519043 0.20935054123401642
v 1.7127961271512504e-8 0.17424125969409943 0.1895231008529663
v -0.10618146508932114 0.14096419513225555 0.1895231008529663
v -0.1211869940161705 0.03901991620659828 0.20935054123401642
v -0.17180532217025757 0.05384355038404465 0.1895231008529663
v -0.1211869940161705 -0.0390198789536953 0.20935054123401642
v -0.17180532217025757 -0.05384349822998047 0.1895231008529663
v -0.07489767670631409 -0.1021554172039032 0.20935054123401642
v -0.10618153214454651 -0.14096416532993317 0.1895231008529663
v 9.516845977941557e-9 -0.126271054148674 0.20935054123401642
v 1.3353034233887229e-9 -0.1742413192987442 0.1895231008529663
v 0.07489770650863647 -0.1021554172039032 0.20935054123401642
v 0.1061815470457077 -0.14096416532993317 0.1895231008529663
v 2.0656575117072862e-8 0.12627100944519043 0.20935054123401642
v 1.7127961271512504e-8 0.17424125969409943 0.1895231008529663
v -0.17180532217025757 0.053843554109334946 0.1464993953704834
v -0.10618146508932114 0.14096419513225555 0.1464993953704834
v -0.07745321840047836 0.10215543210506439 0.12264466285705566
v -0.12532201409339905 0.03901991993188858 0.12264466285705566
v -0.10618153214454651 -0.14096416532993317 0.1464993953704834
v 1.3353034233887229e-9 -0.174241304397583 0.1464993953704834
v 0.17180538177490234 -0.05384349077939987 0.1464993953704834
v 1.7127961271512504e-8 0.17424125969409943 0.1464993953704834
v -0.17180532217025757 -0.05384349077939987 0.1464993953704834
v 0.1061815470457077 -0.14096416532993317 0.1464993953704834
v 1.7127961271512504e-8 0.17424125969409943 0.1464993953704834
v 9.238862119786972e-9 -0.12627103924751282 0.12264466285705566
v -0.07745327055454254 -0.1021554097533226 0.12264466285705566
v -0.056346237659454346 -0.07574358582496643 0.0847327709197998
v 1.4233560108323218e-8 -0.09362422674894333 0.0847327709197998
v 0.12532207369804382 -0.039019875228405 0.12264466285705566
v 0.12532207369804382 0.03901990130543709 0.12264466285705566
v 2.0758690766342625e-8 0.12627100944519043 0.12264466285705566
v -0.12532201409339905 -0.039019875228405 0.12264466285705566
v 0.07745329290628433 -0.1021554097533226 0.12264466285705566
v 0.07745333015918732 0.10215539485216141 0.12264466285705566
v 2.0758690766342625e-8 0.12627100944519043 0.12264466285705566
v 0.09117017686367035 0.028931481763720512 0.0847327709197998
v 0.09117017686367035 -0.02893146127462387 0.0847327709197998
v 0.06051728501915932 -0.020227666944265366 0.03276360034942627
v 0.06051728501915932 0.020227685570716858 0.03276360034942627
v 2.261408482695515e-8 0.09362421929836273 0.0847327709197998
v -0.05634619668126106 0.07574360817670822 0.0847327709197998
v -0.09117011725902557 -0.02893146127462387 0.0847327709197998
v 0.056346260011196136 -0.07574358582496643 0.0847327709197998
v 0.056346289813518524 0.07574357837438583 0.0847327709197998
v 2.261408482695515e-8 0.09362421929836273 0.0847327709197998
v -0.09117011725902557 0.028931496664881706 0.0847327709197998
v 2.3402634496960673e-8 0.06545814871788025 0.03276360034942627
v 0.03740175440907478 0.05295674875378609 0.03276360034942627
v 0.06051728501915932 0.020227685570716858 0.03276360034942627
v 0.06051728501915932 -0.020227666944265366 0.03276360034942627
v 0.03740173578262329 -0.052956752479076385 0.03276360034942627
v 1.7839777655126454e-8 -0.06545814871788025 0.03276360034942627
v -0.037401702255010605 -0.052956752479076385 0.03276360034942627
v -0.06051722541451454 -0.020227666944265366 0.03276360034942627
v -0.06051722541451454 0.020227696746587753 0.03276360034942627
v -0.037401676177978516 0.05295677110552788 0.03276360034942627
v 2.3402634496960673e-8 0.06545814871788025 0.03276360034942627
v -0.037401676177978516 0.05295677110552788 0.03276360034942627
v -0.06051722541451454 -0.020227666944265366 0.03276360034942627
v -0.037401702255010605 -0.052956752479076385 0.03276360034942627
v 0.03740173578262329 -0.052956752479076385 0.03276360034942627
v 0.03740175440907478 0.05295674875378609 0.03276360034942627
v 2.3402634496960673e-8 0.06545814871788025 0.03276360034942627
v -0.06051722541451454 0.020227696746587753 0.03276360034942627
v 1.7839777655126454e-8 -0.06545814871788025 0.03276360034942627
v 0.0367027185857296 0.050516922026872635 0.8127391338348389
v 2.508655683186589e-8 0.0624423511326313 0.8127391338348389
v 2.508655683186589e-8 0.062442347407341 0.8318774700164795
v 0.0367027185857296 0.050516918301582336 0.8318774700164795
v 0.05938621610403061 -0.019295742735266685 0.8127391338348389
v 0.05938621610403061 0.019295750185847282 0.8127391338348389
v -0.03670263662934303 0.05051694065332413 0.8127391338348389
v 2.508655683186589e-8 0.0624423511326313 0.8127391338348389
v -0.059386156499385834 0.019295761361718178 0.8127391338348389
v -0.059386156499385834 -0.019295742735266685 0.8127391338348389
v -0.036702658981084824 -0.05051692575216293 0.8127391338348389
v -0.059386156499385834 0.01929575763642788 0.8318774700164795
v -0.059386156499385834 -0.019295746460556984 0.8318774700164795
v -0.11463942378759384 -0.0372486338019371 0.8767788410186768
v -0.11463942378759384 0.0372486412525177 0.8767788410186768
v 0.036702703684568405 -0.05051692947745323 0.8318774700164795
v 1.962767193219861e-8 -0.0624423623085022 0.8318774700164795
v 0.05938621610403061 0.019295746460556984 0.8318774700164795
v -0.03670263662934303 0.05051693692803383 0.8318774700164795
v -0.036702658981084824 -0.05051692947745323 0.8318774700164795
v 0.05938621610403061 -0.019295746460556984 0.8318774700164795
v 2.508655683186589e-8 0.062442347407341 0.8318774700164795
v 1.1894131901613036e-8 -0.1205391213297844 0.8767788410186768
v 0.07085110247135162 -0.0975181981921196 0.8767788410186768
v 0.06918275356292725 -0.09522189944982529 0.8895580768585205
v 1.2298277951572345e-8 -0.1177007406949997 0.8895580768585205
v 0.07085113227367401 0.09751816093921661 0.8767788410186768
v 0.11463948339223862 0.03724861890077591 0.8767788410186768
v -0.07085101306438446 0.0975181981921196 0.8767788410186768
v -0.07085105776786804 -0.0975181981921196 0.8767788410186768
v 0.11463948339223862 -0.0372486338019371 0.8767788410186768
v 2.2431995816418748e-8 0.12053908407688141 0.8767788410186768
v 2.2431995816418748e-8 0.12053908407688141 0.8767788410186768
v 0.11194003373384476 0.036371517926454544 0.8895580768585205
v 0.06918278336524963 0.0952218770980835 0.8895580768585205
v 0.0535026416182518 0.07364000380039215 0.918224573135376
v 0.08656903356313705 0.028127970173954964 0.918224573135376
v -0.11193997412919998 0.036371540278196335 0.8895580768585205
v -0.06918266415596008 0.09522191435098648 0.8895580768585205
v -0.06918270885944366 -0.09522189944982529 0.8895580768585205
v 0.11194003373384476 -0.03637152537703514 0.8895580768585205
v 2.2588002579482236e-8 0.1177007257938385 0.8895580768585205
v -0.11193997412919998 -0.03637152537703514 0.8895580768585205
v 2.2588002579482236e-8 0.1177007257938385 0.8895580768585205
v 2.7840155070180117e-8 0.06287194788455963 0.98105788230896
v 2.429264611691906e-8 0.09102406352758408 0.918224573135376
v 2.6025384514127836e-8 0.07188678532838821 0.924315333366394
v 2.8827050968516232e-8 0.04965348541736603 0.9846967458724976
v -0.08656897395849228 0.028127988800406456 0.918224573135376
v -0.05350252985954285 0.07364003360271454 0.918224573135376
v 1.6335070185391487e-8 -0.09102408587932587 0.918224573135376
v -0.05350256338715553 -0.07364004105329514 0.918224573135376
v 0.08656903356313705 -0.028127994388341904 0.918224573135376
v 2.429264611691906e-8 0.09102406352758408 0.918224573135376
v -0.08656897395849228 -0.028127994388341904 0.918224573135376
v 0.05350261926651001 -0.07364004105329514 0.918224573135376
v 0.05979480221867561 -0.01942853070795536 0.98105788230896
v 0.05979480221867561 0.019428478553891182 0.98105788230896
v 0.04129539802670479 0.013417664915323257 1.034730851650238
v 0.04129539802670479 -0.013417698442935944 1.034730851650238
v -0.036955151706933975 0.050864484161138535 0.98105788230896
v -0.029185542836785316 0.040170520544052124 0.9846967458724976
v -0.04225393012166023 0.05815764144062996 0.924315333366394
v -0.036955174058675766 -0.05086452141404152 0.98105788230896
v -0.05979474261403084 -0.01942853070795536 0.98105788230896
v -0.0683683529496193 -0.02221425250172615 0.924315333366394
v -0.0683683529496193 0.022214241325855255 0.924315333366394
v 0.036955252289772034 0.05086446553468704 0.98105788230896
v 0.03695523738861084 -0.05086452141404152 0.98105788230896
v 2.2343712657857395e-8 -0.06287200003862381 0.98105788230896
v 0.047223303467035294 -0.015343800187110901 0.9846967458724976
v 0.06836841255426407 -0.02221425250172615 0.924315333366394
v -0.05979474261403084 0.019428491592407227 0.98105788230896
v 2.53427927532357e-8 -0.04342056065797806 1.034730851650238
v 2.685474420616174e-8 -0.034291647374629974 1.0362752676010132
v 2.4486203287210628e-8 -0.049653537571430206 0.9846967458724976
v -0.025521911680698395 -0.03512796759605408 1.034730851650238
v -0.041295334696769714 -0.013417698442935944 1.034730851650238
v 0.06836841255426407 0.02221422642469406 0.924315333366394
v 0.047223303467035294 0.015343751758337021 0.9846967458724976
v 2.913873586862792e-8 0.043420515954494476 1.034730851650238
v 0.025521982461214066 0.03512793034315109 1.034730851650238
v 1.974084185007996e-8 -0.07188680768013 0.924315333366394
v -0.04225395619869232 -0.05815766379237175 0.924315333366394
v 0.02552197314798832 -0.03512796759605408 1.034730851650238
v -0.041295334696769714 0.013417674228549004 1.034730851650238
v -0.0255218967795372 0.035127945244312286 1.034730851650238
v -0.04722324386239052 0.015343762002885342 0.9846967458724976
v -0.032613225281238556 0.010596683248877525 1.0362752676010132
v -0.02918556146323681 -0.04017055779695511 0.9846967458724976
v 2.6025384514127836e-8 0.07188678532838821 0.924315333366394
v 2.8827050968516232e-8 0.04965348541736603 0.9846967458724976
v 0.0422540158033371 -0.05815766379237175 0.924315333366394
v 0.029185621067881584 -0.04017055779695511 0.9846967458724976
v -0.04722324386239052 -0.015343800187110901 0.9846967458724976
v 0.04225403442978859 0.05815761908888817 0.924315333366394
v 0.02918563224375248 0.04017050564289093 0.9846967458724976
v -0.02015606127679348 0.027742499485611916 1.0362752676010132
v 2.985261460253241e-8 0.03429160267114639 1.0362752676010132
v 0.03261329233646393 -0.010596709325909615 1.0362752676010132
v 0.02015613578259945 -0.027742521837353706 1.0362752676010132
v -0.032613225281238556 -0.010596709325909615 1.0362752676010132
v 0.020156143233180046 0.02774248830974102 1.0362752676010132
v 0.03261329233646393 0.010596675798296928 1.0362752676010132
v -0.020156072452664375 -0.027742521837353706 1.0362752676010132
v 2.985261460253241e-8 0.03429160267114639 1.0362752676010132
vt 1 0.5
vt 1 1
vt 0.8999999761581421 1
vt 0.8999999761581421 0.5
vt 0.7999999523162842 1
vt 0.7999999523162842 0.5
vt 0.6999999284744263 1
vt 0.6999999284744263 0.5
vt 0.5999999046325684 1
vt 0.5999999046325684 0.5
vt 0.49999991059303284 1
vt 0.49999991059303284 0.5
vt 0.3999999165534973 1
vt 0.3999999165534973 0.5
vt 0.2999999225139618 1
vt 0.2999999225139618 0.5
vt 0.19999992847442627 1
vt 0.19999992847442627 0.5
vt 0.5999999046325684 1
vt 0.49999991059303284 1
vt 0.09999992698431015 1
vt 0.09999992698431015 0.5
vt -7.450580596923828e-8 1
vt -7.450580596923828e-8 0.5
vt 0.7999999523162842 0.5
vt 0.6999999284744263 0.5
vt 0.6999999284744263 0.5
vt 0.7999999523162842 0.5
vt 0.8999999761581421 0.5
vt 0.7999999523162842 0.5
vt 0.8999999761581421 0.5
vt 0.8999999761581421 0.5
vt 0.09999993443489075 0.5
vt -7.450580596923828e-8 0.5
vt -7.450580596923828e-8 0.5
vt 0.09999992698431015 0.5
vt 0.19999992847442627 0.5
vt 0.19999992847442627 0.5
vt 0.2999999523162842 0.5
vt 0.2999999225139618 0.5
vt 0.3999999165534973 0.5
vt 0.3999999165534973 0.5
vt 0.4999999403953552 0.5
vt 0.49999991059303284 0.5
vt 0.5999999046325684 0.5
vt 0.5999999046325684 0.5
vt 1 0.5
vt 1 0.5
vt 0.19999992847442627 0.5
vt 0.09999992698431015 0.5
vt 0.09999992698431015 0.5
vt 0.19999992847442627 0.5
vt 0.3999999165534973 0.5
vt 0.49999991059303284 0.5
vt 0.6999999284744263 0.5
vt -7.450580596923828e-8 0.5
vt 0.2999999225139618 0.5
vt 0.5999999046325684 0.5
vt 1 0.5
vt 0.49999991059303284 0.5
vt 0.3999999165534973 0.5
vt 0.3999999165534973 0.5
vt 0.49999991059303284 0.5
vt 0.6999999284744263 0.5
vt 0.7999999523162842 0.5
vt -7.450580596923828e-8 0.5
vt 0.2999999225139618 0.5
vt 0.5999999046325684 0.5
vt 0.8999999761581421 0.5
vt 1 0.5
vt 0.7999999523162842 0.5
vt 0.6999999284744263 0.5
vt 0.6999999284744263 0.5
vt 0.7999999523162842 0.5
vt -7.450580596923828e-8 0.5
vt 0.09999992698431015 0.5
vt 0.2999999225139618 0.5
vt 0.5999999046325684 0.5
vt 0.8999999761581421 0.5
vt 1 0.5
vt 0.19999992847442627 0.5
vt 0.75 0.49000000953674316
vt 0.8910684585571289 0.44416409730911255
vt 0.9782535433769226 0.3241640329360962
vt 0.9782535433769226 0.17583590745925903
vt 0.8910684585571289 0.05583590269088745
vt 0.75 0.009999990463256836
vt 0.6089315414428711 0.05583596229553223
vt 0.5217464566230774 0.17583590745925903
vt 0.5217464566230774 0.32416409254074097
vt 0.6089316010475159 0.4441641569137573
vt -7.450580596923828e-8 0.5
vt 0.09999992698431015 0.5
vt 0.2999999225139618 0.5
vt 0.3999999165534973 0.5
vt 0.5999999046325684 0.5
vt 0.8999999761581421 0.5
vt 1 0.5
vt 0.19999992847442627 0.5
vt 0.49999991059303284 0.5
vt 0.8999999761581421 1
vt 1 1
vt 1 1
vt 0.8999999761581421 1
vt 0.6999999284744263 1
vt 0.7999999523162842 1
vt 0.09999992698431015 1
vt -7.450580596923828e-8 1
vt 0.19999992847442627 1
vt 0.2999999225139618 1
vt 0.3999999165534973 1
vt 0.19999992847442627 1
vt 0.2999999225139618 1
vt 0.2999999225139618 1
vt 0.19999992847442627 1
vt 0.5999999046325684 1
vt 0.49999991059303284 1
vt 0.7999999523162842 1
vt 0.09999992698431015 1
vt 0.3999999165534973 1
vt 0.6999999284744263 1
vt -7.450580596923828e-8 1
vt 0.49999991059303284 1
vt 0.5999999046325684 1
vt 0.5999999046325684 1
vt 0.49999991059303284 1
vt 0.8999999761581421 1
vt 0.7999999523162842 1
vt 0.09999992698431015 1
vt 0.3999999165534973 1
vt 0.6999999284744263 1
vt -7.450580596923828e-8 1
vt 1 1
vt 0.7999999523162842 1
vt 0.8999999761581421 1
vt 0.8999999761581421 1
vt 0.7999999523162842 1
vt 0.19999992847442627 1
vt 0.09999992698431015 1
vt 0.3999999165534973 1
vt 0.6999999284744263 1
vt -7.450580596923828e-8 1
vt 0.2999999225139618 1
vt 1 1
vt 1 1
vt 1 1
vt 1 1
vt 1 1
vt 0.19999992847442627 1
vt 0.09999992698431015 1
vt 0.49999991059303284 1
vt 0.3999999165534973 1
vt 0.6999999284744263 1
vt -7.450580596923828e-8 1
vt 0.2999999225139618 1
vt 0.5999999046325684 1
vt 0.6999999284744263 1
vt 0.7999999523162842 1
vt 0.7999999523162842 1
vt 0.6999999284744263 1
vt 0.09999992698431015 1
vt 0.09999992698431015 1
vt 0.09999992698431015 1
vt 0.3999999165534973 1
vt 0.2999999225139618 1
vt 0.2999999225139618 1
vt 0.19999992847442627 1
vt 0.8999999761581421 1
vt 0.5999999046325684 1
vt 0.49999991059303284 1
vt 0.6999999284744263 1
vt 0.6999999284744263 1
vt 0.19999992847442627 1
vt 0.49999991059303284 1
vt 0.49999991059303284 1
vt 0.49999991059303284 1
vt 0.3999999165534973 1
vt 0.2999999225139618 1
vt 0.7999999523162842 1
vt 0.7999999523162842 1
vt 1 1
vt 0.8999999761581421 1
vt 0.49999991059303284 1
vt 0.3999999165534973 1
vt 0.5999999046325684 1
vt 0.19999992847442627 1
vt 0.09999992698431015 1
vt 0.19999992847442627 1
vt 0.19999992847442627 1
vt 0.3999999165534973 1
vt -7.450580596923828e-8 1
vt -7.450580596923828e-8 1
vt 0.5999999046325684 1
vt 0.5999999046325684 1
vt 0.2999999225139618 1
vt 0.8999999761581421 1
vt 0.8999999761581421 1
vt 0.09999992698431015 1
vt -7.450580596923828e-8 1
vt 0.6999999284744263 1
vt 0.5999999046325684 1
vt 0.2999999225139618 1
vt 0.8999999761581421 1
vt 0.7999999523162842 1
vt 0.3999999165534973 1
vt 1 1
vn 0 0.7948954575659921 0.6067464145266555
vn 0 0.6322950050589772 -0.7747277112492286
vn 0.3658041678406678 0.5157759195309777 -0.7747015629404468
vn 0.46172764760411084 0.6469497216238663 0.6068472930884473
vn 0.5999449508276669 0.19965611790922602 -0.7747280106965319
vn 0.7544547608356015 0.24942999711903646 0.6071101138917823
vn 0.5999449508276669 -0.19965611790922602 -0.7747280106965319
vn 0.7544547608356015 -0.24942999711903646 0.6071101138917823
vn 0.3658041678406678 -0.5157759195309777 -0.7747015629404468
vn 0.46172764760411084 -0.6469497216238663 0.6068472930884473
vn 0 -0.6322950050589772 -0.7747277112492286
vn 0 -0.7948954575659921 0.6067464145266555
vn -0.3658041678406678 -0.5157759195309777 -0.7747015629404468
vn -0.46172764760411084 -0.6469497216238663 0.6068472930884473
vn -0.5999449508276669 -0.19965611790922602 -0.7747280106965319
vn -0.7544547608356015 -0.24942999711903646 0.6071101138917823
vn -0.5999449508276669 0.19965611790922602 -0.7747280106965319
vn -0.7544547608356015 0.24942999711903646 0.6071101138917823
vn 0.4497971669073698 -0.619119628906713 -0.6437184118421018
vn 0 -0.7652687948844688 -0.6437108602284668
vn -0.3658041678406678 0.5157759195309777 -0.7747015629404468
vn -0.46172764760411084 0.6469497216238663 0.6068472930884473
vn 0 0.6322950050589772 -0.7747277112492286
vn 0 0.7948954575659921 0.6067464145266555
vn 0.36110009754997 0.12201472128600974 0.9245102094292412
vn 0.36110009754997 -0.12201472128600974 0.9245102094292412
vn 0.8103508397816936 -0.26960828575447326 0.5202334944211474
vn 0.8103508397816936 0.26960828575447326 0.5202334944211474
vn 0.49575506472397146 0.6986471920950729 0.5158672472431268
vn 0.8286380987190307 0.2767213542630014 -0.4866047610187971
vn 0.504339040506382 0.7136740718275206 -0.48611876267248616
vn 0.22187222053542768 0.3180066956610315 0.9217616065281904
vn -0.22187222053542768 0.3180066956610315 0.9217616065281904
vn 0 0.3917486815004271 0.9200722637612097
vn 0 0.8585225513912641 0.5127758074954731
vn -0.49575506472397146 0.6986471920950729 0.5158672472431268
vn -0.36110009754997 0.12201472128600974 0.9245102094292412
vn -0.8103508397816936 0.26960828575447326 0.5202334944211474
vn -0.36110009754997 -0.12201472128600974 0.9245102094292412
vn -0.8103508397816936 -0.26960828575447326 0.5202334944211474
vn -0.22187222053542768 -0.3180066956610315 0.9217616065281904
vn -0.49575506472397146 -0.6986471920950729 0.5158672472431268
vn 0 -0.3917486815004271 0.9200722637612097
vn 0 -0.8585225513912641 0.5127758074954731
vn 0.22187222053542768 -0.3180066956610315 0.9217616065281904
vn 0.49575506472397146 -0.6986471920950729 0.5158672472431268
vn 0 0.3917486815004271 0.9200722637612097
vn 0 0.8585225513912641 0.5127758074954731
vn -0.8286380987190307 0.2767213542630014 -0.4866047610187971
vn -0.504339040506382 0.7136740718275206 -0.48611876267248616
vn -0.3353401176870213 0.4745056756912538 -0.8138742957032378
vn -0.5400303777685049 0.1803967006661991 -0.8220852884439396
vn -0.504339040506382 -0.7136740718275206 -0.48611876267248616
vn 0 -0.8740680198564404 -0.4858035576899794
vn 0.8286380987190307 -0.2767213542630014 -0.4866047610187971
vn 0 0.8740680198564404 -0.4858035576899794
vn -0.8286380987190307 -0.2767213542630014 -0.4866047610187971
vn 0.504339040506382 -0.7136740718275206 -0.48611876267248616
vn 0 0.8740680198564404 -0.4858035576899794
vn 0 -0.5883150374026627 -0.8086318178045578
vn -0.3353401176870213 -0.4745056756912538 -0.8138742957032378
vn -0.4663045546874133 -0.655646400111442 -0.5938752901903566
vn 0 -0.8138221253405118 -0.58111405791484
vn 0.5400303777685049 -0.1803967006661991 -0.8220852884439396
vn 0.5400303777685049 0.1803967006661991 -0.8220852884439396
vn 0 0.5883150374026627 -0.8086318178045578
vn -0.5400303777685049 -0.1803967006661991 -0.8220852884439396
vn 0.3353401176870213 -0.4745056756912538 -0.8138742957032378
vn 0.3353401176870213 0.4745056756912538 -0.8138742957032378
vn 0 0.5883150374026627 -0.8086318178045578
vn 0.7490298341938938 0.24873052384940833 -0.6140744531350142
vn 0.7490298341938938 -0.24873052384940833 -0.6140744531350142
vn 0.5282309025245553 -0.17475446784244547 -0.8309229745212232
vn 0.5282309025245553 0.17475446784244547 -0.8309229745212232
vn 0 0.8138221253405118 -0.58111405791484
vn -0.4663045546874133 0.655646400111442 -0.5938752901903566
vn -0.7490298341938938 -0.24873052384940833 -0.6140744531350142
vn 0.4663045546874133 -0.655646400111442 -0.5938752901903566
vn 0.4663045546874133 0.655646400111442 -0.5938752901903566
vn 0 0.8138221253405118 -0.58111405791484
vn -0.7490298341938938 0.24873052384940833 -0.6140744531350142
vn 0 0.5788308097751311 -0.8154476645714709
vn 0.3311957695146176 0.4642905609020868 -0.8214278040782683
vn 0.5282309025245553 0.17475446784244547 -0.8309229745212232
vn 0.5282309025245553 -0.17475446784244547 -0.8309229745212232
vn 0.3311957695146176 -0.4642905609020868 -0.8214278040782683
vn 0 -0.5788308097751311 -0.8154476645714709
vn -0.3311957695146176 -0.4642905609020868 -0.8214278040782683
vn -0.5282309025245553 -0.17475446784244547 -0.8309229745212232
vn -0.5282309025245553 0.17475446784244547 -0.8309229745212232
vn -0.3311957695146176 0.4642905609020868 -0.8214278040782683
vn 0 0.5788308097751311 -0.8154476645714709
vn -0.3311957695146176 0.4642905609020868 -0.8214278040782683
vn -0.5282309025245553 -0.17475446784244547 -0.8309229745212232
vn -0.3311957695146176 -0.4642905609020868 -0.8214278040782683
vn 0.3311957695146176 -0.4642905609020868 -0.8214278040782683
vn 0.3311957695146176 0.4642905609020868 -0.8214278040782683
vn 0 0.5788308097751311 -0.8154476645714709
vn -0.5282309025245553 0.17475446784244547 -0.8309229745212232
vn 0 -0.5788308097751311 -0.8154476645714709
vn 0.4497971669073698 0.619119628906713 -0.6437184118421018
vn 0 0.7652687948844688 -0.6437108602284668
vn 0 0.8777322245943461 -0.47915148117131023
vn 0.5159283522162493 0.7100920214510391 -0.47915264420746184
vn 0.7278207388683406 -0.23646237934939515 -0.6437099620369141
vn 0.7278207388683406 0.23646237934939515 -0.6437099620369141
vn -0.4497971669073698 0.619119628906713 -0.6437184118421018
vn 0 0.7652687948844688 -0.6437108602284668
vn -0.7278207388683406 0.23646237934939515 -0.6437099620369141
vn -0.7278207388683406 -0.23646237934939515 -0.6437099620369141
vn -0.4497971669073698 -0.619119628906713 -0.6437184118421018
vn -0.8347809054383887 0.2712206464673712 -0.4791452815642509
vn -0.8347809054383887 -0.2712206464673712 -0.4791452815642509
vn -0.9040451388907901 -0.2937185385105437 -0.31053471139819844
vn -0.9040451388907901 0.2937185385105437 -0.31053471139819844
vn 0.5159283522162493 -0.7100920214510391 -0.47915264420746184
vn 0 -0.8777322245943461 -0.47915148117131023
vn 0.8347809054383887 0.2712206464673712 -0.4791452815642509
vn -0.5159283522162493 0.7100920214510391 -0.47915264420746184
vn -0.5159283522162493 -0.7100920214510391 -0.47915264420746184
vn 0.8347809054383887 -0.2712206464673712 -0.4791452815642509
vn 0 0.8777322245943461 -0.47915148117131023
vn 0 -0.9505615244317699 -0.31053629138950845
vn 0.5587180101640864 -0.7690269731481197 -0.31053453864091324
vn 0.5263038412276649 -0.7244041023457943 0.44524483513409635
vn 0 -0.8954077490936979 0.4452470806899887
vn 0.5587180101640864 0.7690269731481197 -0.31053453864091324
vn 0.9040451388907901 0.2937185385105437 -0.31053471139819844
vn -0.5587180101640864 0.7690269731481197 -0.31053453864091324
vn -0.5587180101640864 -0.7690269731481197 -0.31053453864091324
vn 0.9040451388907901 -0.2937185385105437 -0.31053471139819844
vn 0 0.9505615244317699 -0.31053629138950845
vn 0 0.9505615244317699 -0.31053629138950845
vn 0.8515847813321323 0.2766895086276872 0.4452485553248583
vn 0.5263038412276649 0.7244041023457943 0.44524483513409635
vn 0.49236604503041886 0.5177885271703818 0.6996218398762509
vn 0.6445933496726906 0.3082731712906782 0.6996192288810597
vn -0.8515847813321323 0.2766895086276872 0.4452485553248583
vn -0.5263038412276649 0.7244041023457943 0.44524483513409635
vn -0.5263038412276649 -0.7244041023457943 0.44524483513409635
vn 0.8515847813321323 -0.2766895086276872 0.4452485553248583
vn 0 0.8954077490936979 0.4452470806899887
vn -0.8515847813321323 -0.2766895086276872 0.4452485553248583
vn 0 0.8954077490936979 0.4452470806899887
vn -0.6057758711952066 0.7367338158678582 0.3004311542341658
vn -0.09399799043603854 0.7083115019498697 0.6996136033550993
vn -0.6955086340536316 0.45962351808651675 0.5522806909340802
vn -0.7988033990322024 0.5704604952390021 0.19101820087696497
vn -0.7026956714811295 0.1294608007068177 0.6996132462739922
vn -0.3402844488534814 0.6282902632326581 0.6996126349598895
vn -0.09399799043603854 -0.7083115019498697 0.6996136033550993
vn -0.3402844488534814 -0.6282902632326581 0.6996126349598895
vn 0.6445933496726906 -0.3082731712906782 0.6996192288810597
vn -0.09399799043603854 0.7083115019498697 0.6996136033550993
vn -0.7026956714811295 -0.1294608007068177 0.6996132462739922
vn 0.49236604503041886 -0.5177885271703818 0.6996218398762509
vn 0.513486768402792 -0.8037861119458579 0.3004317308777791
vn 0.513486768402792 0.8037861119458579 0.3004317308777791
vn 0.3986677971257644 0.6812724136054155 0.6139477876783515
vn 0.3986677971257644 -0.6812724136054155 0.6139477876783515
vn 0.057009366007811285 0.9520991118272927 0.3004283832214725
vn 0.3109267312571226 0.9310406684987413 0.1910179085614173
vn 0.2924993148435228 0.7806594095013372 0.5522816647084109
vn 0.057009366007811285 -0.9520991118272927 0.3004283832214725
vn -0.8878773914465926 0.34844273580635654 0.30043534682486334
vn -0.6520763142722347 0.5194087210329004 0.5522780648188961
vn -0.6520763142722347 -0.5194087210329004 0.5522780648188961
vn 0.9231209463774556 0.23997419979144524 0.30043319023311416
vn 0.9231209463774556 -0.23997419979144524 0.30043319023311416
vn -0.6057758711952066 -0.7367338158678582 0.3004311542341658
vn 0.29569893267068525 -0.9359882597611793 0.1910186347104822
vn 0.22221429073879415 -0.803493407613206 0.5522853908203376
vn -0.8878773914465926 -0.34844273580635654 0.30043534682486334
vn -0.5247154238548338 -0.5896906358346228 0.6139533190543075
vn -0.2803799207567985 -0.34111313034955143 0.897234045463914
vn -0.7988033990322024 -0.5704604952390021 0.19101820087696497
vn 0.07788415357930636 -0.7854946399124433 0.6139480672581813
vn -0.7229693809635261 0.31681982962484945 0.6139547782578918
vn 0.22221429073879415 0.803493407613206 0.5522853908203376
vn 0.29569893267068525 0.9359882597611793 0.1910186347104822
vn -0.5247154238548338 0.5896906358346228 0.6139533190543075
vn 0.7711200403688222 0.16864721316266304 0.6139478812033261
vn -0.6955086340536316 -0.45962351808651675 0.5522806909340802
vn 0.2924993148435228 -0.7806594095013372 0.5522816647084109
vn 0.7711200403688222 -0.16864721316266304 0.6139478812033261
vn -0.7229693809635261 -0.31681982962484945 0.6139547782578918
vn 0.07788415357930636 0.7854946399124433 0.6139480672581813
vn -0.7893771519528692 -0.5834341245627995 0.19101919869588116
vn -0.41106358476208094 -0.16123311796750645 0.8972349809013377
vn 0.3109267312571226 -0.9310406684987413 0.1910179085614173
vn -0.6955086340536316 0.45962351808651675 0.5522806909340802
vn -0.7988033990322024 0.5704604952390021 0.19101820087696497
vn 0.832841873866146 0.03692838676325196 0.5522777447862532
vn 0.9815538195217945 0.00799599195928065 0.1910187516836069
vn -0.7893771519528692 0.5834341245627995 0.19101919869588116
vn 0.832841873866146 -0.03692838676325196 0.5522777447862532
vn 0.9815538195217945 -0.00799599195928065 0.1910187516836069
vn 0.026307345318041683 0.44078535916188444 0.8972269449424968
vn -0.2803799207567985 0.34111313034955143 0.897234045463914
vn 0.23777579471316507 -0.37206067375821733 0.8972366056348259
vn 0.4273311180650901 -0.11115125399401105 0.8972365988237434
vn -0.41106358476208094 0.16123311796750645 0.8972349809013377
vn 0.4273311180650901 0.11115125399401105 0.8972365988237434
vn 0.23777579471316507 0.37206067375821733 0.8972366056348259
vn 0.026307345318041683 -0.44078535916188444 0.8972269449424968
vn -0.2803799207567985 0.34111313034955143 0.897234045463914
f 1355/1355/1355 1356/1356/1356 1357/1357/1357
f 1355/1355/1355 1357/1357/1357 1358/1358/1358
f 1358/1358/1358 1357/1357/1357 1359/1359/1359
f 1358/1358/1358 1359/1359/1359 1360/1360/1360
f 1360/1360/1360 1359/1359/1359 1361/1361/1361
f 1360/1360/1360 1361/1361/1361 1362/1362/1362
f 1362/1362/1362 1361/1361/1361 1363/1363/1363
f 1362/1362/1362 1363/1363/1363 1364/1364/1364
f 1364/1364/1364 1363/1363/1363 1365/1365/1365
f 1364/1364/1364 1365/1365/1365 1366/1366/1366
f 1366/1366/1366 1365/1365/1365 1367/1367/1367
f 1366/1366/1366 1367/1367/1367 1368/1368/1368
f 1368/1368/1368 1367/1367/1367 1369/1369/1369
f 1368/1368/1368 1369/1369/1369 1370/1370/1370
f 1370/1370/1370 1369/1369/1369 1371/1371/1371
f 1370/1370/1370 1371/1371/1371 1372/1372/1372
f 1365/1365/1365 1363/1363/1363 1373/1373/1373
f 1365/1365/1365 1373/1373/1373 1374/1374/1374
f 1372/1372/1372 1371/1371/1371 1375/1375/1375
f 1372/1372/1372 1375/1375/1375 1376/1376/1376
f 1376/1376/1376 1375/1375/1375 1377/1377/1377
f 1376/1376/1376 1377/1377/1377 1378/1378/1378
f 1379/1379/1379 1380/1380/1380 1381/1381/1381
f 1379/1379/1379 1381/1381/1381 1382/1382/1382
f 1383/1383/1383 1382/1382/1382 1384/1384/1384
f 1383/1383/1383 1384/1384/1384 1385/1385/1385
f 1386/1386/1386 1379/1379/1379 1382/1382/1382
f 1386/1386/1386 1382/1382/1382 1383/1383/1383
f 1387/1387/1387 1388/1388/1388 1389/1389/1389
f 1387/1387/1387 1389/1389/1389 1390/1390/1390
f 1391/1391/1391 1387/1387/1387 1390/1390/1390
f 1391/1391/1391 1390/1390/1390 1392/1392/1392
f 1393/1393/1393 1391/1391/1391 1392/1392/1392
f 1393/1393/1393 1392/1392/1392 1394/1394/1394
f 1395/1395/1395 1393/1393/1393 1394/1394/1394
f 1395/1395/1395 1394/1394/1394 1396/1396/1396
f 1397/1397/1397 1395/1395/1395 1396/1396/1396
f 1397/1397/1397 1396/1396/1396 1398/1398/1398
f 1399/1399/1399 1397/1397/1397 1398/1398/1398
f 1399/1399/1399 1398/1398/1398 1400/1400/1400
f 1380/1380/1380 1399/1399/1399 1400/1400/1400
f 1380/1380/1380 1400/1400/1400 1381/1381/1381
f 1401/1401/1401 1386/1386/1386 1383/1383/1383
f 1401/1401/1401 1383/1383/1383 1402/1402/1402
f 1403/1403/1403 1404/1404/1404 1405/1405/1405
f 1403/1403/1403 1405/1405/1405 1406/1406/1406
f 1392/1392/1392 1390/1390/1390 1404/1404/1404
f 1392/1392/1392 1404/1404/1404 1403/1403/1403
f 1398/1398/1398 1396/1396/1396 1407/1407/1407
f 1398/1398/1398 1407/1407/1407 1408/1408/1408
f 1382/1382/1382 1381/1381/1381 1409/1409/1409
f 1382/1382/1382 1409/1409/1409 1384/1384/1384
f 1390/1390/1390 1389/1389/1389 1410/1410/1410
f 1390/1390/1390 1410/1410/1410 1404/1404/1404
f 1396/1396/1396 1394/1394/1394 1411/1411/1411
f 1396/1396/1396 1411/1411/1411 1407/1407/1407
f 1381/1381/1381 1400/1400/1400 1412/1412/1412
f 1381/1381/1381 1412/1412/1412 1409/1409/1409
f 1402/1402/1402 1383/1383/1383 1385/1385/1385
f 1402/1402/1402 1385/1385/1385 1413/1413/1413
f 1394/1394/1394 1392/1392/1392 1403/1403/1403
f 1394/1394/1394 1403/1403/1403 1411/1411/1411
f 1400/1400/1400 1398/1398/1398 1408/1408/1408
f 1400/1400/1400 1408/1408/1408 1412/1412/1412
f 1414/1414/1414 1415/1415/1415 1416/1416/1416
f 1414/1414/1414 1416/1416/1416 1417/1417/1417
f 1408/1408/1408 1407/1407/1407 1415/1415/1415
f 1408/1408/1408 1415/1415/1415 1414/1414/1414
f 1384/1384/1384 1409/1409/1409 1418/1418/1418
f 1384/1384/1384 1418/1418/1418 1419/1419/1419
f 1404/1404/1404 1410/1410/1410 1420/1420/1420
f 1404/1404/1404 1420/1420/1420 1405/1405/1405
f 1407/1407/1407 1411/1411/1411 1421/1421/1421
f 1407/1407/1407 1421/1421/1421 1415/1415/1415
f 1409/1409/1409 1412/1412/1412 1422/1422/1422
f 1409/1409/1409 1422/1422/1422 1418/1418/1418
f 1413/1413/1413 1385/1385/1385 1423/1423/1423
f 1413/1413/1413 1423/1423/1423 1424/1424/1424
f 1411/1411/1411 1403/1403/1403 1406/1406/1406
f 1411/1411/1411 1406/1406/1406 1421/1421/1421
f 1412/1412/1412 1408/1408/1408 1414/1414/1414
f 1412/1412/1412 1414/1414/1414 1422/1422/1422
f 1385/1385/1385 1384/1384/1384 1419/1419/1419
f 1385/1385/1385 1419/1419/1419 1423/1423/1423
f 1425/1425/1425 1426/1426/1426 1427/1427/1427
f 1425/1425/1425 1427/1427/1427 1428/1428/1428
f 1419/1419/1419 1418/1418/1418 1426/1426/1426
f 1419/1419/1419 1426/1426/1426 1425/1425/1425
f 1405/1405/1405 1420/1420/1420 1429/1429/1429
f 1405/1405/1405 1429/1429/1429 1430/1430/1430
f 1415/1415/1415 1421/1421/1421 1431/1431/1431
f 1415/1415/1415 1431/1431/1431 1416/1416/1416
f 1418/1418/1418 1422/1422/1422 1432/1432/1432
f 1418/1418/1418 1432/1432/1432 1426/1426/1426
f 1424/1424/1424 1423/1423/1423 1433/1433/1433
f 1424/1424/1424 1433/1433/1433 1434/1434/1434
f 1421/1421/1421 1406/1406/1406 1435/1435/1435
f 1421/1421/1421 1435/1435/1435 1431/1431/1431
f 1422/1422/1422 1414/1414/1414 1417/1417/1417
f 1422/1422/1422 1417/1417/1417 1432/1432/1432
f 1423/1423/1423 1419/1419/1419 1425/1425/1425
f 1423/1423/1423 1425/1425/1425 1433/1433/1433
f 1406/1406/1406 1405/1405/1405 1430/1430/1430
f 1406/1406/1406 1430/1430/1430 1435/1435/1435
f 1436/1436/1436 1437/1437/1437 1438/1438/1438
f 1436/1436/1436 1438/1438/1438 1439/1439/1439
f 1436/1436/1436 1439/1439/1439 1440/1440/1440
f 1436/1436/1436 1440/1440/1440 1441/1441/1441
f 1436/1436/1436 1441/1441/1441 1442/1442/1442
f 1436/1436/1436 1442/1442/1442 1443/1443/1443
f 1436/1436/1436 1443/1443/1443 1444/1444/1444
f 1436/1436/1436 1444/1444/1444 1445/1445/1445
f 1430/1430/1430 1429/1429/1429 1446/1446/1446
f 1430/1430/1430 1446/1446/1446 1447/1447/1447
f 1416/1416/1416 1431/1431/1431 1448/1448/1448
f 1416/1416/1416 1448/1448/1448 1449/1449/1449
f 1426/1426/1426 1432/1432/1432 1450/1450/1450
f 1426/1426/1426 1450/1450/1450 1427/1427/1427
f 1434/1434/1434 1433/1433/1433 1451/1451/1451
f 1434/1434/1434 1451/1451/1451 1452/1452/1452
f 1431/1431/1431 1435/1435/1435 1453/1453/1453
f 1431/1431/1431 1453/1453/1453 1448/1448/1448
f 1432/1432/1432 1417/1417/1417 1454/1454/1454
f 1432/1432/1432 1454/1454/1454 1450/1450/1450
f 1433/1433/1433 1425/1425/1425 1428/1428/1428
f 1433/1433/1433 1428/1428/1428 1451/1451/1451
f 1435/1435/1435 1430/1430/1430 1447/1447/1447
f 1435/1435/1435 1447/1447/1447 1453/1453/1453
f 1417/1417/1417 1416/1416/1416 1449/1449/1449
f 1417/1417/1417 1449/1449/1449 1454/1454/1454
f 1355/1355/1355 1358/1358/1358 1386/1386/1386
f 1355/1355/1355 1386/1386/1386 1401/1401/1401
f 1362/1362/1362 1364/1364/1364 1399/1399/1399
f 1362/1362/1362 1399/1399/1399 1380/1380/1380
f 1364/1364/1364 1366/1366/1366 1397/1397/1397
f 1364/1364/1364 1397/1397/1397 1399/1399/1399
f 1366/1366/1366 1368/1368/1368 1395/1395/1395
f 1366/1366/1366 1395/1395/1395 1397/1397/1397
f 1368/1368/1368 1370/1370/1370 1393/1393/1393
f 1368/1368/1368 1393/1393/1393 1395/1395/1395
f 1370/1370/1370 1372/1372/1372 1391/1391/1391
f 1370/1370/1370 1391/1391/1391 1393/1393/1393
f 1372/1372/1372 1376/1376/1376 1387/1387/1387
f 1372/1372/1372 1387/1387/1387 1391/1391/1391
f 1376/1376/1376 1378/1378/1378 1388/1388/1388
f 1376/1376/1376 1388/1388/1388 1387/1387/1387
f 1358/1358/1358 1360/1360/1360 1379/1379/1379
f 1358/1358/1358 1379/1379/1379 1386/1386/1386
f 1360/1360/1360 1362/1362/1362 1380/1380/1380
f 1360/1360/1360 1380/1380/1380 1379/1379/1379
f 1455/1455/1455 1456/1456/1456 1457/1457/1457
f 1455/1455/1455 1457/1457/1457 1458/1458/1458
f 1363/1363/1363 1361/1361/1361 1459/1459/1459
f 1363/1363/1363 1459/1459/1459 1373/1373/1373
f 1357/1357/1357 1356/1356/1356 1456/1456/1456
f 1357/1357/1357 1456/1456/1456 1455/1455/1455
f 1361/1361/1361 1359/1359/1359 1460/1460/1460
f 1361/1361/1361 1460/1460/1460 1459/1459/1459
f 1359/1359/1359 1357/1357/1357 1455/1455/1455
f 1359/1359/1359 1455/1455/1455 1460/1460/1460
f 1377/1377/1377 1375/1375/1375 1461/1461/1461
f 1377/1377/1377 1461/1461/1461 1462/1462/1462
f 1375/1375/1375 1371/1371/1371 1463/1463/1463
f 1375/1375/1375 1463/1463/1463 1461/1461/1461
f 1371/1371/1371 1369/1369/1369 1464/1464/1464
f 1371/1371/1371 1464/1464/1464 1463/1463/1463
f 1369/1369/1369 1367/1367/1367 1465/1465/1465
f 1369/1369/1369 1465/1465/1465 1464/1464/1464
f 1367/1367/1367 1365/1365/1365 1374/1374/1374
f 1367/1367/1367 1374/1374/1374 1465/1465/1465
f 1466/1466/1466 1467/1467/1467 1468/1468/1468
f 1466/1466/1466 1468/1468/1468 1469/1469/1469
f 1463/1463/1463 1464/1464/1464 1467/1467/1467
f 1463/1463/1463 1467/1467/1467 1466/1466/1466
f 1374/1374/1374 1373/1373/1373 1470/1470/1470
f 1374/1374/1374 1470/1470/1470 1471/1471/1471
f 1460/1460/1460 1455/1455/1455 1458/1458/1458
f 1460/1460/1460 1458/1458/1458 1472/1472/1472
f 1461/1461/1461 1463/1463/1463 1466/1466/1466
f 1461/1461/1461 1466/1466/1466 1473/1473/1473
f 1465/1465/1465 1374/1374/1374 1471/1471/1471
f 1465/1465/1465 1471/1471/1471 1474/1474/1474
f 1459/1459/1459 1460/1460/1460 1472/1472/1472
f 1459/1459/1459 1472/1472/1472 1475/1475/1475
f 1462/1462/1462 1461/1461/1461 1473/1473/1473
f 1462/1462/1462 1473/1473/1473 1476/1476/1476
f 1464/1464/1464 1465/1465/1465 1474/1474/1474
f 1464/1464/1464 1474/1474/1474 1467/1467/1467
f 1373/1373/1373 1459/1459/1459 1475/1475/1475
f 1373/1373/1373 1475/1475/1475 1470/1470/1470
f 1477/1477/1477 1478/1478/1478 1479/1479/1479
f 1477/1477/1477 1479/1479/1479 1480/1480/1480
f 1471/1471/1471 1470/1470/1470 1478/1478/1478
f 1471/1471/1471 1478/1478/1478 1477/1477/1477
f 1472/1472/1472 1458/1458/1458 1481/1481/1481
f 1472/1472/1472 1481/1481/1481 1482/1482/1482
f 1473/1473/1473 1466/1466/1466 1469/1469/1469
f 1473/1473/1473 1469/1469/1469 1483/1483/1483
f 1474/1474/1474 1471/1471/1471 1477/1477/1477
f 1474/1474/1474 1477/1477/1477 1484/1484/1484
f 1475/1475/1475 1472/1472/1472 1482/1482/1482
f 1475/1475/1475 1482/1482/1482 1485/1485/1485
f 1476/1476/1476 1473/1473/1473 1483/1483/1483
f 1476/1476/1476 1483/1483/1483 1486/1486/1486
f 1467/1467/1467 1474/1474/1474 1484/1484/1484
f 1467/1467/1467 1484/1484/1484 1468/1468/1468
f 1470/1470/1470 1475/1475/1475 1485/1485/1485
f 1470/1470/1470 1485/1485/1485 1478/1478/1478
f 1458/1458/1458 1457/1457/1457 1487/1487/1487
f 1458/1458/1458 1487/1487/1487 1481/1481/1481
f 1488/1488/1488 1489/1489/1489 1490/1490/1490
f 1488/1488/1488 1490/1490/1490 1491/1491/1491
f 1482/1482/1482 1481/1481/1481 1489/1489/1489
f 1482/1482/1482 1489/1489/1489 1488/1488/1488
f 1483/1483/1483 1469/1469/1469 1492/1492/1492
f 1483/1483/1483 1492/1492/1492 1493/1493/1493
f 1484/1484/1484 1477/1477/1477 1480/1480/1480
f 1484/1484/1484 1480/1480/1480 1494/1494/1494
f 1485/1485/1485 1482/1482/1482 1488/1488/1488
f 1485/1485/1485 1488/1488/1488 1495/1495/1495
f 1486/1486/1486 1483/1483/1483 1493/1493/1493
f 1486/1486/1486 1493/1493/1493 1496/1496/1496
f 1468/1468/1468 1484/1484/1484 1494/1494/1494
f 1468/1468/1468 1494/1494/1494 1497/1497/1497
f 1478/1478/1478 1485/1485/1485 1495/1495/1495
f 1478/1478/1478 1495/1495/1495 1479/1479/1479
f 1481/1481/1481 1487/1487/1487 1498/1498/1498
f 1481/1481/1481 1498/1498/1498 1489/1489/1489
f 1469/1469/1469 1468/1468/1468 1497/1497/1497
f 1469/1469/1469 1497/1497/1497 1492/1492/1492
f 1499/1499/1499 1500/1500/1500 1501/1501/1501
f 1499/1499/1499 1501/1501/1501 1502/1502/1502
f 1493/1493/1493 1492/1492/1492 1503/1503/1503
f 1493/1493/1493 1503/1503/1503 1504/1504/1504
f 1494/1494/1494 1480/1480/1480 1505/1505/1505
f 1494/1494/1494 1505/1505/1505 1506/1506/1506
f 1495/1495/1495 1488/1488/1488 1491/1491/1491
f 1495/1495/1495 1491/1491/1491 1507/1507/1507
f 1496/1496/1496 1493/1493/1493 1504/1504/1504
f 1496/1496/1496 1504/1504/1504 1508/1508/1508
f 1497/1497/1497 1494/1494/1494 1506/1506/1506
f 1497/1497/1497 1506/1506/1506 1509/1509/1509
f 1479/1479/1479 1495/1495/1495 1507/1507/1507
f 1479/1479/1479 1507/1507/1507 1510/1510/1510
f 1489/1489/1489 1498/1498/1498 1500/1500/1500
f 1489/1489/1489 1500/1500/1500 1490/1490/1490
f 1492/1492/1492 1497/1497/1497 1509/1509/1509
f 1492/1492/1492 1509/1509/1509 1503/1503/1503
f 1480/1480/1480 1479/1479/1479 1510/1510/1510
f 1480/1480/1480 1510/1510/1510 1505/1505/1505
f 1511/1511/1511 1512/1512/1512 1513/1513/1513
f 1511/1511/1511 1513/1513/1513 1514/1514/1514
f 1507/1507/1507 1491/1491/1491 1512/1512/1512
f 1507/1507/1507 1512/1512/1512 1511/1511/1511
f 1504/1504/1504 1515/1515/1515 1516/1516/1516
f 1504/1504/1504 1516/1516/1516 1517/1517/1517
f 1509/1509/1509 1506/1506/1506 1518/1518/1518
f 1509/1509/1509 1518/1518/1518 1519/1519/1519
f 1503/1503/1503 1509/1509/1509 1520/1520/1520
f 1503/1503/1503 1520/1520/1520 1521/1521/1521
f 1490/1490/1490 1500/1500/1500 1499/1499/1499
f 1490/1490/1490 1499/1499/1499 1522/1522/1522
f 1505/1505/1505 1510/1510/1510 1523/1523/1523
f 1505/1505/1505 1523/1523/1523 1524/1524/1524
f 1507/1507/1507 1511/1511/1511 1525/1525/1525
f 1507/1507/1507 1525/1525/1525 1526/1526/1526
f 1504/1504/1504 1503/1503/1503 1527/1527/1527
f 1504/1504/1504 1527/1527/1527 1515/1515/1515
f 1524/1524/1524 1528/1528/1528 1529/1529/1529
f 1524/1524/1524 1529/1529/1529 1530/1530/1530
f 1519/1519/1519 1518/1518/1518 1531/1531/1531
f 1519/1519/1519 1531/1531/1531 1532/1532/1532
f 1512/1512/1512 1491/1491/1491 1533/1533/1533
f 1512/1512/1512 1533/1533/1533 1534/1534/1534
f 1522/1522/1522 1499/1499/1499 1535/1535/1535
f 1522/1522/1522 1535/1535/1535 1536/1536/1536
f 1506/1506/1506 1505/1505/1505 1537/1537/1537
f 1506/1506/1506 1537/1537/1537 1538/1538/1538
f 1524/1524/1524 1523/1523/1523 1539/1539/1539
f 1524/1524/1524 1539/1539/1539 1528/1528/1528
f 1515/1515/1515 1527/1527/1527 1540/1540/1540
f 1515/1515/1515 1540/1540/1540 1541/1541/1541
f 1540/1540/1540 1527/1527/1527 1542/1542/1542
f 1540/1540/1540 1542/1542/1542 1543/1543/1543
f 1538/1538/1538 1537/1537/1537 1530/1530/1530
f 1538/1538/1538 1530/1530/1530 1544/1544/1544
f 1545/1545/1545 1517/1517/1517 1516/1516/1516
f 1545/1545/1545 1516/1516/1516 1546/1546/1546
f 1547/1547/1547 1526/1526/1526 1525/1525/1525
f 1547/1547/1547 1525/1525/1525 1548/1548/1548
f 1521/1521/1521 1520/1520/1520 1549/1549/1549
f 1521/1521/1521 1549/1549/1549 1542/1542/1542
f 1533/1533/1533 1550/1550/1550 1551/1551/1551
f 1533/1533/1533 1551/1551/1551 1534/1534/1534
f 1546/1546/1546 1516/1516/1516 1552/1552/1552
f 1546/1546/1546 1552/1552/1552 1553/1553/1553
f 1548/1548/1548 1525/1525/1525 1554/1554/1554
f 1548/1548/1548 1554/1554/1554 1555/1555/1555
f 1542/1542/1542 1549/1549/1549 1556/1556/1556
f 1542/1542/1542 1556/1556/1556 1543/1543/1543
f 1534/1534/1534 1551/1551/1551 1557/1557/1557
f 1534/1534/1534 1557/1557/1557 1558/1558/1558
f 1544/1544/1544 1530/1530/1530 1529/1529/1529
f 1544/1544/1544 1529/1529/1529 1559/1559/1559
f 1508/1508/1508 1504/1504/1504 1517/1517/1517
f 1508/1508/1508 1517/1517/1517 1545/1545/1545
f 1509/1509/1509 1519/1519/1519 1549/1549/1549
f 1509/1509/1509 1549/1549/1549 1520/1520/1520
f 1513/1513/1513 1512/1512/1512 1534/1534/1534
f 1513/1513/1513 1534/1534/1534 1558/1558/1558
f 1523/1523/1523 1510/1510/1510 1547/1547/1547
f 1523/1523/1523 1547/1547/1547 1548/1548/1548
f 1511/1511/1511 1514/1514/1514 1554/1554/1554
f 1511/1511/1511 1554/1554/1554 1525/1525/1525
f 1490/1490/1490 1522/1522/1522 1551/1551/1551
f 1490/1490/1490 1551/1551/1551 1550/1550/1550
f 1515/1515/1515 1541/1541/1541 1552/1552/1552
f 1515/1515/1515 1552/1552/1552 1516/1516/1516
f 1527/1527/1527 1503/1503/1503 1521/1521/1521
f 1527/1527/1527 1521/1521/1521 1542/1542/1542
f 1535/1535/1535 1499/1499/1499 1502/1502/1502
f 1535/1535/1535 1502/1502/1502 1560/1560/1560
f 1531/1531/1531 1518/1518/1518 1544/1544/1544
f 1531/1531/1531 1544/1544/1544 1559/1559/1559
f 1491/1491/1491 1490/1490/1490 1550/1550/1550
f 1491/1491/1491 1550/1550/1550 1533/1533/1533
f 1519/1519/1519 1532/1532/1532 1556/1556/1556
f 1519/1519/1519 1556/1556/1556 1549/1549/1549
f 1539/1539/1539 1523/1523/1523 1548/1548/1548
f 1539/1539/1539 1548/1548/1548 1555/1555/1555
f 1510/1510/1510 1507/1507/1507 1526/1526/1526
f 1510/1510/1510 1526/1526/1526 1547/1547/1547
f 1505/1505/1505 1524/1524/1524 1530/1530/1530
f 1505/1505/1505 1530/1530/1530 1537/1537/1537
f 1522/1522/1522 1536/1536/1536 1557/1557/1557
f 1522/1522/1522 1557/1557/1557 1551/1551/1551
f 1518/1518/1518 1506/1506/1506 1538/1538/1538
f 1518/1518/1518 1538/1538/1538 1544/1544/1544
f 1536/1536/1536 1535/1535/1535 1560/1560/1560
f 1536/1536/1536 1560/1560/1560 1557/1557/1557
f 1514/1514/1514 1513/1513/1513 1558/1558/1558
f 1514/1514/1514 1558/1558/1558 1554/1554/1554
f 1528/1528/1528 1539/1539/1539 1555/1555/1555
f 1528/1528/1528 1555/1555/1555 1529/1529/1529
f 1531/1531/1531 1559/1559/1559 1556/1556/1556
f 1531/1531/1531 1556/1556/1556 1532/1532/1532
f 1540/1540/1540 1543/1543/1543 1552/1552/1552
f 1540/1540/1540 1552/1552/1552 1541/1541/1541
f 1557/1557/1557 1560/1560/1560 1552/1552/1552
f 1557/1557/1557 1552/1552/1552 1543/1543/1543
f 1557/1557/1557 1543/1543/1543 1556/1556/1556
f 1557/1557/1557 1556/1556/1556 1559/1559/1559
f 1557/1557/1557 1559/1559/1559 1529/1529/1529
f 1557/1557/1557 1529/1529/1529 1555/1555/1555
f 1557/1557/1557 1555/1555/1555 1554/1554/1554
f 1557/1557/1557 1554/1554/1554 1558/1558/1558
o GripString
usemtl sword_HandleString
v 9.056149457461646e-9 0.07387698510248342 0.27572346665374603
v 9.056149457461646e-9 0.07387698510248342 0.2891971203131787
v 0.04699996504618831 0.060916553949317276 0.315687569459268
v 0.04699996504618831 0.06091656708957949 0.30221391744236814
v 0.07037763472355074 0.02326805032492718 0.3285577639680275
v 0.07037763472355074 0.02326805032492718 0.31508411030859484
v 0.07037763472355074 -0.023268058537591063 0.3285577639680275
v 0.07037763472355074 -0.023268058537591063 0.31508411030859484
v 0.0449084623606133 -0.059755986280389806 0.315687569459268
v 0.0449084623606133 -0.059755973140127594 0.30221391744236814
v 2.0657296132017032e-9 -0.07286069094250891 0.2891971203131787
v 2.0657296132017032e-9 -0.07286069094250891 0.27572346665374603
v -0.046999938765663885 -0.060916553949317276 0.2626703112402833
v -0.046999938765663885 -0.06091654737918617 0.24919665429578508
v -0.07382884575187099 -0.023268066750254945 0.24779179601208057
v -0.07382884575187099 -0.023268058537591063 0.23431814563771347
v -0.07382884575187099 0.023268061822656616 0.24779179601208057
v -0.07382884575187099 0.0232680700353205 0.23431814563771347
v 9.056149457461646e-9 0.07387698510248342 0.27572346665374603
v -0.045495395167756136 0.06024437697614182 0.24919665429578508
v -0.045495395167756136 0.06024436383587961 0.2626703112402833
v 9.056149457461646e-9 0.07387698510248342 0.2891971203131787
v 0.00009532767474729198 0.07387906783404397 0.2758335393452276
v 0.00009532767474729198 0.07387906783404397 0.28930719957479134
v 0.045242914884555674 0.059032844800226414 0.25961985849902547
v 0.045242914884555674 0.059032857940488626 0.24614620812465837
v 0.07372039916783812 0.02326805032492718 0.24636899470032603
v 0.07372039916783812 0.02326805032492718 0.23289533775582782
v 0.07304736807761891 -0.023268058537591063 0.24636899470032603
v 0.07304736807761891 -0.023268058537591063 0.23289533775582782
v 0.045085951167371796 -0.05873469882077487 0.25961985849902547
v 0.045085951167371796 -0.058734685680512655 0.24614620812465837
v 0.00009532069398299203 -0.0737723097737053 0.28930719957479134
v 0.00009532069398299203 -0.0737723097737053 0.2758335393452276
v -0.042385147663304146 -0.060916553949317276 0.3124273094363421
v -0.042385147663304146 -0.06091654737918617 0.2989536516705775
v -0.07052195422342145 -0.023268066750254945 0.32908311657884814
v -0.07093966344873692 -0.023268058537591063 0.31560946497258147
v -0.07052195422342145 0.023268061822656616 0.32908311657884814
v -0.07093966344873692 0.0232680700353205 0.31560946497258147
v 0.00009532767474729198 0.07387906783404397 0.2758335393452276
v -0.04238511809771417 0.060916586799972805 0.2989536516705775
v -0.04238511809771417 0.06091657365971059 0.3124273094363421
v 0.00009532767474729198 0.07387906783404397 0.28930719957479134
v 9.033930270518908e-9 0.06965859300519739 0.3727876336224405
v 9.033930270518908e-9 0.06965859300519739 0.3862612905669387
v 0.04477446453670986 0.05635498419398033 0.41275173724922887
v 0.04477446453670986 0.05635499733424254 0.39927808687486177
v 0.06695379486141739 0.021525686048848858 0.4256219342217875
v 0.06746736886969806 0.021525686048848858 0.4121482772772893
v 0.06695379486141739 -0.021525692618979964 0.4256219342217875
v 0.06746736886969806 -0.021525692618979964 0.4121482772772893
v 0.0447744546815132 -0.056355003904373646 0.41275173724922887
v 0.0447744546815132 -0.056354990764111434 0.39927808687486177
v 2.053165970572479e-9 -0.06965859300519739 0.3862612905669387
v 2.053165970572479e-9 -0.06965859300519739 0.3727876336224405
v -0.042861666132147924 -0.05774769430527016 0.3578513275210309
v -0.042861666132147924 -0.05774768773513905 0.3443776705765327
v -0.07006261664741942 -0.021525700831643846 0.34485596298077503
v -0.07040499931960653 -0.021525692618979964 0.33138231260640794
v -0.07006261664741942 0.021525695904045516 0.34485596298077503
v -0.07040499931960653 0.0215257041167094 0.33138231260640794
v 9.033930270518908e-9 0.06965859300519739 0.3727876336224405
v -0.04699990920007391 0.05635501704463586 0.3443776705765327
v -0.04699990920007391 0.056355003904373646 0.3578513275210309
v 9.033930270518908e-9 0.06965859300519739 0.3862612905669387
v 0.00009532767474729198 0.06965859300519739 0.3728977095989876
v 0.00009532767474729198 0.06965859300519739 0.3863713665434858
v 0.042724912138245585 0.05719372713095083 0.35480087477977307
v 0.042724912138245585 0.057193740271213045 0.34132722440540597
v 0.06994411776279463 0.021525686048848858 0.34343072415038023
v 0.0703066116062967 0.021525686048848858 0.32996194224316255
v 0.06994411776279463 -0.021525692618979964 0.34343072415038023
v 0.0703066116062967 -0.021525692618979964 0.32996194224316255
v 0.04334469231585203 -0.057256774109042397 0.35480087477977307
v 0.04334469231585203 -0.057256760968780185 0.34132722440540597
v 0.00009532069398299203 -0.06965859300519739 0.3863713665434858
v 0.00009532069398299203 -0.06965859300519739 0.3728977095989876
v -0.04322481041862947 -0.05635498419398033 0.4094914739412374
v -0.04322481041862947 -0.05635497762384922 0.3960178169967392
v -0.06726929912725055 -0.021525700831643846 0.42614728190500983
v -0.06751581701647247 -0.021525692618979964 0.41267363153064274
v -0.06726929912725055 0.021525695904045516 0.42614728190500983
v -0.06751581701647247 0.0215257041167094 0.41267363153064274
v 0.00009532767474729198 0.06965859300519739 0.3728977095989876
v -0.04291471008563086 0.05535708640110215 0.3960178169967392
v -0.04291471008563086 0.05535707326083994 0.4094914739412374
v 0.00009532767474729198 0.06965859300519739 0.3863713665434858
v 0.00004548327245459949 0.069402982054525 0.46875902353495746
v 0.00004548327245459949 0.069402982054525 0.4816022763998511
v 0.041664125050422385 0.053849231457117064 0.5068532875594194
v 0.041664125050422385 0.053849244597379275 0.49401004783478797
v 0.06484645815987733 0.020724373148788278 0.5191213123057352
v 0.06533599862857287 0.020724373148788278 0.5062780594408416
v 0.06484645815987733 -0.020724383003984936 0.5191213123057352
v 0.06533599862857287 -0.020724383003984936 0.5062780594408416
v 0.042360148314446455 -0.05548791085168148 0.5068532875594194
v 0.042360148314446455 -0.055487897711419265 0.49401004783478797
v 0.00004547659966519513 -0.06875679652000422 0.4816022763998511
v 0.00004547659966519513 -0.06875679652000422 0.46875902353495746
v -0.041464967951276854 -0.05603999239837343 0.45452154942861966
v -0.041464967951276854 -0.05603998582824232 0.44167829656372604
v -0.06673906326648549 -0.022179404238682476 0.44213422424168414
v -0.06706542795903658 -0.022179396026018594 0.4292909582365283
v -0.06673906326648549 0.022179399311084147 0.44213422424168414
v -0.06706542795903658 0.02217940752374803 0.4292909582365283
v 0.00004548327245459949 0.069402982054525 0.46875902353495746
v -0.040802022012305095 0.05583296099709756 0.44167829656372604
v -0.040802022012305095 0.05583294785683535 0.45452154942861966
v 0.00004548327245459949 0.069402982054525 0.4816022763998511
v 0.00013634212880864194 0.06939877717061727 0.4688639485287176
v 0.00013634212880864194 0.06939877717061727 0.48170720139361123
v 0.04397003410943956 0.05355534620768765 0.45161381964537384
v 0.04397003410943956 0.05355535934794986 0.4387705799207424
v 0.06671705989741206 0.022179387813354712 0.4407756525316202
v 0.06706258966239886 0.022179387813354712 0.4279370513195495
v 0.06671705989741206 -0.022179396026018594 0.4407756525316202
v 0.06706258966239886 -0.022179396026018594 0.4279370513195495
v 0.04225600188122236 -0.05529618128575109 0.45161381964537384
v 0.04225600188122236 -0.05529616814548888 0.4387705799207424
v 0.00013633550734838684 -0.06842028754502572 0.48170720139361123
v 0.00013633550734838684 -0.06842028754502572 0.4688639485287176
v -0.041296444088412265 -0.054785767510532324 0.503745562985312
v -0.041296444088412265 -0.05478576094040122 0.4909023101204184
v -0.06407643879427383 -0.022179404238682476 0.5196220876986217
v -0.0643114195332739 -0.022179396026018594 0.5067788348337281
v -0.06407643879427383 0.022179399311084147 0.5196220876986217
v -0.0643114195332739 0.02217940752374803 0.5067788348337281
v 0.00013634212880864194 0.06939877717061727 0.4688639485287176
v -0.0410641275375756 0.053747039637896954 0.4909023101204184
v -0.0410641275375756 0.05374702649763474 0.503745562985312
v 0.00013634212880864194 0.06939877717061727 0.48170720139361123
v 0.000019525903522752547 0.0656694984835049 0.5587162599760802
v 0.000019525903522752547 0.0656694984835049 0.570694239714598
v 0.04180211422897262 0.05414777821456607 0.594244033686671
v 0.04180211422897262 0.05414779135482828 0.5822660539481532
v 0.06258467738643247 0.020678554696988982 0.6056855490801354
v 0.06258467738643247 0.020678554696988982 0.5937075693416176
v 0.06258467738643247 -0.020691676891340105 0.6056855490801354
v 0.06258467738643247 -0.020691676891340105 0.5937075693416176
v 0.03994278355134995 -0.05312915494311454 0.594244033686671
v 0.03994278355134995 -0.053129145087917884 0.5822660539481532
v 0.00001951967986340425 -0.06477913402643587 0.570694239714598
v 0.00001951967986340425 -0.06477913402643587 0.5587162599760802
v -0.04176305479954845 -0.054160888911187755 0.5471121469780087
v -0.04176305479954845 -0.05416088234105665 0.5351341672394909
v -0.0656137443509408 -0.020691685104003987 0.5338852641578455
v -0.0656137443509408 -0.020691676891340105 0.5219072844193278
v -0.0656137443509408 0.020678566194718417 0.5338852641578455
v -0.0656137443509408 0.020678572764849523 0.5219072844193278
v 0.000019525903522752547 0.0656694984835049 0.5587162599760802
v -0.0404255272194165 0.0535502215054251 0.5351341672394909
v -0.0404255272194165 0.05355020836516289 0.5471121469780087
v 0.000019525903522752547 0.0656694984835049 0.570694239714598
v 0.00010426339310683728 0.06567134469034563 0.5588141286490327
v 0.00010426339310683728 0.06567134469034563 0.5707921083875505
v 0.040240108264413266 0.05247317662818052 0.5444002596627655
v 0.040240108264413266 0.05247318976844273 0.532422358765821
v 0.06555636082586247 0.020678554696988982 0.5326203825173508
v 0.06555636082586247 0.020678554696988982 0.520642402778833
v 0.06495804526657878 -0.020691676891340105 0.5326203825173508
v 0.06495804526657878 -0.020691676891340105 0.520642402778833
v 0.04010057181998761 -0.05222123838079629 0.5444002596627655
v 0.04010057181998761 -0.052221225240534075 0.532422358765821
v 0.0001042571822797763 -0.06558955312820913 0.5707921083875505
v 0.0001042571822797763 -0.06558955312820913 0.5588141286490327
v -0.03766054010457598 -0.054160888911187755 0.5913457123311687
v -0.03766054010457598 -0.05416088234105665 0.579367732592651
v -0.0626739326175052 -0.020691685104003987 0.6061525539991379
v -0.06304528299773793 -0.020691676891340105 0.594174626821669
v -0.0626739326175052 0.020678566194718417 0.6061525539991379
v -0.06304528299773793 0.020678572764849523 0.594174626821669
v 0.00010426339310683728 0.06567134469034563 0.5588141286490327
v -0.037660513824051556 0.05414780778015604 0.579367732592651
v -0.037660513824051556 0.054147797924959384 0.5913457123311687
v 0.00010426339310683728 0.06567134469034563 0.5707921083875505
v 0.000019525877858177915 0.06191937277039372 0.6450055499039635
v 0.000019525877858177915 0.06191937277039372 0.6569835033619569
v 0.03982366050427011 0.0500925816038178 0.6805333236145543
v 0.03982366050427011 0.050092588173948904 0.6685553438760365
v 0.05954090646850929 0.01912960686800247 0.6919748127274943
v 0.05999747144918466 0.01912960686800247 0.6799968592695009
v 0.05954090646850929 -0.019142727419820815 0.6919748127274943
v 0.05999747144918466 -0.019142727419820815 0.6799968592695009
v 0.039823653934139 -0.0501057054407017 0.6805333236145543
v 0.039823653934139 -0.05010569558550504 0.6685553438760365
v 0.000019519667031116933 -0.06193249332221207 0.6569835033619569
v 0.000019519667031116933 -0.06193249332221207 0.6450055499039635
v -0.038084162447886705 -0.051343800656677985 0.6317272623780283
v -0.038084162447886705 -0.05134379408654688 0.6197493352005594
v -0.06226559239914664 -0.019142735632484698 0.6201745278052044
v -0.06256996029275541 -0.019142727419820815 0.6081965480666867
v -0.06226559239914664 0.01912961508066635 0.6201745278052044
v -0.06256996029275541 0.019129621650797457 0.6081965480666867
v 0.000019525877858177915 0.06191937277039372 0.6450055499039635
v -0.041763028519024026 0.05009260788434222 0.6197493352005594
v -0.041763028519024026 0.05009259474408001 0.6317272623780283
v 0.000019525877858177915 0.06191937277039372 0.6569835033619569
v 0.00010426339310683728 0.06191937277039372 0.645103418576916
v 0.00010426339310683728 0.06191937277039372 0.6570813983154338
v 0.03800162517586969 0.050838215927822006 0.6290154539043584
v 0.03800162517586969 0.050838225783018665 0.6170374741658406
v 0.062199286636026585 0.01912960686800247 0.618907491161707
v 0.06252153185637432 0.01912960686800247 0.6069338214291946
v 0.062199286636026585 -0.019142727419820815 0.618907491161707
v 0.06252153185637432 -0.019142727419820815 0.6069338214291946
v 0.038552606225601416 -0.050907376412907546 0.6290154539043584
v 0.038552606225601416 -0.05090736655771089 0.6170374741658406
v 0.0001042571822797763 -0.06193249332221207 0.6570813983154338
v 0.0001042571822797763 -0.06193249332221207 0.645103418576916
v -0.03840699898003397 -0.05010568901537393 0.6776349759785276
v -0.03840699898003397 -0.05010568244524283 0.6656570225205343
v -0.05978235221651751 -0.019142735632484698 0.6924418439270212
v -0.06000150550968364 -0.019142727419820815 0.6804638904690279
v -0.05978235221651751 0.01912961508066635 0.6924418439270212
v -0.06000150550968364 0.019129621650797457 0.6804638904690279
v 0.00010426339310683728 0.06191937277039372 0.645103418576916
v -0.03813131956389881 0.04920545622138395 0.6656570225205343
v -0.03813131956389881 0.049205443081121736 0.6776349759785276
v 0.00010426339310683728 0.06191937277039372 0.6570813983154338
v 0.00005995212553353349 0.061692144786098524 0.7303233539660141
v 0.00005995212553353349 0.061692144786098524 0.74174087524068
v 0.03705859783292187 0.047864981937451034 0.764188858226305
v 0.03705859783292187 0.04786499179264769 0.7527713369516391
v 0.05766750585512348 0.018417246972983747 0.7750950130567418
v 0.058102698199311575 0.018417246972983747 0.7636774917820759
v 0.05766750585512348 -0.018430370809867647 0.7750950130567418
v 0.058102698199311575 -0.018430370809867647 0.7636774917820759
v 0.0376773530700758 -0.04933487137884107 0.764188858226305
v 0.0376773530700758 -0.04933486152364441 0.7527713369516391
v 0.00005994617135221883 -0.061130805924678455 0.74174087524068
v 0.00005994617135221883 -0.061130805924678455 0.7303233539660141
v -0.03684250950591661 -0.04982566345751227 0.7176663643179708
v -0.03684250950591661 -0.049825656887381164 0.7062487904822561
v -0.0593109781603296 -0.019723871941459414 0.7066541412909615
v -0.059601115149963135 -0.019723863728795532 0.6952365674552468
v -0.0593109781603296 0.019710753032173844 0.7066541412909615
v -0.059601115149963135 0.01971075960230495 0.6952365674552468
v 0.00005995212553353349 0.061692144786098524 0.7303233539660141
v -0.036253155605461274 0.049628506963288466 0.7062487904822561
v -0.036253155605461274 0.04962849710809181 0.7176663643179708
v 0.00005995212553353349 0.061692144786098524 0.74174087524068
v 0.00014072490671543716 0.0616883998113682 0.7304166498277169
v 0.00014072490671543716 0.0616883998113682 0.7418342236634317
v 0.039108528013924726 0.04760372395909318 0.7150814119356923
v 0.039108528013924726 0.04760373709935539 0.7036638906610264
v 0.05933045202892728 0.01971074153444441 0.7054463672300386
v 0.05963762536851824 0.01971074153444441 0.6940329457171828
v 0.05933045202892728 -0.019723863728795532 0.7054463672300386
v 0.05963762536851824 -0.019723863728795532 0.6940329457171828
v 0.03758476678253242 -0.04916442575262803 0.7150814119356923
v 0.03758476678253242 -0.049164412612365815 0.7036638906610264
v 0.00014071901669555908 -0.060831654715167716 0.7418342236634317
v 0.00014071901669555908 -0.060831654715167716 0.7304166498277169
v -0.036692690806310324 -0.04871067607313151 0.7614261443768271
v -0.036692690806310324 -0.0487106695030004 0.7500085968216368
v -0.0569439307463071 -0.019723871941459414 0.7755401525794241
v -0.057152821494685924 -0.019723863728795532 0.7641226838658071
v -0.0569439307463071 0.019710753032173844 0.7755401525794241
v -0.057152821494685924 0.01971075960230495 0.7641226838658071
v 0.00014072490671543716 0.0616883998113682 0.7304166498277169
v -0.03648616202006405 0.047774136734650696 0.7500085968216368
v -0.03648616202006405 0.047774123594388485 0.7614261443768271
v 0.00014072490671543716 0.0616883998113682 0.7418342236634317
v 3.065417897485021e-8 -0.059151994127830676 0.8125877552979404
v 3.065417897485021e-8 -0.059152013838223994 0.8022586156617422
v 0.03476868375808184 -0.04785499533817017 0.8022586156617422
v 0.03476868375808184 -0.04785499533817017 0.8125877552979404
v 0.03476868375808184 -0.04785499533817017 0.8125877552979404
v 0.03476868375808184 -0.04785499533817017 0.8022586156617422
v 0.056256898706701364 -0.018279006486918714 0.8022586156617422
v 0.056256898706701364 -0.018279006486918714 0.8125877552979404
v 0.056256898706701364 -0.018279006486918714 0.8125877552979404
v 0.056256898706701364 -0.018279006486918714 0.8022586156617422
v 0.056256898706701364 0.01827892436027989 0.8022586156617422
v 0.056256898706701364 0.018278937500542103 0.8125877552979404
v 0.056256898706701364 0.018278937500542103 0.8125877552979404
v 0.056256898706701364 0.01827892436027989 0.8022586156617422
v 0.03476868375808184 0.04785490335633469 0.8022586156617422
v 0.03476868375808184 0.04785491978166245 0.8125877552979404
v 0.03476868375808184 0.04785491978166245 0.8125877552979404
v 0.03476868375808184 0.04785490335633469 0.8022586156617422
v 2.548295202654686e-8 0.05915192842651962 0.8022586156617422
v 2.548295202654686e-8 0.05915192842651962 0.8125877552979404
v 2.548295202654686e-8 0.05915192842651962 0.8125877552979404
v 2.548295202654686e-8 0.05915192842651962 0.8022586156617422
v -0.034768631197032995 0.04785490335633469 0.8022586156617422
v -0.034768631197032995 0.04785491978166245 0.8125877552979404
v -0.034768631197032995 0.04785491978166245 0.8125877552979404
v -0.034768631197032995 0.04785490335633469 0.8022586156617422
v -0.056256833005390305 0.01827892436027989 0.8022586156617422
v -0.056256833005390305 0.018278937500542103 0.8125877552979404
v -0.056256833005390305 0.018278937500542103 0.8125877552979404
v -0.056256833005390305 0.01827892436027989 0.8022586156617422
v -0.056256833005390305 -0.018279019627180926 0.8022586156617422
v -0.056256833005390305 -0.018279019627180926 0.8125877552979404
v 0.03476868375808184 -0.04785499533817017 0.8022586156617422
v 3.065417897485021e-8 -0.059152013838223994 0.8022586156617422
v -0.03476860491650857 -0.04785501833362904 0.8022586156617422
v -0.056256833005390305 -0.018279019627180926 0.8022586156617422
v -0.056256833005390305 0.01827892436027989 0.8022586156617422
v -0.034768631197032995 0.04785490335633469 0.8022586156617422
v 2.548295202654686e-8 0.05915192842651962 0.8022586156617422
v 0.03476868375808184 0.04785490335633469 0.8022586156617422
v 0.056256898706701364 0.01827892436027989 0.8022586156617422
v 0.056256898706701364 -0.018279006486918714 0.8022586156617422
v -0.056256833005390305 -0.018279019627180926 0.8125877552979404
v -0.056256833005390305 -0.018279019627180926 0.8022586156617422
v -0.03476860491650857 -0.04785501833362904 0.8022586156617422
v -0.03476860491650857 -0.04785499533817017 0.8125877552979404
v -0.03476860491650857 -0.04785499533817017 0.8125877552979404
v -0.03476860491650857 -0.04785501833362904 0.8022586156617422
v 3.065417897485021e-8 -0.059152013838223994 0.8022586156617422
v 3.065417897485021e-8 -0.059151994127830676 0.8125877552979404
v 3.065417897485021e-8 -0.059151994127830676 0.8125877552979404
v 0.03476868375808184 -0.04785499533817017 0.8125877552979404
v 0.056256898706701364 -0.018279006486918714 0.8125877552979404
v 0.056256898706701364 0.018278937500542103 0.8125877552979404
v 0.03476868375808184 0.04785491978166245 0.8125877552979404
v 2.548295202654686e-8 0.05915192842651962 0.8125877552979404
v -0.034768631197032995 0.04785491978166245 0.8125877552979404
v -0.056256833005390305 0.018278937500542103 0.8125877552979404
v -0.056256833005390305 -0.018279019627180926 0.8125877552979404
v -0.03476860491650857 -0.04785499533817017 0.8125877552979404
vt 1 0.5
vt 1 1
vt 0.8999999761581421 1
vt 0.8999999761581421 0.5
vt 0.7999999523162842 1
vt 0.7999999523162842 0.5
vt 0.6999999284744263 1
vt 0.6999999284744263 0.5
vt 0.5999999046325684 1
vt 0.5999999046325684 0.5
vt 0.49999991059303284 1
vt 0.49999991059303284 0.5
vt 0.3999999165534973 1
vt 0.3999999165534973 0.5
vt 0.2999999225139618 1
vt 0.2999999225139618 0.5
vt 0.19999992847442627 1
vt 0.19999992847442627 0.5
vt -7.450580596923828e-8 0.5
vt 0.09999992698431015 0.5
vt 0.09999992698431015 1
vt -7.450580596923828e-8 1
vt 1 0.5
vt 1 1
vt 0.8999999761581421 1
vt 0.8999999761581421 0.5
vt 0.7999999523162842 1
vt 0.7999999523162842 0.5
vt 0.6999999284744263 1
vt 0.6999999284744263 0.5
vt 0.5999999046325684 1
vt 0.5999999046325684 0.5
vt 0.49999991059303284 1
vt 0.49999991059303284 0.5
vt 0.3999999165534973 1
vt 0.3999999165534973 0.5
vt 0.2999999225139618 1
vt 0.2999999225139618 0.5
vt 0.19999992847442627 1
vt 0.19999992847442627 0.5
vt -7.450580596923828e-8 0.5
vt 0.09999992698431015 0.5
vt 0.09999992698431015 1
vt -7.450580596923828e-8 1
vt 1 0.5
vt 1 1
vt 0.8999999761581421 1
vt 0.8999999761581421 0.5
vt 0.7999999523162842 1
vt 0.7999999523162842 0.5
vt 0.6999999284744263 1
vt 0.6999999284744263 0.5
vt 0.5999999046325684 1
vt 0.5999999046325684 0.5
vt 0.49999991059303284 1
vt 0.49999991059303284 0.5
vt 0.3999999165534973 1
vt 0.3999999165534973 0.5
vt 0.2999999225139618 1
vt 0.2999999225139618 0.5
vt 0.19999992847442627 1
vt 0.19999992847442627 0.5
vt -7.450580596923828e-8 0.5
vt 0.09999992698431015 0.5
vt 0.09999992698431015 1
vt -7.450580596923828e-8 1
vt 1 0.5
vt 1 1
vt 0.8999999761581421 1
vt 0.8999999761581421 0.5
vt 0.7999999523162842 1
vt 0.7999999523162842 0.5
vt 0.6999999284744263 1
vt 0.6999999284744263 0.5
vt 0.5999999046325684 1
vt 0.5999999046325684 0.5
vt 0.49999991059303284 1
vt 0.49999991059303284 0.5
vt 0.3999999165534973 1
vt 0.3999999165534973 0.5
vt 0.2999999225139618 1
vt 0.2999999225139618 0.5
vt 0.19999992847442627 1
vt 0.19999992847442627 0.5
vt -7.450580596923828e-8 0.5
vt 0.09999992698431015 0.5
vt 0.09999992698431015 1
vt -7.450580596923828e-8 1
vt 1 0.5
vt 1 1
vt 0.8999999761581421 1
vt 0.8999999761581421 0.5
vt 0.7999999523162842 1
vt 0.7999999523162842 0.5
vt 0.6999999284744263 1
vt 0.6999999284744263 0.5
vt 0.5999999046325684 1
vt 0.5999999046325684 0.5
vt 0.49999991059303284 1
vt 0.49999991059303284 0.5
vt 0.3999999165534973 1
vt 0.3999999165534973 0.5
vt 0.2999999225139618 1
vt 0.2999999225139618 0.5
vt 0.19999992847442627 1
vt 0.19999992847442627 0.5
vt -7.450580596923828e-8 0.5
vt 0.09999992698431015 0.5
vt 0.09999992698431015 1
vt -7.450580596923828e-8 1
vt 1 0.5
vt 1 1
vt 0.8999999761581421 1
vt 0.8999999761581421 0.5
vt 0.7999999523162842 1
vt 0.7999999523162842 0.5
vt 0.6999999284744263 1
vt 0.6999999284744263 0.5
vt 0.5999999046325684 1
vt 0.5999999046325684 0.5
vt 0.49999991059303284 1
vt 0.49999991059303284 0.5
vt 0.3999999165534973 1
vt 0.3999999165534973 0.5
vt 0.2999999225139618 1
vt 0.2999999225139618 0.5
vt 0.19999992847442627 1
vt 0.19999992847442627 0.5
vt -7.450580596923828e-8 0.5
vt 0.09999992698431015 0.5
vt 0.09999992698431015 1
vt -7.450580596923828e-8 1
vt 1 0.5
vt 1 1
vt 0.8999999761581421 1
vt 0.8999999761581421 0.5
vt 0.7999999523162842 1
vt 0.7999999523162842 0.5
vt 0.6999999284744263 1
vt 0.6999999284744263 0.5
vt 0.5999999046325684 1
vt 0.5999999046325684 0.5
vt 0.49999991059303284 1
vt 0.49999991059303284 0.5
vt 0.3999999165534973 1
vt 0.3999999165534973 0.5
vt 0.2999999225139618 1
vt 0.2999999225139618 0.5
vt 0.19999992847442627 1
vt 0.19999992847442627 0.5
vt -7.450580596923828e-8 0.5
vt 0.09999992698431015 0.5
vt 0.09999992698431015 1
vt -7.450580596923828e-8 1
vt 1 0.5
vt 1 1
vt 0.8999999761581421 1
vt 0.8999999761581421 0.5
vt 0.7999999523162842 1
vt 0.7999999523162842 0.5
vt 0.6999999284744263 1
vt 0.6999999284744263 0.5
vt 0.5999999046325684 1
vt 0.5999999046325684 0.5
vt 0.49999991059303284 1
vt 0.49999991059303284 0.5
vt 0.3999999165534973 1
vt 0.3999999165534973 0.5
vt 0.2999999225139618 1
vt 0.2999999225139618 0.5
vt 0.19999992847442627 1
vt 0.19999992847442627 0.5
vt -7.450580596923828e-8 0.5
vt 0.09999992698431015 0.5
vt 0.09999992698431015 1
vt -7.450580596923828e-8 1
vt 1 0.5
vt 1 1
vt 0.8999999761581421 1
vt 0.8999999761581421 0.5
vt 0.7999999523162842 1
vt 0.7999999523162842 0.5
vt 0.6999999284744263 1
vt 0.6999999284744263 0.5
vt 0.5999999046325684 1
vt 0.5999999046325684 0.5
vt 0.49999991059303284 1
vt 0.49999991059303284 0.5
vt 0.3999999165534973 1
vt 0.3999999165534973 0.5
vt 0.2999999225139618 1
vt 0.2999999225139618 0.5
vt 0.19999992847442627 1
vt 0.19999992847442627 0.5
vt -7.450580596923828e-8 0.5
vt 0.09999992698431015 0.5
vt 0.09999992698431015 1
vt -7.450580596923828e-8 1
vt 1 0.5
vt 1 1
vt 0.8999999761581421 1
vt 0.8999999761581421 0.5
vt 0.7999999523162842 1
vt 0.7999999523162842 0.5
vt 0.6999999284744263 1
vt 0.6999999284744263 0.5
vt 0.5999999046325684 1
vt 0.5999999046325684 0.5
vt 0.49999991059303284 1
vt 0.49999991059303284 0.5
vt 0.3999999165534973 1
vt 0.3999999165534973 0.5
vt 0.2999999225139618 1
vt 0.2999999225139618 0.5
vt 0.19999992847442627 1
vt 0.19999992847442627 0.5
vt -7.450580596923828e-8 0.5
vt 0.09999992698431015 0.5
vt 0.09999992698431015 1
vt -7.450580596923828e-8 1
vt 1 0.5
vt 1 1
vt 0.8999999761581421 1
vt 0.8999999761581421 0.5
vt 0.7999999523162842 1
vt 0.7999999523162842 0.5
vt 0.6999999284744263 1
vt 0.6999999284744263 0.5
vt 0.5999999046325684 1
vt 0.5999999046325684 0.5
vt 0.49999991059303284 1
vt 0.49999991059303284 0.5
vt 0.3999999165534973 1
vt 0.3999999165534973 0.5
vt 0.2999999225139618 1
vt 0.2999999225139618 0.5
vt 0.19999992847442627 1
vt 0.19999992847442627 0.5
vt -7.450580596923828e-8 0.5
vt 0.09999992698431015 0.5
vt 0.09999992698431015 1
vt -7.450580596923828e-8 1
vt 1 0.5
vt 1 1
vt 0.8999999761581421 1
vt 0.8999999761581421 0.5
vt 0.7999999523162842 1
vt 0.7999999523162842 0.5
vt 0.6999999284744263 1
vt 0.6999999284744263 0.5
vt 0.5999999046325684 1
vt 0.5999999046325684 0.5
vt 0.49999991059303284 1
vt 0.49999991059303284 0.5
vt 0.3999999165534973 1
vt 0.3999999165534973 0.5
vt 0.2999999225139618 1
vt 0.2999999225139618 0.5
vt 0.19999992847442627 1
vt 0.19999992847442627 0.5
vt -7.450580596923828e-8 0.5
vt 0.09999992698431015 0.5
vt 0.09999992698431015 1
vt -7.450580596923828e-8 1
vt 1 0.5
vt 1 1
vt 0.8999999761581421 1
vt 0.8999999761581421 0.5
vt 0.8999999761581421 0.5
vt 0.8999999761581421 1
vt 0.7999999523162842 1
vt 0.7999999523162842 0.5
vt 0.7999999523162842 0.5
vt 0.7999999523162842 1
vt 0.6999999284744263 1
vt 0.6999999284744263 0.5
vt 0.6999999284744263 0.5
vt 0.6999999284744263 1
vt 0.5999999046325684 1
vt 0.5999999046325684 0.5
vt 0.5999999046325684 0.5
vt 0.5999999046325684 1
vt 0.49999991059303284 1
vt 0.49999991059303284 0.5
vt 0.49999991059303284 0.5
vt 0.49999991059303284 1
vt 0.3999999165534973 1
vt 0.3999999165534973 0.5
vt 0.3999999165534973 0.5
vt 0.3999999165534973 1
vt 0.2999999225139618 1
vt 0.2999999225139618 0.5
vt 0.2999999225139618 0.5
vt 0.2999999225139618 1
vt 0.19999992847442627 1
vt 0.19999992847442627 0.5
vt 0.3910684585571289 0.4441640377044678
vt 0.25 0.4899999499320984
vt 0.10893163084983826 0.44416409730911255
vt 0.021746456623077393 0.32416415214538574
vt 0.021746456623077393 0.17583584785461426
vt 0.1089315116405487 0.05583590269088745
vt 0.2499999850988388 0.009999990463256836
vt 0.3910684585571289 0.05583590269088745
vt 0.4782535433769226 0.17583590745925903
vt 0.4782535433769226 0.3241640329360962
vt 0.19999992847442627 0.5
vt 0.19999992847442627 1
vt 0.09999992698431015 1
vt 0.09999992698431015 0.5
vt 0.09999992698431015 0.5
vt 0.09999992698431015 1
vt -7.450580596923828e-8 1
vt -7.450580596923828e-8 0.5
vt 0.75 0.4899999499320984
vt 0.8910684585571289 0.4441640377044678
vt 0.9782535433769226 0.3241640329360962
vt 0.9782535433769226 0.17583590745925903
vt 0.8910684585571289 0.05583590269088745
vt 0.75 0.009999990463256836
vt 0.6089315414428711 0.05583590269088745
vt 0.5217464566230774 0.17583584785461426
vt 0.5217464566230774 0.32416415214538574
vt 0.6089316606521606 0.44416409730911255
vn 0.2524530038353692 0.7682847405628115 -0.588222779457607
vn -0.26805014137689287 0.7652995324652734 0.5852057307616368
vn 0.22318761384303393 0.6742628038654724 0.703958067181934
vn 0.6405123603144817 0.6019967580524503 -0.47680585103237916
vn 0.5257588639064499 0.2543187142117477 0.8117263138678469
vn 0.8770255251712639 0.1935822363058656 -0.4397182575068821
vn 0.5264472247713226 -0.2719519263759054 0.8055404827015257
vn 0.8728106575701262 -0.21671486764539075 -0.4373056393112768
vn 0.19587006683717642 -0.677701894282224 0.7087701033505048
vn 0.6331335210350486 -0.6088397756301301 -0.4779707858775623
vn -0.25181347595855114 -0.7669461523299395 0.5902402669692857
vn 0.27668472530829163 -0.7616612560426849 -0.5859331820477103
vn -0.6205189480416482 -0.6156358261321766 0.48574557610320956
vn -0.1881828325822536 -0.6921502521542734 -0.696789243576632
vn -0.8738325509889951 -0.2194958117072854 0.43386433533424396
vn -0.522705554894362 -0.2785809520016381 -0.8057118319004868
vn -0.8703235556218474 0.2356712999855105 0.4324302798057564
vn -0.5231635270502419 0.2876148201256695 -0.8022329083305108
vn 0.2524530038353692 0.7682847405628115 -0.588222779457607
vn -0.1757898169644734 0.6867095167290871 -0.7053566331192332
vn -0.6261330774944014 0.6095610908758516 0.48620226835920044
vn -0.26805014137689287 0.7652995324652734 0.5852057307616368
vn -0.24513142972059276 0.7813869487916545 -0.573885893206312
vn 0.2686334766125871 0.7630509440116858 0.5878684479421479
vn 0.6365093486869593 0.608309534217696 0.47414698102376723
vn 0.15708316156725455 0.6843661541701345 -0.7120167465575621
vn 0.87267265483074 0.23310741687835695 0.42907268580855645
vn 0.5242908594407826 0.29908903550597404 -0.7972859233342526
vn 0.8700450815889148 -0.23985142491579978 0.4306888087341012
vn 0.5143133899664439 -0.31016896365843016 -0.7995479665937999
vn 0.6385814971667029 -0.6062312329393053 0.4740225349972531
vn 0.16104707814793817 -0.682123006920029 -0.713282582186324
vn 0.2705201028663921 -0.7630046572242888 0.5870628305379263
vn -0.24214123326311132 -0.7818469792043858 -0.5745284364266021
vn -0.1752703386131623 -0.6927191785430398 0.6995859118657861
vn -0.6342266552861093 -0.6010824289672559 -0.48626789253601593
vn -0.5060426863315624 -0.2849599369071219 0.8140753245051869
vn -0.8795405337408201 -0.23417588532068082 -0.4142102174514636
vn -0.5061547599044811 0.28428288334338536 0.8142423479922966
vn -0.8794491341727477 0.2345726679191646 -0.41417977240334847
vn -0.24513142972059276 0.7813869487916545 -0.573885893206312
vn -0.6347692532095849 0.600587697248983 -0.48617117674015803
vn -0.17575763174920364 0.6919827096059814 0.7001922482349225
vn 0.2686334766125871 0.7630509440116858 0.5878684479421479
vn 0.2738793743277796 0.769389280773249 -0.5770877081943843
vn -0.2685055582907815 0.7662387871739803 0.5837661228583785
vn 0.20374676165296315 0.6723093789230008 0.7116792508764742
vn 0.6483805955677243 0.6015641272745895 -0.4666081911707129
vn 0.5045417544513818 0.2552007108946666 0.8248091992539718
vn 0.886087159143102 0.20597238340893848 -0.4152408020348536
vn 0.5033508984198248 -0.26362365478799005 0.8228854365561331
vn 0.8869676535906937 -0.2012714323099368 -0.41566596206536527
vn 0.2026747667054503 -0.676660860542681 0.7078509862609007
vn 0.6504490572609377 -0.5981396703311346 -0.46812921152660303
vn -0.26600880867824106 -0.7647906438902482 0.586800293731626
vn 0.27329615571998556 -0.7702648090301873 -0.57619557030436
vn -0.6277540301174334 -0.621772226537345 0.46832059102511486
vn -0.15943472277044587 -0.6887067213634122 -0.7072931649068656
vn -0.8704664407346815 -0.22840511869328026 0.4360266933450334
vn -0.5247209553898107 -0.2945432409642075 -0.7986940579327637
vn -0.8763042446692518 0.2041444266557058 0.43636673090425343
vn -0.522523113906017 0.27339301604037297 -0.807605011261265
vn 0.2738793743277796 0.769389280773249 -0.5770877081943843
vn -0.1963320561233741 0.6851326657379941 -0.7014605862606383
vn -0.6427854495728818 0.6025923188793317 0.4729792416639635
vn -0.2685055582907815 0.7662387871739803 0.5837661228583785
vn -0.2723217395653724 0.7852863987452673 -0.5560271055495214
vn 0.2623122605875353 0.761239621864082 0.5930484938431987
vn 0.6346547064866175 0.624705328434618 0.4549248906795292
vn 0.1455472486511459 0.6875421343247002 -0.7114083299612941
vn 0.8715096789924488 0.22556829200979817 0.43541913722557135
vn 0.5224577111210975 0.3099832383806624 -0.794322561692126
vn 0.8725030323921702 -0.22104793691904678 0.4357479409593357
vn 0.5225199892228095 -0.30497878747028123 -0.796216553492674
vn 0.6355063356580025 -0.6235732400491442 0.4552890418548975
vn 0.15149776694664807 -0.6870808582771075 -0.7106112304202433
vn 0.2737258217222816 -0.7580944980450932 0.5919179897217348
vn -0.2713488096508459 -0.7837100257826144 -0.5587203405898901
vn -0.1918719665510742 -0.6929608610364076 0.6949751028083696
vn -0.6482678412626304 -0.5901278986078556 -0.4811422547120192
vn -0.4989304023009869 -0.2678683613449253 0.8242056749684269
vn -0.885631798001893 -0.22172077494551684 -0.4080394788810192
vn -0.4981890437738539 0.2763783395094696 0.8218410370100055
vn -0.8842779315324564 0.22919506419309962 -0.40684414995695994
vn -0.2723217395653724 0.7852863987452673 -0.5560271055495214
vn -0.6520322025513439 0.583914439274428 -0.48362995610577497
vn -0.1847947920619836 0.6931559885212033 0.6966962468708741
vn 0.2623122605875353 0.761239621864082 0.5930484938431987
vn 0.2604194260769009 0.7794576173168611 -0.5697609545489225
vn -0.23963960063113138 0.7749832391647626 0.584785294636454
vn 0.1877265872342842 0.6707006156466433 0.7175788546331214
vn 0.6638515596191157 0.5821213895523548 -0.46950590477320225
vn 0.5039390815639494 0.27998651211561176 0.8171003335611958
vn 0.8835339722435781 0.2184572075374563 -0.4142996118347455
vn 0.5048499732786528 -0.2644496051509661 0.8217012296546974
vn 0.885840591476441 -0.20469002199890593 -0.4163993772650922
vn 0.19892423903870315 -0.6729792412257416 0.7124100560787292
vn 0.6540919182540789 -0.5963491758996939 -0.4653293703157531
vn -0.264026312719198 -0.7674800582436432 0.584178454233155
vn 0.26347336386973896 -0.774580566973222 -0.5749841143880466
vn -0.6385453198949873 -0.6090946612048531 0.4703866155961004
vn -0.16486649159745181 -0.6871471673278982 -0.7075647040247223
vn -0.8715650926150916 -0.2255363185088797 0.43532477343738196
vn -0.5231019433386758 -0.2969229102710362 -0.7988749227704417
vn -0.8703265238254478 0.23106364069920965 0.43490382370443553
vn -0.5227718095435502 0.3040371530002889 -0.7964113539760976
vn 0.2604194260769009 0.7794576173168611 -0.5697609545489225
vn -0.15967856902544791 0.6854397947451849 -0.7104048439964806
vn -0.643231921310326 0.6038005571592621 0.4708264888274563
vn -0.23963960063113138 0.7749832391647626 0.584785294636454
vn -0.2507162113901206 0.7912438506730585 -0.5577405760012938
vn 0.2512979415965539 0.7706796297191322 0.5855785625219866
vn 0.6594288134267708 0.5918592357626153 0.4635259270688687
vn 0.17368548349977495 0.6765218568980409 -0.7156476297457263
vn 0.8735551771999427 0.21787759598189815 0.435236378944046
vn 0.5217527315469166 0.29685826556808337 -0.7997807557620027
vn 0.8720295390449981 -0.22193676608115273 0.43624368751238995
vn 0.5236774894253126 -0.2988736932108844 -0.7977696425508354
vn 0.6422132319248547 -0.6143798363585194 0.4583662088512977
vn 0.1603795227444281 -0.6815595941194944 -0.7139712377595748
vn 0.2654266310263874 -0.7629527870009891 0.5894503781909087
vn -0.2631984042485974 -0.7854445366396458 -0.560181648988901
vn -0.19459218380451926 -0.6911440534957592 0.6960271397866892
vn -0.6527459413874872 -0.5825516375453875 -0.4843101543384678
vn -0.4995310153071037 -0.2713727832712985 0.8226940970043743
vn -0.8849901004540517 -0.2231549643209764 -0.40864946347356357
vn -0.49939301770326905 0.27485995210806585 0.8216195108420773
vn -0.8830518549780239 0.23353538153248815 -0.4070388765122398
vn -0.2507162113901206 0.7912438506730585 -0.5577405760012938
vn -0.6618374591203384 0.570310635651533 -0.48653566834085143
vn -0.19175189675557594 0.6851246718926881 0.7027342271830621
vn 0.2512979415965539 0.7706796297191322 0.5855785625219866
vn 0.2524530038353692 0.7682847405628115 -0.588222779457607
vn -0.26805014137689287 0.7652995324652734 0.5852057307616368
vn 0.22318761384303393 0.6742628038654724 0.703958067181934
vn 0.6405123603144817 0.6019967580524503 -0.47680585103237916
vn 0.5257588639064499 0.2543187142117477 0.8117263138678469
vn 0.8770255251712639 0.1935822363058656 -0.4397182575068821
vn 0.5264472247713226 -0.2719519263759054 0.8055404827015257
vn 0.8728106575701262 -0.21671486764539075 -0.4373056393112768
vn 0.19587006683717642 -0.677701894282224 0.7087701033505048
vn 0.6331335210350486 -0.6088397756301301 -0.4779707858775623
vn -0.25181347595855114 -0.7669461523299395 0.5902402669692857
vn 0.27668472530829163 -0.7616612560426849 -0.5859331820477103
vn -0.6205189480416482 -0.6156358261321766 0.48574557610320956
vn -0.1881828325822536 -0.6921502521542734 -0.696789243576632
vn -0.8738325509889951 -0.2194958117072854 0.43386433533424396
vn -0.522705554894362 -0.2785809520016381 -0.8057118319004868
vn -0.8703235556218474 0.2356712999855105 0.4324302798057564
vn -0.5231635270502419 0.2876148201256695 -0.8022329083305108
vn 0.2524530038353692 0.7682847405628115 -0.588222779457607
vn -0.1757898169644734 0.6867095167290871 -0.7053566331192332
vn -0.6261330774944014 0.6095610908758516 0.48620226835920044
vn -0.26805014137689287 0.7652995324652734 0.5852057307616368
vn -0.24513142972059276 0.7813869487916545 -0.573885893206312
vn 0.2686334766125871 0.7630509440116858 0.5878684479421479
vn 0.6365093486869593 0.608309534217696 0.47414698102376723
vn 0.15708316156725455 0.6843661541701345 -0.7120167465575621
vn 0.87267265483074 0.23310741687835695 0.42907268580855645
vn 0.5242908594407826 0.29908903550597404 -0.7972859233342526
vn 0.8700450815889148 -0.23985142491579978 0.4306888087341012
vn 0.5143133899664439 -0.31016896365843016 -0.7995479665937999
vn 0.6385814971667029 -0.6062312329393053 0.4740225349972531
vn 0.16107680416437983 -0.6821196541328505 -0.7132790762428622
vn 0.2705201028663921 -0.7630046572242888 0.5870628305379263
vn -0.24214123326311132 -0.7818469792043858 -0.5745284364266021
vn -0.1752703386131623 -0.6927191785430398 0.6995859118657861
vn -0.6342266552861093 -0.6010824289672559 -0.48626789253601593
vn -0.5060426863315624 -0.2849599369071219 0.8140753245051869
vn -0.8795405337408201 -0.23417588532068082 -0.4142102174514636
vn -0.5061547599044811 0.28428288334338536 0.8142423479922966
vn -0.8794491341727477 0.2345726679191646 -0.41417977240334847
vn -0.24513142972059276 0.7813869487916545 -0.573885893206312
vn -0.6347692532095849 0.600587697248983 -0.48617117674015803
vn -0.1757613434031056 0.6919668044243984 0.700207034911691
vn 0.2686334766125871 0.7630509440116858 0.5878684479421479
vn 0.2738793743277796 0.769389280773249 -0.5770877081943843
vn -0.2685055582907815 0.7662387871739803 0.5837661228583785
vn 0.20374676165296315 0.6723093789230008 0.7116792508764742
vn 0.6483805955677243 0.6015641272745895 -0.4666081911707129
vn 0.5045417544513818 0.2552007108946666 0.8248091992539718
vn 0.886087159143102 0.20597238340893848 -0.4152408020348536
vn 0.5033508984198248 -0.26362365478799005 0.8228854365561331
vn 0.8869676535906937 -0.2012714323099368 -0.41566596206536527
vn 0.2026747667054503 -0.676660860542681 0.7078509862609007
vn 0.6504490572609377 -0.5981396703311346 -0.46812921152660303
vn -0.26600880867824106 -0.7647906438902482 0.586800293731626
vn 0.27329615571998556 -0.7702648090301873 -0.57619557030436
vn -0.6277540301174334 -0.621772226537345 0.46832059102511486
vn -0.15943472277044587 -0.6887067213634122 -0.7072931649068656
vn -0.8704664407346815 -0.22840511869328026 0.4360266933450334
vn -0.5247209553898107 -0.2945432409642075 -0.7986940579327637
vn -0.8763042446692518 0.2041444266557058 0.43636673090425343
vn -0.522523113906017 0.27339301604037297 -0.807605011261265
vn 0.2738793743277796 0.769389280773249 -0.5770877081943843
vn -0.1963320561233741 0.6851326657379941 -0.7014605862606383
vn -0.6427854495728818 0.6025923188793317 0.4729792416639635
vn -0.2685055582907815 0.7662387871739803 0.5837661228583785
vn -0.2723217395653724 0.7852863987452673 -0.5560271055495214
vn 0.2623122605875353 0.761239621864082 0.5930484938431987
vn 0.6346547064866175 0.624705328434618 0.4549248906795292
vn 0.1455472486511459 0.6875421343247002 -0.7114083299612941
vn 0.8715096789924488 0.22556829200979817 0.43541913722557135
vn 0.5224577111210975 0.3099832383806624 -0.794322561692126
vn 0.8725030323921702 -0.22104793691904678 0.4357479409593357
vn 0.5225199892228095 -0.30497878747028123 -0.796216553492674
vn 0.6355063356580025 -0.6235732400491442 0.4552890418548975
vn 0.15149776694664807 -0.6870808582771075 -0.7106112304202433
vn 0.2737258217222816 -0.7580944980450932 0.5919179897217348
vn -0.2713488096508459 -0.7837100257826144 -0.5587203405898901
vn -0.1918719665510742 -0.6929608610364076 0.6949751028083696
vn -0.6482678412626304 -0.5901278986078556 -0.4811422547120192
vn -0.4989304023009869 -0.2678683613449253 0.8242056749684269
vn -0.885631798001893 -0.22172077494551684 -0.4080394788810192
vn -0.4981890437738539 0.2763783395094696 0.8218410370100055
vn -0.8842779315324564 0.22919506419309962 -0.40684414995695994
vn -0.2723217395653724 0.7852863987452673 -0.5560271055495214
vn -0.6520322025513439 0.583914439274428 -0.48362995610577497
vn -0.1847947920619836 0.6931559885212033 0.6966962468708741
vn 0.2623122605875353 0.761239621864082 0.5930484938431987
vn 0.2604194260769009 0.7794576173168611 -0.5697609545489225
vn -0.23963960063113138 0.7749832391647626 0.584785294636454
vn 0.1877265872342842 0.6707006156466433 0.7175788546331214
vn 0.6638515596191157 0.5821213895523548 -0.46950590477320225
vn 0.5039390815639494 0.27998651211561176 0.8171003335611958
vn 0.8835339722435781 0.2184572075374563 -0.4142996118347455
vn 0.5048499732786528 -0.2644496051509661 0.8217012296546974
vn 0.885840591476441 -0.20469002199890593 -0.4163993772650922
vn 0.19892423903870315 -0.6729792412257416 0.7124100560787292
vn 0.6540919182540789 -0.5963491758996939 -0.4653293703157531
vn -0.264026312719198 -0.7674800582436432 0.584178454233155
vn 0.26347336386973896 -0.774580566973222 -0.5749841143880466
vn -0.6385453198949873 -0.6090946612048531 0.4703866155961004
vn -0.16486649159745181 -0.6871471673278982 -0.7075647040247223
vn -0.8715650926150916 -0.2255363185088797 0.43532477343738196
vn -0.5231019433386758 -0.2969229102710362 -0.7988749227704417
vn -0.8703265238254478 0.23106364069920965 0.43490382370443553
vn -0.5227718095435502 0.3040371530002889 -0.7964113539760976
vn 0.2604194260769009 0.7794576173168611 -0.5697609545489225
vn -0.15967856902544791 0.6854397947451849 -0.7104048439964806
vn -0.643231921310326 0.6038005571592621 0.4708264888274563
vn -0.23963960063113138 0.7749832391647626 0.584785294636454
vn -0.2507162113901206 0.7912438506730585 -0.5577405760012938
vn 0.2512979415965539 0.7706796297191322 0.5855785625219866
vn 0.6594288134267708 0.5918592357626153 0.4635259270688687
vn 0.17368548349977495 0.6765218568980409 -0.7156476297457263
vn 0.8735551771999427 0.21787759598189815 0.435236378944046
vn 0.5217574582076353 0.2968304365253974 -0.7997880011333314
vn 0.8720295390449981 -0.22193676608115273 0.43624368751238995
vn 0.5236774894253126 -0.2988736932108844 -0.7977696425508354
vn 0.6422132319248547 -0.6143798363585194 0.4583662088512977
vn 0.1603795227444281 -0.6815595941194944 -0.7139712377595748
vn 0.2654266310263874 -0.7629527870009891 0.5894503781909087
vn -0.2631984042485974 -0.7854445366396458 -0.560181648988901
vn -0.19459218380451926 -0.6911440534957592 0.6960271397866892
vn -0.6527459413874872 -0.5825516375453875 -0.4843101543384678
vn -0.4995310153071037 -0.2713727832712985 0.8226940970043743
vn -0.8849901004540517 -0.2231549643209764 -0.40864946347356357
vn -0.49939301770326905 0.27485995210806585 0.8216195108420773
vn -0.8830518549780239 0.23353538153248815 -0.4070388765122398
vn -0.2507162113901206 0.7912438506730585 -0.5577405760012938
vn -0.6618374591203384 0.570310635651533 -0.48653566834085143
vn -0.19175189675557594 0.6851246718926881 0.7027342271830621
vn 0.2512979415965539 0.7706796297191322 0.5855785625219866
vn 0.30901694091506504 -0.9510565336635891 0.0000018148364112489595
vn 0.30901694091506504 -0.9510565336635891 0.0000018148364112489595
vn 0.30901694091506504 -0.9510565336635891 0.0000018148364112489595
vn 0.30901694091506504 -0.9510565336635891 0.0000018148364112489595
vn 0.8090169728159057 -0.5877852819659471 0
vn 0.8090169728159057 -0.5877852819659471 0
vn 0.8090169728159057 -0.5877852819659471 0
vn 0.8090169728159057 -0.5877852819659471 0
vn 1 0 0
vn 1 0 0
vn 1 0 0
vn 1 0 0
vn 0.8090168749424814 0.5877854166766493 -7.477539078829189e-7
vn 0.8090168749424814 0.5877854166766493 -7.477539078829189e-7
vn 0.8090168749424814 0.5877854166766493 -7.477539078829189e-7
vn 0.8090168749424814 0.5877854166766493 -7.477539078829189e-7
vn 0.30901706625840164 0.9510564929375979 -0.000001512363630270282
vn 0.30901706625840164 0.9510564929375979 -0.000001512363630270282
vn 0.30901706625840164 0.9510564929375979 -0.000001512363630270282
vn 0.30901706625840164 0.9510564929375979 -0.000001512363630270282
vn -0.3090170932152076 0.9510564841800005 0
vn -0.3090170932152076 0.9510564841800005 0
vn -0.3090170932152076 0.9510564841800005 0
vn -0.3090170932152076 0.9510564841800005 0
vn -0.8090170500958317 0.5877851755985045 -9.346919542987845e-7
vn -0.8090170500958317 0.5877851755985045 -9.346919542987845e-7
vn -0.8090170500958317 0.5877851755985045 -9.346919542987845e-7
vn -0.8090170500958317 0.5877851755985045 -9.346919542987845e-7
vn -1 0 0
vn -1 0 0
vn -1 0 0
vn -1 0 0
vn 0 0 -1
vn 0 0 -1
vn 0 0 -1
vn 0 0 -1
vn 0 0 -1
vn 0 0 -1
vn 0 0 -1
vn 0 0 -1
vn 0 0 -1
vn 0 0 -1
vn -0.809016903286404 -0.587785377665077 0
vn -0.809016903286404 -0.587785377665077 0
vn -0.809016903286404 -0.587785377665077 0
vn -0.809016903286404 -0.587785377665077 0
vn -0.30901652848975536 -0.9510566676679457 0.000002117309368873003
vn -0.30901652848975536 -0.9510566676679457 0.000002117309368873003
vn -0.30901652848975536 -0.9510566676679457 0.000002117309368873003
vn -0.30901652848975536 -0.9510566676679457 0.000002117309368873003
vn 0 0 1
vn 0 0 1
vn 0 0 1
vn 0 0 1
vn 0 0 1
vn 0 0 1
vn 0 0 1
vn 0 0 1
vn 0 0 1
vn 0 0 1
f 1561/1561/1561 1562/1562/1562 1563/1563/1563
f 1561/1561/1561 1563/1563/1563 1564/1564/1564
f 1564/1564/1564 1563/1563/1563 1565/1565/1565
f 1564/1564/1564 1565/1565/1565 1566/1566/1566
f 1566/1566/1566 1565/1565/1565 1567/1567/1567
f 1566/1566/1566 1567/1567/1567 1568/1568/1568
f 1568/1568/1568 1567/1567/1567 1569/1569/1569
f 1568/1568/1568 1569/1569/1569 1570/1570/1570
f 1570/1570/1570 1569/1569/1569 1571/1571/1571
f 1570/1570/1570 1571/1571/1571 1572/1572/1572
f 1572/1572/1572 1571/1571/1571 1573/1573/1573
f 1572/1572/1572 1573/1573/1573 1574/1574/1574
f 1574/1574/1574 1573/1573/1573 1575/1575/1575
f 1574/1574/1574 1575/1575/1575 1576/1576/1576
f 1576/1576/1576 1575/1575/1575 1577/1577/1577
f 1576/1576/1576 1577/1577/1577 1578/1578/1578
f 1579/1579/1579 1564/1564/1564 1566/1566/1566
f 1579/1579/1579 1566/1566/1566 1568/1568/1568
f 1579/1579/1579 1568/1568/1568 1570/1570/1570
f 1579/1579/1579 1570/1570/1570 1572/1572/1572
f 1579/1579/1579 1572/1572/1572 1574/1574/1574
f 1579/1579/1579 1574/1574/1574 1576/1576/1576
f 1579/1579/1579 1576/1576/1576 1578/1578/1578
f 1579/1579/1579 1578/1578/1578 1580/1580/1580
f 1578/1578/1578 1577/1577/1577 1581/1581/1581
f 1578/1578/1578 1581/1581/1581 1580/1580/1580
f 1580/1580/1580 1581/1581/1581 1582/1582/1582
f 1580/1580/1580 1582/1582/1582 1579/1579/1579
f 1563/1563/1563 1582/1582/1582 1581/1581/1581
f 1563/1563/1563 1581/1581/1581 1577/1577/1577
f 1563/1563/1563 1577/1577/1577 1575/1575/1575
f 1563/1563/1563 1575/1575/1575 1573/1573/1573
f 1563/1563/1563 1573/1573/1573 1571/1571/1571
f 1563/1563/1563 1571/1571/1571 1569/1569/1569
f 1563/1563/1563 1569/1569/1569 1567/1567/1567
f 1563/1563/1563 1567/1567/1567 1565/1565/1565
f 1583/1583/1583 1584/1584/1584 1585/1585/1585
f 1583/1583/1583 1585/1585/1585 1586/1586/1586
f 1586/1586/1586 1585/1585/1585 1587/1587/1587
f 1586/1586/1586 1587/1587/1587 1588/1588/1588
f 1588/1588/1588 1587/1587/1587 1589/1589/1589
f 1588/1588/1588 1589/1589/1589 1590/1590/1590
f 1590/1590/1590 1589/1589/1589 1591/1591/1591
f 1590/1590/1590 1591/1591/1591 1592/1592/1592
f 1592/1592/1592 1591/1591/1591 1593/1593/1593
f 1592/1592/1592 1593/1593/1593 1594/1594/1594
f 1594/1594/1594 1593/1593/1593 1595/1595/1595
f 1594/1594/1594 1595/1595/1595 1596/1596/1596
f 1596/1596/1596 1595/1595/1595 1597/1597/1597
f 1596/1596/1596 1597/1597/1597 1598/1598/1598
f 1598/1598/1598 1597/1597/1597 1599/1599/1599
f 1598/1598/1598 1599/1599/1599 1600/1600/1600
f 1601/1601/1601 1586/1586/1586 1588/1588/1588
f 1601/1601/1601 1588/1588/1588 1590/1590/1590
f 1601/1601/1601 1590/1590/1590 1592/1592/1592
f 1601/1601/1601 1592/1592/1592 1594/1594/1594
f 1601/1601/1601 1594/1594/1594 1596/1596/1596
f 1601/1601/1601 1596/1596/1596 1598/1598/1598
f 1601/1601/1601 1598/1598/1598 1600/1600/1600
f 1601/1601/1601 1600/1600/1600 1602/1602/1602
f 1600/1600/1600 1599/1599/1599 1603/1603/1603
f 1600/1600/1600 1603/1603/1603 1602/1602/1602
f 1602/1602/1602 1603/1603/1603 1604/1604/1604
f 1602/1602/1602 1604/1604/1604 1601/1601/1601
f 1585/1585/1585 1604/1604/1604 1603/1603/1603
f 1585/1585/1585 1603/1603/1603 1599/1599/1599
f 1585/1585/1585 1599/1599/1599 1597/1597/1597
f 1585/1585/1585 1597/1597/1597 1595/1595/1595
f 1585/1585/1585 1595/1595/1595 1593/1593/1593
f 1585/1585/1585 1593/1593/1593 1591/1591/1591
f 1585/1585/1585 1591/1591/1591 1589/1589/1589
f 1585/1585/1585 1589/1589/1589 1587/1587/1587
f 1605/1605/1605 1606/1606/1606 1607/1607/1607
f 1605/1605/1605 1607/1607/1607 1608/1608/1608
f 1608/1608/1608 1607/1607/1607 1609/1609/1609
f 1608/1608/1608 1609/1609/1609 1610/1610/1610
f 1610/1610/1610 1609/1609/1609 1611/1611/1611
f 1610/1610/1610 1611/1611/1611 1612/1612/1612
f 1612/1612/1612 1611/1611/1611 1613/1613/1613
f 1612/1612/1612 1613/1613/1613 1614/1614/1614
f 1614/1614/1614 1613/1613/1613 1615/1615/1615
f 1614/1614/1614 1615/1615/1615 1616/1616/1616
f 1616/1616/1616 1615/1615/1615 1617/1617/1617
f 1616/1616/1616 1617/1617/1617 1618/1618/1618
f 1618/1618/1618 1617/1617/1617 1619/1619/1619
f 1618/1618/1618 1619/1619/1619 1620/1620/1620
f 1620/1620/1620 1619/1619/1619 1621/1621/1621
f 1620/1620/1620 1621/1621/1621 1622/1622/1622
f 1623/1623/1623 1608/1608/1608 1610/1610/1610
f 1623/1623/1623 1610/1610/1610 1612/1612/1612
f 1623/1623/1623 1612/1612/1612 1614/1614/1614
f 1623/1623/1623 1614/1614/1614 1616/1616/1616
f 1623/1623/1623 1616/1616/1616 1618/1618/1618
f 1623/1623/1623 1618/1618/1618 1620/1620/1620
f 1623/1623/1623 1620/1620/1620 1622/1622/1622
f 1623/1623/1623 1622/1622/1622 1624/1624/1624
f 1622/1622/1622 1621/1621/1621 1625/1625/1625
f 1622/1622/1622 1625/1625/1625 1624/1624/1624
f 1624/1624/1624 1625/1625/1625 1626/1626/1626
f 1624/1624/1624 1626/1626/1626 1623/1623/1623
f 1607/1607/1607 1626/1626/1626 1625/1625/1625
f 1607/1607/1607 1625/1625/1625 1621/1621/1621
f 1607/1607/1607 1621/1621/1621 1619/1619/1619
f 1607/1607/1607 1619/1619/1619 1617/1617/1617
f 1607/1607/1607 1617/1617/1617 1615/1615/1615
f 1607/1607/1607 1615/1615/1615 1613/1613/1613
f 1607/1607/1607 1613/1613/1613 1611/1611/1611
f 1607/1607/1607 1611/1611/1611 1609/1609/1609
f 1627/1627/1627 1628/1628/1628 1629/1629/1629
f 1627/1627/1627 1629/1629/1629 1630/1630/1630
f 1630/1630/1630 1629/1629/1629 1631/1631/1631
f 1630/1630/1630 1631/1631/1631 1632/1632/1632
f 1632/1632/1632 1631/1631/1631 1633/1633/1633
f 1632/1632/1632 1633/1633/1633 1634/1634/1634
f 1634/1634/1634 1633/1633/1633 1635/1635/1635
f 1634/1634/1634 1635/1635/1635 1636/1636/1636
f 1636/1636/1636 1635/1635/1635 1637/1637/1637
f 1636/1636/1636 1637/1637/1637 1638/1638/1638
f 1638/1638/1638 1637/1637/1637 1639/1639/1639
f 1638/1638/1638 1639/1639/1639 1640/1640/1640
f 1640/1640/1640 1639/1639/1639 1641/1641/1641
f 1640/1640/1640 1641/1641/1641 1642/1642/1642
f 1642/1642/1642 1641/1641/1641 1643/1643/1643
f 1642/1642/1642 1643/1643/1643 1644/1644/1644
f 1645/1645/1645 1630/1630/1630 1632/1632/1632
f 1645/1645/1645 1632/1632/1632 1634/1634/1634
f 1645/1645/1645 1634/1634/1634 1636/1636/1636
f 1645/1645/1645 1636/1636/1636 1638/1638/1638
f 1645/1645/1645 1638/1638/1638 1640/1640/1640
f 1645/1645/1645 1640/1640/1640 1642/1642/1642
f 1645/1645/1645 1642/1642/1642 1644/1644/1644
f 1645/1645/1645 1644/1644/1644 1646/1646/1646
f 1644/1644/1644 1643/1643/1643 1647/1647/1647
f 1644/1644/1644 1647/1647/1647 1646/1646/1646
f 1646/1646/1646 1647/1647/1647 1648/1648/1648
f 1646/1646/1646 1648/1648/1648 1645/1645/1645
f 1629/1629/1629 1648/1648/1648 1647/1647/1647
f 1629/1629/1629 1647/1647/1647 1643/1643/1643
f 1629/1629/1629 1643/1643/1643 1641/1641/1641
f 1629/1629/1629 1641/1641/1641 1639/1639/1639
f 1629/1629/1629 1639/1639/1639 1637/1637/1637
f 1629/1629/1629 1637/1637/1637 1635/1635/1635
f 1629/1629/1629 1635/1635/1635 1633/1633/1633
f 1629/1629/1629 1633/1633/1633 1631/1631/1631
f 1649/1649/1649 1650/1650/1650 1651/1651/1651
f 1649/1649/1649 1651/1651/1651 1652/1652/1652
f 1652/1652/1652 1651/1651/1651 1653/1653/1653
f 1652/1652/1652 1653/1653/1653 1654/1654/1654
f 1654/1654/1654 1653/1653/1653 1655/1655/1655
f 1654/1654/1654 1655/1655/1655 1656/1656/1656
f 1656/1656/1656 1655/1655/1655 1657/1657/1657
f 1656/1656/1656 1657/1657/1657 1658/1658/1658
f 1658/1658/1658 1657/1657/1657 1659/1659/1659
f 1658/1658/1658 1659/1659/1659 1660/1660/1660
f 1660/1660/1660 1659/1659/1659 1661/1661/1661
f 1660/1660/1660 1661/1661/1661 1662/1662/1662
f 1662/1662/1662 1661/1661/1661 1663/1663/1663
f 1662/1662/1662 1663/1663/1663 1664/1664/1664
f 1664/1664/1664 1663/1663/1663 1665/1665/1665
f 1664/1664/1664 1665/1665/1665 1666/1666/1666
f 1667/1667/1667 1652/1652/1652 1654/1654/1654
f 1667/1667/1667 1654/1654/1654 1656/1656/1656
f 1667/1667/1667 1656/1656/1656 1658/1658/1658
f 1667/1667/1667 1658/1658/1658 1660/1660/1660
f 1667/1667/1667 1660/1660/1660 1662/1662/1662
f 1667/1667/1667 1662/1662/1662 1664/1664/1664
f 1667/1667/1667 1664/1664/1664 1666/1666/1666
f 1667/1667/1667 1666/1666/1666 1668/1668/1668
f 1666/1666/1666 1665/1665/1665 1669/1669/1669
f 1666/1666/1666 1669/1669/1669 1668/1668/1668
f 1668/1668/1668 1669/1669/1669 1670/1670/1670
f 1668/1668/1668 1670/1670/1670 1667/1667/1667
f 1651/1651/1651 1670/1670/1670 1669/1669/1669
f 1651/1651/1651 1669/1669/1669 1665/1665/1665
f 1651/1651/1651 1665/1665/1665 1663/1663/1663
f 1651/1651/1651 1663/1663/1663 1661/1661/1661
f 1651/1651/1651 1661/1661/1661 1659/1659/1659
f 1651/1651/1651 1659/1659/1659 1657/1657/1657
f 1651/1651/1651 1657/1657/1657 1655/1655/1655
f 1651/1651/1651 1655/1655/1655 1653/1653/1653
f 1671/1671/1671 1672/1672/1672 1673/1673/1673
f 1671/1671/1671 1673/1673/1673 1674/1674/1674
f 1674/1674/1674 1673/1673/1673 1675/1675/1675
f 1674/1674/1674 1675/1675/1675 1676/1676/1676
f 1676/1676/1676 1675/1675/1675 1677/1677/1677
f 1676/1676/1676 1677/1677/1677 1678/1678/1678
f 1678/1678/1678 1677/1677/1677 1679/1679/1679
f 1678/1678/1678 1679/1679/1679 1680/1680/1680
f 1680/1680/1680 1679/1679/1679 1681/1681/1681
f 1680/1680/1680 1681/1681/1681 1682/1682/1682
f 1682/1682/1682 1681/1681/1681 1683/1683/1683
f 1682/1682/1682 1683/1683/1683 1684/1684/1684
f 1684/1684/1684 1683/1683/1683 1685/1685/1685
f 1684/1684/1684 1685/1685/1685 1686/1686/1686
f 1686/1686/1686 1685/1685/1685 1687/1687/1687
f 1686/1686/1686 1687/1687/1687 1688/1688/1688
f 1689/1689/1689 1674/1674/1674 1676/1676/1676
f 1689/1689/1689 1676/1676/1676 1678/1678/1678
f 1689/1689/1689 1678/1678/1678 1680/1680/1680
f 1689/1689/1689 1680/1680/1680 1682/1682/1682
f 1689/1689/1689 1682/1682/1682 1684/1684/1684
f 1689/1689/1689 1684/1684/1684 1686/1686/1686
f 1689/1689/1689 1686/1686/1686 1688/1688/1688
f 1689/1689/1689 1688/1688/1688 1690/1690/1690
f 1688/1688/1688 1687/1687/1687 1691/1691/1691
f 1688/1688/1688 1691/1691/1691 1690/1690/1690
f 1690/1690/1690 1691/1691/1691 1692/1692/1692
f 1690/1690/1690 1692/1692/1692 1689/1689/1689
f 1673/1673/1673 1692/1692/1692 1691/1691/1691
f 1673/1673/1673 1691/1691/1691 1687/1687/1687
f 1673/1673/1673 1687/1687/1687 1685/1685/1685
f 1673/1673/1673 1685/1685/1685 1683/1683/1683
f 1673/1673/1673 1683/1683/1683 1681/1681/1681
f 1673/1673/1673 1681/1681/1681 1679/1679/1679
f 1673/1673/1673 1679/1679/1679 1677/1677/1677
f 1673/1673/1673 1677/1677/1677 1675/1675/1675
f 1693/1693/1693 1694/1694/1694 1695/1695/1695
f 1693/1693/1693 1695/1695/1695 1696/1696/1696
f 1696/1696/1696 1695/1695/1695 1697/1697/1697
f 1696/1696/1696 1697/1697/1697 1698/1698/1698
f 1698/1698/1698 1697/1697/1697 1699/1699/1699
f 1698/1698/1698 1699/1699/1699 1700/1700/1700
f 1700/1700/1700 1699/1699/1699 1701/1701/1701
f 1700/1700/1700 1701/1701/1701 1702/1702/1702
f 1702/1702/1702 1701/1701/1701 1703/1703/1703
f 1702/1702/1702 1703/1703/1703 1704/1704/1704
f 1704/1704/1704 1703/1703/1703 1705/1705/1705
f 1704/1704/1704 1705/1705/1705 1706/1706/1706
f 1706/1706/1706 1705/1705/1705 1707/1707/1707
f 1706/1706/1706 1707/1707/1707 1708/1708/1708
f 1708/1708/1708 1707/1707/1707 1709/1709/1709
f 1708/1708/1708 1709/1709/1709 1710/1710/1710
f 1711/1711/1711 1696/1696/1696 1698/1698/1698
f 1711/1711/1711 1698/1698/1698 1700/1700/1700
f 1711/1711/1711 1700/1700/1700 1702/1702/1702
f 1711/1711/1711 1702/1702/1702 1704/1704/1704
f 1711/1711/1711 1704/1704/1704 1706/1706/1706
f 1711/1711/1711 1706/1706/1706 1708/1708/1708
f 1711/1711/1711 1708/1708/1708 1710/1710/1710
f 1711/1711/1711 1710/1710/1710 1712/1712/1712
f 1710/1710/1710 1709/1709/1709 1713/1713/1713
f 1710/1710/1710 1713/1713/1713 1712/1712/1712
f 1712/1712/1712 1713/1713/1713 1714/1714/1714
f 1712/1712/1712 1714/1714/1714 1711/1711/1711
f 1695/1695/1695 1714/1714/1714 1713/1713/1713
f 1695/1695/1695 1713/1713/1713 1709/1709/1709
f 1695/1695/1695 1709/1709/1709 1707/1707/1707
f 1695/1695/1695 1707/1707/1707 1705/1705/1705
f 1695/1695/1695 1705/1705/1705 1703/1703/1703
f 1695/1695/1695 1703/1703/1703 1701/1701/1701
f 1695/1695/1695 1701/1701/1701 1699/1699/1699
f 1695/1695/1695 1699/1699/1699 1697/1697/1697
f 1715/1715/1715 1716/1716/1716 1717/1717/1717
f 1715/1715/1715 1717/1717/1717 1718/1718/1718
f 1718/1718/1718 1717/1717/1717 1719/1719/1719
f 1718/1718/1718 1719/1719/1719 1720/1720/1720
f 1720/1720/1720 1719/1719/1719 1721/1721/1721
f 1720/1720/1720 1721/1721/1721 1722/1722/1722
f 1722/1722/1722 1721/1721/1721 1723/1723/1723
f 1722/1722/1722 1723/1723/1723 1724/1724/1724
f 1724/1724/1724 1723/1723/1723 1725/1725/1725
f 1724/1724/1724 1725/1725/1725 1726/1726/1726
f 1726/1726/1726 1725/1725/1725 1727/1727/1727
f 1726/1726/1726 1727/1727/1727 1728/1728/1728
f 1728/1728/1728 1727/1727/1727 1729/1729/1729
f 1728/1728/1728 1729/1729/1729 1730/1730/1730
f 1730/1730/1730 1729/1729/1729 1731/1731/1731
f 1730/1730/1730 1731/1731/1731 1732/1732/1732
f 1733/1733/1733 1718/1718/1718 1720/1720/1720
f 1733/1733/1733 1720/1720/1720 1722/1722/1722
f 1733/1733/1733 1722/1722/1722 1724/1724/1724
f 1733/1733/1733 1724/1724/1724 1726/1726/1726
f 1733/1733/1733 1726/1726/1726 1728/1728/1728
f 1733/1733/1733 1728/1728/1728 1730/1730/1730
f 1733/1733/1733 1730/1730/1730 1732/1732/1732
f 1733/1733/1733 1732/1732/1732 1734/1734/1734
f 1732/1732/1732 1731/1731/1731 1735/1735/1735
f 1732/1732/1732 1735/1735/1735 1734/1734/1734
f 1734/1734/1734 1735/1735/1735 1736/1736/1736
f 1734/1734/1734 1736/1736/1736 1733/1733/1733
f 1717/1717/1717 1736/1736/1736 1735/1735/1735
f 1717/1717/1717 1735/1735/1735 1731/1731/1731
f 1717/1717/1717 1731/1731/1731 1729/1729/1729
f 1717/1717/1717 1729/1729/1729 1727/1727/1727
f 1717/1717/1717 1727/1727/1727 1725/1725/1725
f 1717/1717/1717 1725/1725/1725 1723/1723/1723
f 1717/1717/1717 1723/1723/1723 1721/1721/1721
f 1717/1717/1717 1721/1721/1721 1719/1719/1719
f 1737/1737/1737 1738/1738/1738 1739/1739/1739
f 1737/1737/1737 1739/1739/1739 1740/1740/1740
f 1740/1740/1740 1739/1739/1739 1741/1741/1741
f 1740/1740/1740 1741/1741/1741 1742/1742/1742
f 1742/1742/1742 1741/1741/1741 1743/1743/1743
f 1742/1742/1742 1743/1743/1743 1744/1744/1744
f 1744/1744/1744 1743/1743/1743 1745/1745/1745
f 1744/1744/1744 1745/1745/1745 1746/1746/1746
f 1746/1746/1746 1745/1745/1745 1747/1747/1747
f 1746/1746/1746 1747/1747/1747 1748/1748/1748
f 1748/1748/1748 1747/1747/1747 1749/1749/1749
f 1748/1748/1748 1749/1749/1749 1750/1750/1750
f 1750/1750/1750 1749/1749/1749 1751/1751/1751
f 1750/1750/1750 1751/1751/1751 1752/1752/1752
f 1752/1752/1752 1751/1751/1751 1753/1753/1753
f 1752/1752/1752 1753/1753/1753 1754/1754/1754
f 1755/1755/1755 1740/1740/1740 1742/1742/1742
f 1755/1755/1755 1742/1742/1742 1744/1744/1744
f 1755/1755/1755 1744/1744/1744 1746/1746/1746
f 1755/1755/1755 1746/1746/1746 1748/1748/1748
f 1755/1755/1755 1748/1748/1748 1750/1750/1750
f 1755/1755/1755 1750/1750/1750 1752/1752/1752
f 1755/1755/1755 1752/1752/1752 1754/1754/1754
f 1755/1755/1755 1754/1754/1754 1756/1756/1756
f 1754/1754/1754 1753/1753/1753 1757/1757/1757
f 1754/1754/1754 1757/1757/1757 1756/1756/1756
f 1756/1756/1756 1757/1757/1757 1758/1758/1758
f 1756/1756/1756 1758/1758/1758 1755/1755/1755
f 1739/1739/1739 1758/1758/1758 1757/1757/1757
f 1739/1739/1739 1757/1757/1757 1753/1753/1753
f 1739/1739/1739 1753/1753/1753 1751/1751/1751
f 1739/1739/1739 1751/1751/1751 1749/1749/1749
f 1739/1739/1739 1749/1749/1749 1747/1747/1747
f 1739/1739/1739 1747/1747/1747 1745/1745/1745
f 1739/1739/1739 1745/1745/1745 1743/1743/1743
f 1739/1739/1739 1743/1743/1743 1741/1741/1741
f 1759/1759/1759 1760/1760/1760 1761/1761/1761
f 1759/1759/1759 1761/1761/1761 1762/1762/1762
f 1762/1762/1762 1761/1761/1761 1763/1763/1763
f 1762/1762/1762 1763/1763/1763 1764/1764/1764
f 1764/1764/1764 1763/1763/1763 1765/1765/1765
f 1764/1764/1764 1765/1765/1765 1766/1766/1766
f 1766/1766/1766 1765/1765/1765 1767/1767/1767
f 1766/1766/1766 1767/1767/1767 1768/1768/1768
f 1768/1768/1768 1767/1767/1767 1769/1769/1769
f 1768/1768/1768 1769/1769/1769 1770/1770/1770
f 1770/1770/1770 1769/1769/1769 1771/1771/1771
f 1770/1770/1770 1771/1771/1771 1772/1772/1772
f 1772/1772/1772 1771/1771/1771 1773/1773/1773
f 1772/1772/1772 1773/1773/1773 1774/1774/1774
f 1774/1774/1774 1773/1773/1773 1775/1775/1775
f 1774/1774/1774 1775/1775/1775 1776/1776/1776
f 1777/1777/1777 1762/1762/1762 1764/1764/1764
f 1777/1777/1777 1764/1764/1764 1766/1766/1766
f 1777/1777/1777 1766/1766/1766 1768/1768/1768
f 1777/1777/1777 1768/1768/1768 1770/1770/1770
f 1777/1777/1777 1770/1770/1770 1772/1772/1772
f 1777/1777/1777 1772/1772/1772 1774/1774/1774
f 1777/1777/1777 1774/1774/1774 1776/1776/1776
f 1777/1777/1777 1776/1776/1776 1778/1778/1778
f 1776/1776/1776 1775/1775/1775 1779/1779/1779
f 1776/1776/1776 1779/1779/1779 1778/1778/1778
f 1778/1778/1778 1779/1779/1779 1780/1780/1780
f 1778/1778/1778 1780/1780/1780 1777/1777/1777
f 1761/1761/1761 1780/1780/1780 1779/1779/1779
f 1761/1761/1761 1779/1779/1779 1775/1775/1775
f 1761/1761/1761 1775/1775/1775 1773/1773/1773
f 1761/1761/1761 1773/1773/1773 1771/1771/1771
f 1761/1761/1761 1771/1771/1771 1769/1769/1769
f 1761/1761/1761 1769/1769/1769 1767/1767/1767
f 1761/1761/1761 1767/1767/1767 1765/1765/1765
f 1761/1761/1761 1765/1765/1765 1763/1763/1763
f 1781/1781/1781 1782/1782/1782 1783/1783/1783
f 1781/1781/1781 1783/1783/1783 1784/1784/1784
f 1784/1784/1784 1783/1783/1783 1785/1785/1785
f 1784/1784/1784 1785/1785/1785 1786/1786/1786
f 1786/1786/1786 1785/1785/1785 1787/1787/1787
f 1786/1786/1786 1787/1787/1787 1788/1788/1788
f 1788/1788/1788 1787/1787/1787 1789/1789/1789
f 1788/1788/1788 1789/1789/1789 1790/1790/1790
f 1790/1790/1790 1789/1789/1789 1791/1791/1791
f 1790/1790/1790 1791/1791/1791 1792/1792/1792
f 1792/1792/1792 1791/1791/1791 1793/1793/1793
f 1792/1792/1792 1793/1793/1793 1794/1794/1794
f 1794/1794/1794 1793/1793/1793 1795/1795/1795
f 1794/1794/1794 1795/1795/1795 1796/1796/1796
f 1796/1796/1796 1795/1795/1795 1797/1797/1797
f 1796/1796/1796 1797/1797/1797 1798/1798/1798
f 1799/1799/1799 1784/1784/1784 1786/1786/1786
f 1799/1799/1799 1786/1786/1786 1788/1788/1788
f 1799/1799/1799 1788/1788/1788 1790/1790/1790
f 1799/1799/1799 1790/1790/1790 1792/1792/1792
f 1799/1799/1799 1792/1792/1792 1794/1794/1794
f 1799/1799/1799 1794/1794/1794 1796/1796/1796
f 1799/1799/1799 1796/1796/1796 1798/1798/1798
f 1799/1799/1799 1798/1798/1798 1800/1800/1800
f 1798/1798/1798 1797/1797/1797 1801/1801/1801
f 1798/1798/1798 1801/1801/1801 1800/1800/1800
f 1800/1800/1800 1801/1801/1801 1802/1802/1802
f 1800/1800/1800 1802/1802/1802 1799/1799/1799
f 1783/1783/1783 1802/1802/1802 1801/1801/1801
f 1783/1783/1783 1801/1801/1801 1797/1797/1797
f 1783/1783/1783 1797/1797/1797 1795/1795/1795
f 1783/1783/1783 1795/1795/1795 1793/1793/1793
f 1783/1783/1783 1793/1793/1793 1791/1791/1791
f 1783/1783/1783 1791/1791/1791 1789/1789/1789
f 1783/1783/1783 1789/1789/1789 1787/1787/1787
f 1783/1783/1783 1787/1787/1787 1785/1785/1785
f 1803/1803/1803 1804/1804/1804 1805/1805/1805
f 1803/1803/1803 1805/1805/1805 1806/1806/1806
f 1806/1806/1806 1805/1805/1805 1807/1807/1807
f 1806/1806/1806 1807/1807/1807 1808/1808/1808
f 1808/1808/1808 1807/1807/1807 1809/1809/1809
f 1808/1808/1808 1809/1809/1809 1810/1810/1810
f 1810/1810/1810 1809/1809/1809 1811/1811/1811
f 1810/1810/1810 1811/1811/1811 1812/1812/1812
f 1812/1812/1812 1811/1811/1811 1813/1813/1813
f 1812/1812/1812 1813/1813/1813 1814/1814/1814
f 1814/1814/1814 1813/1813/1813 1815/1815/1815
f 1814/1814/1814 1815/1815/1815 1816/1816/1816
f 1816/1816/1816 1815/1815/1815 1817/1817/1817
f 1816/1816/1816 1817/1817/1817 1818/1818/1818
f 1818/1818/1818 1817/1817/1817 1819/1819/1819
f 1818/1818/1818 1819/1819/1819 1820/1820/1820
f 1821/1821/1821 1806/1806/1806 1808/1808/1808
f 1821/1821/1821 1808/1808/1808 1810/1810/1810
f 1821/1821/1821 1810/1810/1810 1812/1812/1812
f 1821/1821/1821 1812/1812/1812 1814/1814/1814
f 1821/1821/1821 1814/1814/1814 1816/1816/1816
f 1821/1821/1821 1816/1816/1816 1818/1818/1818
f 1821/1821/1821 1818/1818/1818 1820/1820/1820
f 1821/1821/1821 1820/1820/1820 1822/1822/1822
f 1820/1820/1820 1819/1819/1819 1823/1823/1823
f 1820/1820/1820 1823/1823/1823 1822/1822/1822
f 1822/1822/1822 1823/1823/1823 1824/1824/1824
f 1822/1822/1822 1824/1824/1824 1821/1821/1821
f 1805/1805/1805 1824/1824/1824 1823/1823/1823
f 1805/1805/1805 1823/1823/1823 1819/1819/1819
f 1805/1805/1805 1819/1819/1819 1817/1817/1817
f 1805/1805/1805 1817/1817/1817 1815/1815/1815
f 1805/1805/1805 1815/1815/1815 1813/1813/1813
f 1805/1805/1805 1813/1813/1813 1811/1811/1811
f 1805/1805/1805 1811/1811/1811 1809/1809/1809
f 1805/1805/1805 1809/1809/1809 1807/1807/1807
f 1825/1825/1825 1826/1826/1826 1827/1827/1827
f 1825/1825/1825 1827/1827/1827 1828/1828/1828
f 1829/1829/1829 1830/1830/1830 1831/1831/1831
f 1829/1829/1829 1831/1831/1831 1832/1832/1832
f 1833/1833/1833 1834/1834/1834 1835/1835/1835
f 1833/1833/1833 1835/1835/1835 1836/1836/1836
f 1837/1837/1837 1838/1838/1838 1839/1839/1839
f 1837/1837/1837 1839/1839/1839 1840/1840/1840
f 1841/1841/1841 1842/1842/1842 1843/1843/1843
f 1841/1841/1841 1843/1843/1843 1844/1844/1844
f 1845/1845/1845 1846/1846/1846 1847/1847/1847
f 1845/1845/1845 1847/1847/1847 1848/1848/1848
f 1849/1849/1849 1850/1850/1850 1851/1851/1851
f 1849/1849/1849 1851/1851/1851 1852/1852/1852
f 1853/1853/1853 1854/1854/1854 1855/1855/1855
f 1853/1853/1853 1855/1855/1855 1856/1856/1856
f 1857/1857/1857 1858/1858/1858 1859/1859/1859
f 1857/1857/1857 1859/1859/1859 1860/1860/1860
f 1857/1857/1857 1860/1860/1860 1861/1861/1861
f 1857/1857/1857 1861/1861/1861 1862/1862/1862
f 1857/1857/1857 1862/1862/1862 1863/1863/1863
f 1857/1857/1857 1863/1863/1863 1864/1864/1864
f 1857/1857/1857 1864/1864/1864 1865/1865/1865
f 1857/1857/1857 1865/1865/1865 1866/1866/1866
f 1867/1867/1867 1868/1868/1868 1869/1869/1869
f 1867/1867/1867 1869/1869/1869 1870/1870/1870
f 1871/1871/1871 1872/1872/1872 1873/1873/1873
f 1871/1871/1871 1873/1873/1873 1874/1874/1874
f 1875/1875/1875 1876/1876/1876 1877/1877/1877
f 1875/1875/1875 1877/1877/1877 1878/1878/1878
f 1875/1875/1875 1878/1878/1878 1879/1879/1879
f 1875/1875/1875 1879/1879/1879 1880/1880/1880
f 1875/1875/1875 1880/1880/1880 1881/1881/1881
f 1875/1875/1875 1881/1881/1881 1882/1882/1882
f 1875/1875/1875 1882/1882/1882 1883/1883/1883
f 1875/1875/1875 1883/1883/1883 1884/1884/1884
o RainGuard
usemtl sword_GoldenMark
v 0 0.0633358582854271 -0.08069721609354019
v 0.02322959713637829 0.04550403356552124 -0.10386881977319717
v 0.023069579154253006 0.04550403356552124 -0.14966130256652832
v 0 0.04550403356552124 -0.14966130256652832
v 0.02322959713637829 -0.048701003193855286 -0.10386881977319717
v 0.07335006445646286 0.04550403356552124 -0.02079668641090393
v 0.07335006445646286 -0.048701003193855286 -0.02079668641090393
v 0 -0.071599081158638 -0.0881272479891777
v 0.04555366933345795 -0.071599081158638 -0.020168190356343985
v 0.040300026535987854 0.0633358582854271 -0.02079668641090393
v 0 -0.048701003193855286 0.0822608470916748
v 0 -0.071599081158638 0.04024215787649155
v 0 0.0633358582854271 0.029606834053993225
v 0 0.04550403356552124 0.0822608470916748
v 0.023069579154253006 -0.04550403356552124 -0.14966130256652832
v 0 -0.04550403356552124 -0.1701221466064453
v 0 0.04550403356552124 -0.1701221466064453
v 0 -0.04550403356552124 -0.14966130256652832
v 0 -0.04550403356552124 -0.1701221466064453
v 0 0.04550403356552124 -0.1701221466064453
v 0 -0.04550403356552124 -0.1701221466064453
v 0 0.04550403356552124 -0.1701221466064453
v 0 0.07520469278097153 -0.02396228536963463
v 0.09486479312181473 -0.03684984892606735 -0.03903310000896454
v 0.09486479312181473 0.03807695209980011 -0.03903310000896454
v 0.06696755439043045 0.03807695209980011 -0.06389004364609718
v 0.06696755439043045 -0.03684984892606735 -0.06389004364609718
v 0.07991144806146622 0.03565621376037598 -0.0747251808643341
v 0.07991144806146622 -0.030534109100699425 -0.0747251808643341
v 0.05517025664448738 -0.03442342206835747 -0.10681314021348953
v 0.05517025664448738 0.03375270217657089 -0.10681314021348953
v 0.10613616555929184 0.03565621376037598 -0.05159895122051239
v 0.10613616555929184 -0.030534109100699425 -0.05159895122051239
v 0.09486479312181473 0.03807695209980011 -0.03903310000896454
v 0.09486479312181473 -0.03684984892606735 -0.03903310000896454
v 0.06696755439043045 -0.03684984892606735 -0.06389004364609718
v 0.09486479312181473 -0.03684984892606735 -0.03903310000896454
v 0.06696755439043045 0.03807695209980011 -0.06389004364609718
v 0.09486479312181473 0.03807695209980011 -0.03903310000896454
v 0.05468502268195152 -0.03332822769880295 -0.14221054315567017
v 0.05468502268195152 0.03570470213890076 -0.14221054315567017
v 0.04062410071492195 -0.03684984892606735 -0.10320734232664108
v 0.04062410071492195 0.03807695209980011 -0.10320734232664108
v 0.04062410071492195 0.03807695209980011 -0.10320734232664108
v 0.04062410071492195 -0.03684984892606735 -0.10320734232664108
v 0.04069284722208977 -0.03684984892606735 -0.1477656066417694
v 0.05768105015158653 -0.03420671448111534 -0.16107673943042755
v 0.06111208721995354 -0.031739890575408936 -0.14753800630569458
v 0.04069284722208977 0.03807695209980011 -0.1477656066417694
v 0.04069284722208977 0.03807695209980011 -0.1477656066417694
v 0.04069284722208977 -0.03684984892606735 -0.1477656066417694
v 0.05768105015158653 0.034999024122953415 -0.16107673943042755
v 0.06111208721995354 0.03393985703587532 -0.14753800630569458
v 0.06994963437318802 0.03300808370113373 -0.14655299484729767
v 0.07708168029785156 0.03155018761754036 -0.1587543934583664
v 0.05768105015158653 0.034999024122953415 -0.16107673943042755
v 0.05768105015158653 -0.03420671448111534 -0.16107673943042755
v 0.06994963437318802 -0.030353877693414688 -0.14655299484729767
v 0.07763979583978653 -0.028865672647953033 -0.14158494025468826
v 0.07763979583978653 0.03155018761754036 -0.14158494025468826
v 0.07708168029785156 0.03155018761754036 -0.1587543934583664
v 0.07708168029785156 -0.030171217396855354 -0.1587543934583664
v 0.07708168029785156 -0.030171217396855354 -0.1587543934583664
v 0.08698926866054535 0.03155018761754036 -0.1442348212003708
v 0.07829274237155914 0.03155018761754036 -0.12394337356090546
v 0.08698926866054535 -0.026696110144257545 -0.1442348212003708
v 0.08698926866054535 0.03155018761754036 -0.1442348212003708
v 0.08698926866054535 -0.026696110144257545 -0.1442348212003708
v 0.07829274237155914 0.03155018761754036 -0.12394337356090546
v 0.07829274237155914 -0.030171217396855354 -0.12394337356090546
v 0.07829274237155914 -0.030171217396855354 -0.12394337356090546
v 0.07829274237155914 0.03155018761754036 -0.12394337356090546
v 0 -0.08699142932891846 -0.023962297942489386
v 0 -0.08699142932891846 -0.023962297942489386
v 0.07850305736064911 0.037222668528556824 -0.2715832591056824
v 0.07850305736064911 0.021626010537147522 -0.2715832591056824
v 0.07820463180541992 0.022781549021601677 -0.2796206772327423
v 0.07820463180541992 0.03606712818145752 -0.2796206772327423
v 0.11025441437959671 0.013060910627245903 -0.2667318433523178
v 0.11025441437959671 0.02628781646490097 -0.2667318433523178
v 0.11518939584493637 0.024670276790857315 -0.26594579219818115
v 0.11518939584493637 0.011071469634771347 -0.26594579219818115
v 0.11443786323070526 0.012520392425358295 -0.2584427744150162
v 0.11443786323070526 0.028447380289435387 -0.2584427744150162
v 0.11368632316589355 0.024670276790857315 -0.2509397566318512
v 0.11368632316589355 0.011071469634771347 -0.2509397566318512
v 0.10849718004465103 0.013060910627245903 -0.25149646401405334
v 0.10849718004465103 0.02628781646490097 -0.25149646401405334
v 0.06717419624328613 0.03944340720772743 -0.25644291937351227
v 0.06717419624328613 0.021626010537147522 -0.25644291937351227
v 0.11368632316589355 -0.020723234862089157 -0.2509397566318512
v 0.11443786323070526 -0.024717718362808228 -0.2584427744150162
v 0.10937579721212387 0.030341850593686104 -0.259114146232605
v 0.07283862680196762 0.04444926977157593 -0.2640130817890167
v 0.06717419624328613 0.03944340720772743 -0.25644291937351227
v 0.10849718004465103 0.02628781646490097 -0.25149646401405334
v 0.07283862680196762 0.024881921708583832 -0.2640130817890167
v 0.10937579721212387 0.01485043577849865 -0.259114146232605
v 0.10849718004465103 0.013060910627245903 -0.25149646401405334
v 0.06717419624328613 0.021626010537147522 -0.25644291937351227
v 0.06700364500284195 -0.03884129226207733 -0.25634489953517914
v 0.0727001279592514 -0.043567001819610596 -0.2639770209789276
v 0.11518939584493637 -0.020723234862089157 -0.26594579219818115
v 0.11025441437959671 -0.0187337938696146 -0.2667318433523178
v 0.10849718004465103 -0.0187337938696146 -0.25149646401405334
v 0.11025441437959671 0.013060910627245903 -0.2667318433523178
v 0.11025441437959671 -0.0187337938696146 -0.2667318433523178
v 0.10937579721212387 -0.022387675940990448 -0.259114146232605
v 0.0727001279592514 -0.03873510658740997 -0.2639770209789276
v 0.07839661836624146 -0.030971122905611992 -0.2716091573238373
v 0.07819864898920059 -0.030971122905611992 -0.27962541580200195
v 0.07021249830722809 -0.032691583037376404 -0.27945584058761597
v 0.06700364500284195 -0.034412045031785965 -0.25634489953517914
v 0.07839661836624146 -0.034793026745319366 -0.2716091573238373
v 0.07839661836624146 -0.030971122905611992 -0.2716091573238373
v 0.062226347625255585 -0.03971444442868233 -0.27928629517555237
v 0.062226347625255585 -0.034412045031785965 -0.27928629517555237
v 0.06220117211341858 -0.03576064109802246 -0.4362036883831024
v 0.06220117211341858 -0.04128484055399895 -0.4362036883831024
v 0.07819864898920059 -0.034793026745319366 -0.27962541580200195
v 0.07819864898920059 -0.030971122905611992 -0.27962541580200195
v 0.07021249830722809 -0.037253737449645996 -0.27945584058761597
v 0.07883923500776291 -0.03217579051852226 -0.4357526898384094
v 0.07052020728588104 -0.03396821767091751 -0.4359781742095947
v 0.058489568531513214 0.040885403752326965 -0.2793901562690735
v 0.058489568531513214 0.022781549021601677 -0.2793901562690735
v 0.07850305736064911 0.037222668528556824 -0.2715832591056824
v 0.07820463180541992 0.03606712818145752 -0.2796206772327423
v 0.06834709644317627 0.03847626596689224 -0.2795054316520691
v 0.058489568531513214 0.022781549021601677 -0.2793901562690735
v 0.06834709644317627 0.022781549021601677 -0.2795054316520691
v 0.07884522527456284 0.03766665980219841 -0.4357474446296692
v 0.07884522527456284 0.023825345560908318 -0.4357474446296692
v 0.09459912031888962 0.023825345560908318 -0.4817066192626953
v 0.09459912031888962 0.03766665980219841 -0.4817066192626953
v 0.07052020728588104 -0.03872120380401611 -0.4359781742095947
v 0.0771787017583847 -0.04128484055399895 -0.4907219409942627
v 0.08588715642690659 -0.03872120380401611 -0.4862178564071655
v 0.07884522527456284 0.03766665980219841 -0.4357474446296692
v 0.06865483522415161 0.040176570415496826 -0.43603283166885376
v 0.05846443772315979 0.023825345560908318 -0.43631818890571594
v 0.06865483522415161 0.023825345560908318 -0.43603283166885376
v 0.07883923500776291 -0.03615756332874298 -0.4357526898384094
v 0.07883923500776291 -0.03217579051852226 -0.4357526898384094
v 0.05846443772315979 0.04268648102879524 -0.43631818890571594
v 0.05846443772315979 0.023825345560908318 -0.43631818890571594
v 0.08561725914478302 0.023825345560908318 -0.4866785705089569
v 0.07663540542125702 0.023825345560908318 -0.4916505217552185
v 0.10422885417938232 0.023691337555646896 -0.5129336714744568
v 0.10611817240715027 0.023691337555646896 -0.5109393894672394
v 0.08561725914478302 0.040176570415496826 -0.4866785705089569
v 0.09459912031888962 0.03766665980219841 -0.4817066192626953
v 0.10800749808549881 0.0374613031744957 -0.508945107460022
v 0.10611817240715027 0.03873898461461067 -0.5109393894672394
v 0.07663540542125702 0.04268648102879524 -0.4916505217552185
v 0.07663540542125702 0.023825345560908318 -0.4916505217552185
v 0.09459561109542847 -0.03217579051852226 -0.48171377182006836
v 0.08588715642690659 -0.03396821767091751 -0.4862178564071655
v 0.0771787017583847 -0.03576064109802246 -0.4907219409942627
v 0.09459561109542847 -0.03615756332874298 -0.48171377182006836
v 0.09459561109542847 -0.03217579051852226 -0.48171377182006836
v 0.1061197966337204 -0.03229615092277527 -0.51091268658638
v 0.1061197966337204 -0.03702463582158089 -0.51091268658638
v 0.1042322888970375 -0.03806689754128456 -0.5128776431083679
v 0.1042322888970375 -0.03257117420434952 -0.5128776431083679
v 0.10611817240715027 0.023691337555646896 -0.5109393894672394
v 0.10611817240715027 0.03873898461461067 -0.5109393894672394
v 0.10800749808549881 0.0374613031744957 -0.508945107460022
v 0.10800749808549881 0.023691337555646896 -0.508945107460022
v 0.10800731182098389 -0.03598237410187721 -0.5089477300643921
v 0.10800731182098389 -0.03202113136649132 -0.5089477300643921
v 0.10422885417938232 0.04001666605472565 -0.5129336714744568
v 0.10422885417938232 0.023691337555646896 -0.5129336714744568
v 0.10800731182098389 -0.03202113136649132 -0.5089477300643921
v 0.1042322888970375 -0.03257117420434952 -0.5128776431083679
v 0.10965622216463089 0.013060910627245903 -0.2516508400440216
v 0.10965622216463089 0.02628781646490097 -0.2516508400440216
v 0.11461452394723892 0.024670276790857315 -0.24992768466472626
v 0.11461452394723892 0.011071469634771347 -0.24992768466472626
v 0.11411181837320328 0.011902432888746262 -0.24240389466285706
v 0.11411181837320328 0.028373343870043755 -0.24240389466285706
v 0.11360911279916763 0.024670276790857315 -0.23488010466098785
v 0.11360911279916763 0.011071469634771347 -0.23488010466098785
v 0.10840438306331635 0.013060910627245903 -0.2341637909412384
v 0.10840438306331635 0.02628781646490097 -0.2341637909412384
v 0.06094725430011749 0.03944340720772743 -0.2395325005054474
v 0.06094725430011749 0.021626010537147522 -0.2395325005054474
v 0.11360911279916763 -0.020723234862089157 -0.23488010466098785
v 0.11411181837320328 -0.026607394218444824 -0.24240389466285706
v 0.10903029888868332 0.03033250942826271 -0.24290731549263
v 0.060953810811042786 0.044921714812517166 -0.24898730218410492
v 0.06094725430011749 0.03944340720772743 -0.2395325005054474
v 0.10840438306331635 0.02628781646490097 -0.2341637909412384
v 0.06096038222312927 0.021626010537147522 -0.25844210386276245
v 0.10965622216463089 0.013060910627245903 -0.2516508400440216
v 0.10840438306331635 0.013060910627245903 -0.2341637909412384
v 0.06094725430011749 0.021626010537147522 -0.2395325005054474
v 0.06096038222312927 0.021626010537147522 -0.25844210386276245
v 0.06096038222312927 0.037222668528556824 -0.25844210386276245
v 0.06086929142475128 -0.03884129226207733 -0.23935189843177795
v 0.06086444854736328 -0.046100400388240814 -0.24887551367282867
v 0.11461452394723892 -0.020723234862089157 -0.24992768466472626
v 0.10965622216463089 -0.018733792006969452 -0.2516508400440216
v 0.10840438306331635 -0.018733792006969452 -0.2341637909412384
v 0.10965622216463089 -0.018733792006969452 -0.2516508400440216
v 0.10840438306331635 -0.018733792006969452 -0.2341637909412384
v 0.06085961312055588 -0.03097112476825714 -0.2583991438150406
v 0.06086929142475128 -0.034412045031785965 -0.23935189843177795
v 0.06086929142475128 -0.034412045031785965 -0.23935189843177795
v 0.06085961312055588 -0.034793026745319366 -0.2583991438150406
v 0.06085961312055588 -0.03097112476825714 -0.2583991438150406
v 0.0771787017583847 -0.03576064109802246 -0.4907219409942627
v 0.10422885417938232 0.023691337555646896 -0.5129336714744568
v 0.10422885417938232 0.04001666605472565 -0.5129336714744568
v 0.07884522527456284 0.023825345560908318 -0.4357474446296692
v 0.09459912031888962 0.023825345560908318 -0.4817066192626953
v 0.05846443772315979 0.04268648102879524 -0.43631818890571594
v 0.07663540542125702 0.04268648102879524 -0.4916505217552185
v 0.06220117211341858 -0.03576064109802246 -0.4362036883831024
v 0.10422885417938232 0.04001666605472565 -0.5129336714744568
v 0.10800749808549881 0.023691337555646896 -0.508945107460022
v 0.07820463180541992 0.022781549021601677 -0.2796206772327423
v 0.058489568531513214 0.040885403752326965 -0.2793901562690735
v 0.07850305736064911 0.021626010537147522 -0.2715832591056824
v 0.062226347625255585 -0.034412045031785965 -0.27928629517555237
v 0.10849718004465103 -0.0187337938696146 -0.25149646401405334
v 0.06700364500284195 -0.034412045031785965 -0.25634489953517914
v 0.11025441437959671 0.02628781646490097 -0.2667318433523178
v 0.10965622216463089 0.02628781646490097 -0.2516508400440216
v 0.06096038222312927 0.037222668528556824 -0.25844210386276245
v 0.10965622216463089 0.013060910627245903 -0.23442935943603516
v 0.10965622216463089 0.02628781646490097 -0.23442935943603516
v 0.11461452394723892 0.024670276790857315 -0.23380713164806366
v 0.11461452394723892 0.011071469634771347 -0.23380713164806366
v 0.11411181837320328 0.011902432888746262 -0.22628334164619446
v 0.11411181837320328 0.028373343870043755 -0.22628334164619446
v 0.11360911279916763 0.024670276790857315 -0.21875955164432526
v 0.11360911279916763 0.011071469634771347 -0.21875955164432526
v 0.10840438306331635 0.013060910627245903 -0.21914415061473846
v 0.10840438306331635 0.02628781646490097 -0.21914415061473846
v 0.06094725430011749 0.03944340720772743 -0.22091534733772278
v 0.06094725430011749 0.021626010537147522 -0.22091534733772278
v 0.11360911279916763 -0.020723234862089157 -0.21875955164432526
v 0.11411181837320328 -0.026607394218444824 -0.22628334164619446
v 0.10903029888868332 0.03033250942826271 -0.2267867624759674
v 0.060953810811042786 0.044921714812517166 -0.2303701490163803
v 0.06094725430011749 0.03944340720772743 -0.22091534733772278
v 0.10840438306331635 0.02628781646490097 -0.21914415061473846
v 0.06096038222312927 0.021626010537147522 -0.23982495069503784
v 0.10965622216463089 0.013060910627245903 -0.23442935943603516
v 0.10840438306331635 0.013060910627245903 -0.21914415061473846
v 0.06094725430011749 0.021626010537147522 -0.22091534733772278
v 0.06096038222312927 0.021626010537147522 -0.23982495069503784
v 0.06096038222312927 0.037222668528556824 -0.23982495069503784
v 0.06086929142475128 -0.03884129226207733 -0.22073474526405334
v 0.06086444854736328 -0.046100400388240814 -0.23025836050510406
v 0.11461452394723892 -0.020723234862089157 -0.23380713164806366
v 0.10965622216463089 -0.0187337938696146 -0.23442935943603516
v 0.10840438306331635 -0.0187337938696146 -0.21914415061473846
v 0.10965622216463089 -0.0187337938696146 -0.23442935943603516
v 0.10840438306331635 -0.0187337938696146 -0.21914415061473846
v 0.06085961312055588 -0.03097112476825714 -0.23978199064731598
v 0.06086929142475128 -0.034412045031785965 -0.22073474526405334
v 0.06086929142475128 -0.034412045031785965 -0.22073474526405334
v 0.06085961312055588 -0.034793026745319366 -0.23978199064731598
v 0.06085961312055588 -0.03097112476825714 -0.23978199064731598
v 0.10965622216463089 0.02628781646490097 -0.23442935943603516
v 0.06096038222312927 0.037222668528556824 -0.23982495069503784
v 0 0.0633358582854271 -0.08069721609354019
v -0.02322959713637829 0.04550403356552124 -0.10386881977319717
v -0.023069579154253006 0.04550403356552124 -0.14966130256652832
v 0 0.04550403356552124 -0.14966130256652832
v -0.02322959713637829 -0.048701003193855286 -0.10386881977319717
v -0.07335006445646286 0.04550403356552124 -0.02079668641090393
v -0.07335006445646286 -0.048701003193855286 -0.02079668641090393
v 0 -0.071599081158638 -0.0881272479891777
v -0.04555366933345795 -0.071599081158638 -0.020168190356343985
v -0.040300026535987854 0.0633358582854271 -0.02079668641090393
v 0 -0.048701003193855286 0.0822608470916748
v 0 -0.071599081158638 0.04024215787649155
v 0 0.0633358582854271 0.029606834053993225
v 0 0.04550403356552124 0.0822608470916748
v -0.023069579154253006 -0.04550403356552124 -0.14966130256652832
v 0 -0.04550403356552124 -0.1701221466064453
v 0 0.04550403356552124 -0.1701221466064453
v 0 -0.04550403356552124 -0.14966130256652832
v 0 -0.04550403356552124 -0.1701221466064453
v 0 0.04550403356552124 -0.1701221466064453
v 0 -0.04550403356552124 -0.1701221466064453
v 0 0.04550403356552124 -0.1701221466064453
v 0 0.07520469278097153 -0.02396228536963463
v -0.09486479312181473 -0.03684984892606735 -0.03903310000896454
v -0.09486479312181473 0.03807695209980011 -0.03903310000896454
v -0.06696755439043045 0.03807695209980011 -0.06389004364609718
v -0.06696755439043045 -0.03684984892606735 -0.06389004364609718
v -0.07991144806146622 0.03565621376037598 -0.0747251808643341
v -0.07991144806146622 -0.030534109100699425 -0.0747251808643341
v -0.05517025664448738 -0.03442342206835747 -0.10681314021348953
v -0.05517025664448738 0.03375270217657089 -0.10681314021348953
v -0.10613616555929184 0.03565621376037598 -0.05159895122051239
v -0.10613616555929184 -0.030534109100699425 -0.05159895122051239
v -0.09486479312181473 0.03807695209980011 -0.03903310000896454
v -0.09486479312181473 -0.03684984892606735 -0.03903310000896454
v -0.06696755439043045 -0.03684984892606735 -0.06389004364609718
v -0.09486479312181473 -0.03684984892606735 -0.03903310000896454
v -0.06696755439043045 0.03807695209980011 -0.06389004364609718
v -0.09486479312181473 0.03807695209980011 -0.03903310000896454
v -0.05468502268195152 -0.03332822769880295 -0.14221054315567017
v -0.05468502268195152 0.03570470213890076 -0.14221054315567017
v -0.04062410071492195 -0.03684984892606735 -0.10320734232664108
v -0.04062410071492195 0.03807695209980011 -0.10320734232664108
v -0.04062410071492195 0.03807695209980011 -0.10320734232664108
v -0.04062410071492195 -0.03684984892606735 -0.10320734232664108
v -0.04069284722208977 -0.03684984892606735 -0.1477656066417694
v -0.05768105015158653 -0.03420671448111534 -0.16107673943042755
v -0.06111208721995354 -0.031739890575408936 -0.14753800630569458
v -0.04069284722208977 0.03807695209980011 -0.1477656066417694
v -0.04069284722208977 0.03807695209980011 -0.1477656066417694
v -0.04069284722208977 -0.03684984892606735 -0.1477656066417694
v -0.05768105015158653 0.034999024122953415 -0.16107673943042755
v -0.06111208721995354 0.03393985703587532 -0.14753800630569458
v -0.06994963437318802 0.03300808370113373 -0.14655299484729767
v -0.07708168029785156 0.03155018761754036 -0.1587543934583664
v -0.05768105015158653 0.034999024122953415 -0.16107673943042755
v -0.05768105015158653 -0.03420671448111534 -0.16107673943042755
v -0.06994963437318802 -0.030353877693414688 -0.14655299484729767
v -0.07763979583978653 -0.028865672647953033 -0.14158494025468826
v -0.07763979583978653 0.03155018761754036 -0.14158494025468826
v -0.07708168029785156 0.03155018761754036 -0.1587543934583664
v -0.07708168029785156 -0.030171217396855354 -0.1587543934583664
v -0.07708168029785156 -0.030171217396855354 -0.1587543934583664
v -0.08698926866054535 0.03155018761754036 -0.1442348212003708
v -0.07829274237155914 0.03155018761754036 -0.12394337356090546
v -0.08698926866054535 -0.026696110144257545 -0.1442348212003708
v -0.08698926866054535 0.03155018761754036 -0.1442348212003708
v -0.08698926866054535 -0.026696110144257545 -0.1442348212003708
v -0.07829274237155914 0.03155018761754036 -0.12394337356090546
v -0.07829274237155914 -0.030171217396855354 -0.12394337356090546
v -0.07829274237155914 -0.030171217396855354 -0.12394337356090546
v -0.07829274237155914 0.03155018761754036 -0.12394337356090546
v 0 -0.08699142932891846 -0.023962297942489386
v 0 -0.08699142932891846 -0.023962297942489386
v -0.07850305736064911 0.037222668528556824 -0.2715832591056824
v -0.07850305736064911 0.021626010537147522 -0.2715832591056824
v -0.07820463180541992 0.022781549021601677 -0.2796206772327423
v -0.07820463180541992 0.03606712818145752 -0.2796206772327423
v -0.11025441437959671 0.013060910627245903 -0.2667318433523178
v -0.11025441437959671 0.02628781646490097 -0.2667318433523178
v -0.11518939584493637 0.024670276790857315 -0.26594579219818115
v -0.11518939584493637 0.011071469634771347 -0.26594579219818115
v -0.11443786323070526 0.012520392425358295 -0.2584427744150162
v -0.11443786323070526 0.028447380289435387 -0.2584427744150162
v -0.11368632316589355 0.024670276790857315 -0.2509397566318512
v -0.11368632316589355 0.011071469634771347 -0.2509397566318512
v -0.10849718004465103 0.013060910627245903 -0.25149646401405334
v -0.10849718004465103 0.02628781646490097 -0.25149646401405334
v -0.06717419624328613 0.03944340720772743 -0.25644291937351227
v -0.06717419624328613 0.021626010537147522 -0.25644291937351227
v -0.11368632316589355 -0.020723234862089157 -0.2509397566318512
v -0.11443786323070526 -0.024717718362808228 -0.2584427744150162
v -0.10937579721212387 0.030341850593686104 -0.259114146232605
v -0.07283862680196762 0.04444926977157593 -0.2640130817890167
v -0.06717419624328613 0.03944340720772743 -0.25644291937351227
v -0.10849718004465103 0.02628781646490097 -0.25149646401405334
v -0.07283862680196762 0.024881921708583832 -0.2640130817890167
v -0.10937579721212387 0.01485043577849865 -0.259114146232605
v -0.10849718004465103 0.013060910627245903 -0.25149646401405334
v -0.06717419624328613 0.021626010537147522 -0.25644291937351227
v -0.06700364500284195 -0.03884129226207733 -0.25634489953517914
v -0.0727001279592514 -0.043567001819610596 -0.2639770209789276
v -0.11518939584493637 -0.020723234862089157 -0.26594579219818115
v -0.11025441437959671 -0.0187337938696146 -0.2667318433523178
v -0.10849718004465103 -0.0187337938696146 -0.25149646401405334
v -0.11025441437959671 0.013060910627245903 -0.2667318433523178
v -0.11025441437959671 -0.0187337938696146 -0.2667318433523178
v -0.10937579721212387 -0.022387675940990448 -0.259114146232605
v -0.0727001279592514 -0.03873510658740997 -0.2639770209789276
v -0.07839661836624146 -0.030971122905611992 -0.2716091573238373
v -0.07819864898920059 -0.030971122905611992 -0.27962541580200195
v -0.07021249830722809 -0.032691583037376404 -0.27945584058761597
v -0.06700364500284195 -0.034412045031785965 -0.25634489953517914
v -0.07839661836624146 -0.034793026745319366 -0.2716091573238373
v -0.07839661836624146 -0.030971122905611992 -0.2716091573238373
v -0.062226347625255585 -0.03971444442868233 -0.27928629517555237
v -0.062226347625255585 -0.034412045031785965 -0.27928629517555237
v -0.06220117211341858 -0.03576064109802246 -0.4362036883831024
v -0.06220117211341858 -0.04128484055399895 -0.4362036883831024
v -0.07819864898920059 -0.034793026745319366 -0.27962541580200195
v -0.07819864898920059 -0.030971122905611992 -0.27962541580200195
v -0.07021249830722809 -0.037253737449645996 -0.27945584058761597
v -0.07883923500776291 -0.03217579051852226 -0.4357526898384094
v -0.07052020728588104 -0.03396821767091751 -0.4359781742095947
v -0.058489568531513214 0.040885403752326965 -0.2793901562690735
v -0.058489568531513214 0.022781549021601677 -0.2793901562690735
v -0.07850305736064911 0.037222668528556824 -0.2715832591056824
v -0.07820463180541992 0.03606712818145752 -0.2796206772327423
v -0.06834709644317627 0.03847626596689224 -0.2795054316520691
v -0.058489568531513214 0.022781549021601677 -0.2793901562690735
v -0.06834709644317627 0.022781549021601677 -0.2795054316520691
v -0.07884522527456284 0.03766665980219841 -0.4357474446296692
v -0.07884522527456284 0.023825345560908318 -0.4357474446296692
v -0.09459912031888962 0.023825345560908318 -0.4817066192626953
v -0.09459912031888962 0.03766665980219841 -0.4817066192626953
v -0.07052020728588104 -0.03872120380401611 -0.4359781742095947
v -0.0771787017583847 -0.04128484055399895 -0.4907219409942627
v -0.08588715642690659 -0.03872120380401611 -0.4862178564071655
v -0.07884522527456284 0.03766665980219841 -0.4357474446296692
v -0.06865483522415161 0.040176570415496826 -0.43603283166885376
v -0.05846443772315979 0.023825345560908318 -0.43631818890571594
v -0.06865483522415161 0.023825345560908318 -0.43603283166885376
v -0.07883923500776291 -0.03615756332874298 -0.4357526898384094
v -0.07883923500776291 -0.03217579051852226 -0.4357526898384094
v -0.05846443772315979 0.04268648102879524 -0.43631818890571594
v -0.05846443772315979 0.023825345560908318 -0.43631818890571594
v -0.08561725914478302 0.023825345560908318 -0.4866785705089569
v -0.07663540542125702 0.023825345560908318 -0.4916505217552185
v -0.10422885417938232 0.023691337555646896 -0.5129336714744568
v -0.10611817240715027 0.023691337555646896 -0.5109393894672394
v -0.08561725914478302 0.040176570415496826 -0.4866785705089569
v -0.09459912031888962 0.03766665980219841 -0.4817066192626953
v -0.10800749808549881 0.0374613031744957 -0.508945107460022
v -0.10611817240715027 0.03873898461461067 -0.5109393894672394
v -0.07663540542125702 0.04268648102879524 -0.4916505217552185
v -0.07663540542125702 0.023825345560908318 -0.4916505217552185
v -0.09459561109542847 -0.03217579051852226 -0.48171377182006836
v -0.08588715642690659 -0.03396821767091751 -0.4862178564071655
v -0.0771787017583847 -0.03576064109802246 -0.4907219409942627
v -0.09459561109542847 -0.03615756332874298 -0.48171377182006836
v -0.09459561109542847 -0.03217579051852226 -0.48171377182006836
v -0.1061197966337204 -0.03229615092277527 -0.51091268658638
v -0.1061197966337204 -0.03702463582158089 -0.51091268658638
v -0.1042322888970375 -0.03806689754128456 -0.5128776431083679
v -0.1042322888970375 -0.03257117420434952 -0.5128776431083679
v -0.10611817240715027 0.023691337555646896 -0.5109393894672394
v -0.10611817240715027 0.03873898461461067 -0.5109393894672394
v -0.10800749808549881 0.0374613031744957 -0.508945107460022
v -0.10800749808549881 0.023691337555646896 -0.508945107460022
v -0.10800731182098389 -0.03598237410187721 -0.5089477300643921
v -0.10800731182098389 -0.03202113136649132 -0.5089477300643921
v -0.10422885417938232 0.04001666605472565 -0.5129336714744568
v -0.10422885417938232 0.023691337555646896 -0.5129336714744568
v -0.10800731182098389 -0.03202113136649132 -0.5089477300643921
v -0.1042322888970375 -0.03257117420434952 -0.5128776431083679
v -0.10965622216463089 0.013060910627245903 -0.2516508400440216
v -0.10965622216463089 0.02628781646490097 -0.2516508400440216
v -0.11461452394723892 0.024670276790857315 -0.24992768466472626
v -0.11461452394723892 0.011071469634771347 -0.24992768466472626
v -0.11411181837320328 0.011902432888746262 -0.24240389466285706
v -0.11411181837320328 0.028373343870043755 -0.24240389466285706
v -0.11360911279916763 0.024670276790857315 -0.23488010466098785
v -0.11360911279916763 0.011071469634771347 -0.23488010466098785
v -0.10840438306331635 0.013060910627245903 -0.2341637909412384
v -0.10840438306331635 0.02628781646490097 -0.2341637909412384
v -0.06094725430011749 0.03944340720772743 -0.2395325005054474
v -0.06094725430011749 0.021626010537147522 -0.2395325005054474
v -0.11360911279916763 -0.020723234862089157 -0.23488010466098785
v -0.11411181837320328 -0.026607394218444824 -0.24240389466285706
v -0.10903029888868332 0.03033250942826271 -0.24290731549263
v -0.060953810811042786 0.044921714812517166 -0.24898730218410492
v -0.06094725430011749 0.03944340720772743 -0.2395325005054474
v -0.10840438306331635 0.02628781646490097 -0.2341637909412384
v -0.06096038222312927 0.021626010537147522 -0.25844210386276245
v -0.10965622216463089 0.013060910627245903 -0.2516508400440216
v -0.10840438306331635 0.013060910627245903 -0.2341637909412384
v -0.06094725430011749 0.021626010537147522 -0.2395325005054474
v -0.06096038222312927 0.021626010537147522 -0.25844210386276245
v -0.06096038222312927 0.037222668528556824 -0.25844210386276245
v -0.06086929142475128 -0.03884129226207733 -0.23935189843177795
v -0.06086444854736328 -0.046100400388240814 -0.24887551367282867
v -0.11461452394723892 -0.020723234862089157 -0.24992768466472626
v -0.10965622216463089 -0.018733792006969452 -0.2516508400440216
v -0.10840438306331635 -0.018733792006969452 -0.2341637909412384
v -0.10965622216463089 -0.018733792006969452 -0.2516508400440216
v -0.10840438306331635 -0.018733792006969452 -0.2341637909412384
v -0.06085961312055588 -0.03097112476825714 -0.2583991438150406
v -0.06086929142475128 -0.034412045031785965 -0.23935189843177795
v -0.06086929142475128 -0.034412045031785965 -0.23935189843177795
v -0.06085961312055588 -0.034793026745319366 -0.2583991438150406
v -0.06085961312055588 -0.03097112476825714 -0.2583991438150406
v -0.0771787017583847 -0.03576064109802246 -0.4907219409942627
v -0.10422885417938232 0.023691337555646896 -0.5129336714744568
v -0.10422885417938232 0.04001666605472565 -0.5129336714744568
v -0.07884522527456284 0.023825345560908318 -0.4357474446296692
v -0.09459912031888962 0.023825345560908318 -0.4817066192626953
v -0.05846443772315979 0.04268648102879524 -0.43631818890571594
v -0.07663540542125702 0.04268648102879524 -0.4916505217552185
v -0.06220117211341858 -0.03576064109802246 -0.4362036883831024
v -0.10422885417938232 0.04001666605472565 -0.5129336714744568
v -0.10800749808549881 0.023691337555646896 -0.508945107460022
v -0.07820463180541992 0.022781549021601677 -0.2796206772327423
v -0.058489568531513214 0.040885403752326965 -0.2793901562690735
v -0.07850305736064911 0.021626010537147522 -0.2715832591056824
v -0.062226347625255585 -0.034412045031785965 -0.27928629517555237
v -0.10849718004465103 -0.0187337938696146 -0.25149646401405334
v -0.06700364500284195 -0.034412045031785965 -0.25634489953517914
v -0.11025441437959671 0.02628781646490097 -0.2667318433523178
v -0.10965622216463089 0.02628781646490097 -0.2516508400440216
v -0.06096038222312927 0.037222668528556824 -0.25844210386276245
v -0.10965622216463089 0.013060910627245903 -0.23442935943603516
v -0.10965622216463089 0.02628781646490097 -0.23442935943603516
v -0.11461452394723892 0.024670276790857315 -0.23380713164806366
v -0.11461452394723892 0.011071469634771347 -0.23380713164806366
v -0.11411181837320328 0.011902432888746262 -0.22628334164619446
v -0.11411181837320328 0.028373343870043755 -0.22628334164619446
v -0.11360911279916763 0.024670276790857315 -0.21875955164432526
v -0.11360911279916763 0.011071469634771347 -0.21875955164432526
v -0.10840438306331635 0.013060910627245903 -0.21914415061473846
v -0.10840438306331635 0.02628781646490097 -0.21914415061473846
v -0.06094725430011749 0.03944340720772743 -0.22091534733772278
v -0.06094725430011749 0.021626010537147522 -0.22091534733772278
v -0.11360911279916763 -0.020723234862089157 -0.21875955164432526
v -0.11411181837320328 -0.026607394218444824 -0.22628334164619446
v -0.10903029888868332 0.03033250942826271 -0.2267867624759674
v -0.060953810811042786 0.044921714812517166 -0.2303701490163803
v -0.06094725430011749 0.03944340720772743 -0.22091534733772278
v -0.10840438306331635 0.02628781646490097 -0.21914415061473846
v -0.06096038222312927 0.021626010537147522 -0.23982495069503784
v -0.10965622216463089 0.013060910627245903 -0.23442935943603516
v -0.10840438306331635 0.013060910627245903 -0.21914415061473846
v -0.06094725430011749 0.021626010537147522 -0.22091534733772278
v -0.06096038222312927 0.021626010537147522 -0.23982495069503784
v -0.06096038222312927 0.037222668528556824 -0.23982495069503784
v -0.06086929142475128 -0.03884129226207733 -0.22073474526405334
v -0.06086444854736328 -0.046100400388240814 -0.23025836050510406
v -0.11461452394723892 -0.020723234862089157 -0.23380713164806366
v -0.10965622216463089 -0.0187337938696146 -0.23442935943603516
v -0.10840438306331635 -0.0187337938696146 -0.21914415061473846
v -0.10965622216463089 -0.0187337938696146 -0.23442935943603516
v -0.10840438306331635 -0.0187337938696146 -0.21914415061473846
v -0.06085961312055588 -0.03097112476825714 -0.23978199064731598
v -0.06086929142475128 -0.034412045031785965 -0.22073474526405334
v -0.06086929142475128 -0.034412045031785965 -0.22073474526405334
v -0.06085961312055588 -0.034793026745319366 -0.23978199064731598
v -0.06085961312055588 -0.03097112476825714 -0.23978199064731598
v -0.10965622216463089 0.02628781646490097 -0.23442935943603516
v -0.06096038222312927 0.037222668528556824 -0.23982495069503784
vt 0.875 0.5
vt 0.625 0.5
vt 0.625 0.5
vt 0.875 0.5
vt 0.375 0.5
vt 0.625 0.75
vt 0.375 0.75
vt 0.125 0.5
vt 0.125 0.75
vt 0.875 0.75
vt 0.375 0.75
vt 0.125 0.75
vt 0.875 0.75
vt 0.625 0.75
vt 0.375 0.5
vt 0.375 0.5
vt 0.625 0.5
vt 0.125 0.5
vt 0.375 0.25
vt 0.625 0.25
vt 0.125 0.5
vt 0.875 0.5
vt 0.875 0.75
vt 0.375 0
vt 0.625 0
vt 0.625 0.25
vt 0.375 0.25
vt 0.625 0.5
vt 0.375 0.5
vt 0.375 0.5
vt 0.625 0.5
vt 0.625 0.75
vt 0.375 0.75
vt 0.625 1
vt 0.375 1
vt 0.125 0.5
vt 0.125 0.75
vt 0.875 0.5
vt 0.875 0.75
vt 0.375 0.5
vt 0.625 0.5
vt 0.125 0.5
vt 0.875 0.5
vt 0.625 0.25
vt 0.375 0.25
vt 0.125 0.5
vt 0.125 0.5
vt 0.375 0.5
vt 0.875 0.5
vt 0.625 0.25
vt 0.375 0.25
vt 0.875 0.5
vt 0.625 0.5
vt 0.625 0.5
vt 0.875 0.5
vt 0.625 0.25
vt 0.375 0.25
vt 0.375 0.5
vt 0.375 0.5
vt 0.625 0.5
vt 0.625 0.25
vt 0.375 0.25
vt 0.125 0.5
vt 0.875 0.5
vt 0.875 0.5
vt 0.125 0.5
vt 0.625 0.25
vt 0.375 0.25
vt 0.625 0.25
vt 0.375 0.25
vt 0.375 0.5
vt 0.625 0.5
vt 0.125 0.75
vt 0.125 0.5
vt 0.625 0.25
vt 0.375 0.25
vt 0.375 0.25
vt 0.625 0.25
vt 0.37107324600219727 0.4609752297401428
vt 0.6321389675140381 0.46097517013549805
vt 0.625 0.5
vt 0.375 0.5
vt 0.375 0.625
vt 0.625 0.625
vt 0.625 0.75
vt 0.375 0.75
vt 0.3709894120693207 0.789024829864502
vt 0.6271880865097046 0.839360237121582
vt 0.625 1
vt 0.375 1
vt 0.375 0.75
vt 0.3750000298023224 0.625
vt 0.6966361999511719 0.624990701675415
vt 0.8750000596046448 0.6250000596046448
vt 0.875 0.75
vt 0.6889697909355164 0.7498217821121216
vt 0.1250000149011612 0.6250000596046448
vt 0.31780198216438293 0.6249275803565979
vt 0.3369266390800476 0.7496837377548218
vt 0.125 0.75
vt 0.375 0.75
vt 0.375 0.625
vt 0.375 0.5
vt 0.37107324600219727 0.4609752297401428
vt 0.3709894120693207 0.789024829864502
vt 0.29867732524871826 0.500171422958374
vt 0.29867732524871826 0.500171422958374
vt 0.31780198216438293 0.6249275803565979
vt 0.31780198216438293 0.6249275803565979
vt 0.29867732524871826 0.500171422958374
vt 0.29867732524871826 0.500171422958374
vt 0.31780198216438293 0.6249275803565979
vt 0.3709894120693207 0.789024829864502
vt 0.375 0.5
vt 0.37107324600219727 0.4609752297401428
vt 0.375 0.75
vt 0.3709894120693207 0.789024829864502
vt 0.3709894120693207 0.789024829864502
vt 0.375 0.75
vt 0.375 0.5
vt 0.37107324600219727 0.4609752297401428
vt 0.375 0.625
vt 0.29867732524871826 0.500171422958374
vt 0.31780198216438293 0.6249275803565979
vt 0.625 1
vt 0.375 1
vt 0.875 0.5
vt 0.875 0.5
vt 0.875 0.625
vt 0.125 0.75
vt 0.1249999850988388 0.6249999403953552
vt 0.625 0.25
vt 0.375 0.25
vt 0.375 0.25
vt 0.625 0.25
vt 0.375 0.6249999403953552
vt 0.375 0.75
vt 0.375 0.625
vt 0.875 0.5
vt 0.8749999403953552 0.625
vt 0.125 0.75
vt 0.125 0.625
vt 0.375 0.5
vt 0.37107324600219727 0.4609752297401428
vt 0.625 1
vt 0.375 1
vt 0.125 0.6249999403953552
vt 0.125 0.75
vt 0.125 0.75
vt 0.125 0.625
vt 0.875 0.6249999403953552
vt 0.875 0.5
vt 0.875 0.5
vt 0.875 0.625
vt 0.625 1
vt 0.375 1
vt 0.29867732524871826 0.500171422958374
vt 0.31780198216438293 0.6249275207519531
vt 0.3709894120693207 0.789024829864502
vt 0.375 0.5
vt 0.37107324600219727 0.4609752297401428
vt 0.31780198216438293 0.6249275207519531
vt 0.375 0.625
vt 0.375 0.75
vt 0.3369266390800476 0.7496837377548218
vt 0.375 0.125
vt 0.625 0.125
vt 0.625 0.25
vt 0.375 0.25
vt 0.375 0.5
vt 0.37107324600219727 0.4609752297401428
vt 0.625 1
vt 0.375 1
vt 0.29867732524871826 0.500171422958374
vt 0.3709894120693207 0.789024829864502
vt 0.37107324600219727 0.4609752297401428
vt 0.6321389675140381 0.46097517013549805
vt 0.625 0.5
vt 0.375 0.5
vt 0.375 0.625
vt 0.625 0.625
vt 0.625 0.75
vt 0.375 0.75
vt 0.3709894120693207 0.789024829864502
vt 0.6271880865097046 0.839360237121582
vt 0.625 1
vt 0.375 1
vt 0.375 0.75
vt 0.3750000298023224 0.625
vt 0.6966361999511719 0.624990701675415
vt 0.875 0.625
vt 0.875 0.75
vt 0.6889697909355164 0.7498217821121216
vt 0.125 0.5
vt 0.29867732524871826 0.500171422958374
vt 0.3369266390800476 0.7496837377548218
vt 0.125 0.75
vt 0.375 0.25
vt 0.625 0.25
vt 0.375 0.75
vt 0.3750000298023224 0.6250000596046448
vt 0.375 0.5
vt 0.37107324600219727 0.4609752297401428
vt 0.3709894120693207 0.789024829864502
vt 0.29867732524871826 0.500171422958374
vt 0.3369266390800476 0.7496837377548218
vt 0.29867732524871826 0.500171422958374
vt 0.3369266390800476 0.7496837377548218
vt 0.3709894120693207 0.789024829864502
vt 0.375 0.5
vt 0.37107324600219727 0.4609752297401428
vt 0.3369266390800476 0.7496837377548218
vt 0.375 0
vt 0.625 0
vt 0.125 0.5
vt 0.125 0.5
vt 0.875 0.75
vt 0.875 0.75
vt 0.3369266390800476 0.7496837377548218
vt 0.875 0.75
vt 0.125 0.5
vt 0.125 0.5
vt 0.875 0.75
vt 0.125 0.5
vt 0.3369266390800476 0.7496837377548218
vt 0.3369266390800476 0.7496837377548218
vt 0.3369266390800476 0.7496837377548218
vt 0.7043025493621826 0.5001596212387085
vt 0.7043025493621826 0.5001596212387085
vt 0.875 0.5
vt 0.37107324600219727 0.4609752297401428
vt 0.6321389675140381 0.46097517013549805
vt 0.625 0.5
vt 0.375 0.5
vt 0.375 0.625
vt 0.625 0.625
vt 0.625 0.75
vt 0.375 0.75
vt 0.3709894120693207 0.789024829864502
vt 0.6271880865097046 0.839360237121582
vt 0.625 1
vt 0.375 1
vt 0.375 0.75
vt 0.3750000298023224 0.625
vt 0.6966361999511719 0.624990701675415
vt 0.875 0.625
vt 0.875 0.75
vt 0.6889697909355164 0.7498217821121216
vt 0.125 0.5
vt 0.29867732524871826 0.500171422958374
vt 0.3369266390800476 0.7496837377548218
vt 0.125 0.75
vt 0.375 0.25
vt 0.625 0.25
vt 0.375 0.75
vt 0.3750000298023224 0.6250000596046448
vt 0.375 0.5
vt 0.37107324600219727 0.4609752297401428
vt 0.3709894120693207 0.789024829864502
vt 0.29867732524871826 0.500171422958374
vt 0.3369266390800476 0.7496837377548218
vt 0.29867732524871826 0.500171422958374
vt 0.3369266390800476 0.7496837377548218
vt 0.3709894120693207 0.789024829864502
vt 0.375 0.5
vt 0.37107324600219727 0.4609752297401428
vt 0.7043025493621826 0.5001596212387085
vt 0.875 0.5
vt 0.875 0.5
vt 0.625 0.5
vt 0.625 0.5
vt 0.875 0.5
vt 0.375 0.5
vt 0.625 0.75
vt 0.375 0.75
vt 0.125 0.5
vt 0.125 0.75
vt 0.875 0.75
vt 0.375 0.75
vt 0.125 0.75
vt 0.875 0.75
vt 0.625 0.75
vt 0.375 0.5
vt 0.375 0.5
vt 0.625 0.5
vt 0.125 0.5
vt 0.375 0.25
vt 0.625 0.25
vt 0.125 0.5
vt 0.875 0.5
vt 0.875 0.75
vt 0.375 0
vt 0.625 0
vt 0.625 0.25
vt 0.375 0.25
vt 0.625 0.5
vt 0.375 0.5
vt 0.375 0.5
vt 0.625 0.5
vt 0.625 0.75
vt 0.375 0.75
vt 0.625 1
vt 0.375 1
vt 0.125 0.5
vt 0.125 0.75
vt 0.875 0.5
vt 0.875 0.75
vt 0.375 0.5
vt 0.625 0.5
vt 0.125 0.5
vt 0.875 0.5
vt 0.625 0.25
vt 0.375 0.25
vt 0.125 0.5
vt 0.125 0.5
vt 0.375 0.5
vt 0.875 0.5
vt 0.625 0.25
vt 0.375 0.25
vt 0.875 0.5
vt 0.625 0.5
vt 0.625 0.5
vt 0.875 0.5
vt 0.625 0.25
vt 0.375 0.25
vt 0.375 0.5
vt 0.375 0.5
vt 0.625 0.5
vt 0.625 0.25
vt 0.375 0.25
vt 0.125 0.5
vt 0.875 0.5
vt 0.875 0.5
vt 0.125 0.5
vt 0.625 0.25
vt 0.375 0.25
vt 0.625 0.25
vt 0.375 0.25
vt 0.375 0.5
vt 0.625 0.5
vt 0.125 0.75
vt 0.125 0.5
vt 0.625 0.25
vt 0.375 0.25
vt 0.375 0.25
vt 0.625 0.25
vt 0.37107324600219727 0.4609752297401428
vt 0.6321389675140381 0.46097517013549805
vt 0.625 0.5
vt 0.375 0.5
vt 0.375 0.625
vt 0.625 0.625
vt 0.625 0.75
vt 0.375 0.75
vt 0.3709894120693207 0.789024829864502
vt 0.6271880865097046 0.839360237121582
vt 0.625 1
vt 0.375 1
vt 0.375 0.75
vt 0.3750000298023224 0.625
vt 0.6966361999511719 0.624990701675415
vt 0.8750000596046448 0.6250000596046448
vt 0.875 0.75
vt 0.6889697909355164 0.7498217821121216
vt 0.1250000149011612 0.6250000596046448
vt 0.31780198216438293 0.6249275803565979
vt 0.3369266390800476 0.7496837377548218
vt 0.125 0.75
vt 0.375 0.75
vt 0.375 0.625
vt 0.375 0.5
vt 0.37107324600219727 0.4609752297401428
vt 0.3709894120693207 0.789024829864502
vt 0.29867732524871826 0.500171422958374
vt 0.29867732524871826 0.500171422958374
vt 0.31780198216438293 0.6249275803565979
vt 0.31780198216438293 0.6249275803565979
vt 0.29867732524871826 0.500171422958374
vt 0.29867732524871826 0.500171422958374
vt 0.31780198216438293 0.6249275803565979
vt 0.3709894120693207 0.789024829864502
vt 0.375 0.5
vt 0.37107324600219727 0.4609752297401428
vt 0.375 0.75
vt 0.3709894120693207 0.789024829864502
vt 0.3709894120693207 0.789024829864502
vt 0.375 0.75
vt 0.375 0.5
vt 0.37107324600219727 0.4609752297401428
vt 0.375 0.625
vt 0.29867732524871826 0.500171422958374
vt 0.31780198216438293 0.6249275803565979
vt 0.625 1
vt 0.375 1
vt 0.875 0.5
vt 0.875 0.5
vt 0.875 0.625
vt 0.125 0.75
vt 0.1249999850988388 0.6249999403953552
vt 0.625 0.25
vt 0.375 0.25
vt 0.375 0.25
vt 0.625 0.25
vt 0.375 0.6249999403953552
vt 0.375 0.75
vt 0.375 0.625
vt 0.875 0.5
vt 0.8749999403953552 0.625
vt 0.125 0.75
vt 0.125 0.625
vt 0.375 0.5
vt 0.37107324600219727 0.4609752297401428
vt 0.625 1
vt 0.375 1
vt 0.125 0.6249999403953552
vt 0.125 0.75
vt 0.125 0.75
vt 0.125 0.625
vt 0.875 0.6249999403953552
vt 0.875 0.5
vt 0.875 0.5
vt 0.875 0.625
vt 0.625 1
vt 0.375 1
vt 0.29867732524871826 0.500171422958374
vt 0.31780198216438293 0.6249275207519531
vt 0.3709894120693207 0.789024829864502
vt 0.375 0.5
vt 0.37107324600219727 0.4609752297401428
vt 0.31780198216438293 0.6249275207519531
vt 0.375 0.625
vt 0.375 0.75
vt 0.3369266390800476 0.7496837377548218
vt 0.375 0.125
vt 0.625 0.125
vt 0.625 0.25
vt 0.375 0.25
vt 0.375 0.5
vt 0.37107324600219727 0.4609752297401428
vt 0.625 1
vt 0.375 1
vt 0.29867732524871826 0.500171422958374
vt 0.3709894120693207 0.789024829864502
vt 0.37107324600219727 0.4609752297401428
vt 0.6321389675140381 0.46097517013549805
vt 0.625 0.5
vt 0.375 0.5
vt 0.375 0.625
vt 0.625 0.625
vt 0.625 0.75
vt 0.375 0.75
vt 0.3709894120693207 0.789024829864502
vt 0.6271880865097046 0.839360237121582
vt 0.625 1
vt 0.375 1
vt 0.375 0.75
vt 0.3750000298023224 0.625
vt 0.6966361999511719 0.624990701675415
vt 0.875 0.625
vt 0.875 0.75
vt 0.6889697909355164 0.7498217821121216
vt 0.125 0.5
vt 0.29867732524871826 0.500171422958374
vt 0.3369266390800476 0.7496837377548218
vt 0.125 0.75
vt 0.375 0.25
vt 0.625 0.25
vt 0.375 0.75
vt 0.3750000298023224 0.6250000596046448
vt 0.375 0.5
vt 0.37107324600219727 0.4609752297401428
vt 0.3709894120693207 0.789024829864502
vt 0.29867732524871826 0.500171422958374
vt 0.3369266390800476 0.7496837377548218
vt 0.29867732524871826 0.500171422958374
vt 0.3369266390800476 0.7496837377548218
vt 0.3709894120693207 0.789024829864502
vt 0.375 0.5
vt 0.37107324600219727 0.4609752297401428
vt 0.3369266390800476 0.7496837377548218
vt 0.375 0
vt 0.625 0
vt 0.125 0.5
vt 0.125 0.5
vt 0.875 0.75
vt 0.875 0.75
vt 0.3369266390800476 0.7496837377548218
vt 0.875 0.75
vt 0.125 0.5
vt 0.125 0.5
vt 0.875 0.75
vt 0.125 0.5
vt 0.3369266390800476 0.7496837377548218
vt 0.3369266390800476 0.7496837377548218
vt 0.3369266390800476 0.7496837377548218
vt 0.7043025493621826 0.5001596212387085
vt 0.7043025493621826 0.5001596212387085
vt 0.875 0.5
vt 0.37107324600219727 0.4609752297401428
vt 0.6321389675140381 0.46097517013549805
vt 0.625 0.5
vt 0.375 0.5
vt 0.375 0.625
vt 0.625 0.625
vt 0.625 0.75
vt 0.375 0.75
vt 0.3709894120693207 0.789024829864502
vt 0.6271880865097046 0.839360237121582
vt 0.625 1
vt 0.375 1
vt 0.375 0.75
vt 0.3750000298023224 0.625
vt 0.6966361999511719 0.624990701675415
vt 0.875 0.625
vt 0.875 0.75
vt 0.6889697909355164 0.7498217821121216
vt 0.125 0.5
vt 0.29867732524871826 0.500171422958374
vt 0.3369266390800476 0.7496837377548218
vt 0.125 0.75
vt 0.375 0.25
vt 0.625 0.25
vt 0.375 0.75
vt 0.3750000298023224 0.6250000596046448
vt 0.375 0.5
vt 0.37107324600219727 0.4609752297401428
vt 0.3709894120693207 0.789024829864502
vt 0.29867732524871826 0.500171422958374
vt 0.3369266390800476 0.7496837377548218
vt 0.29867732524871826 0.500171422958374
vt 0.3369266390800476 0.7496837377548218
vt 0.3709894120693207 0.789024829864502
vt 0.375 0.5
vt 0.37107324600219727 0.4609752297401428
vt 0.7043025493621826 0.5001596212387085
vt 0.875 0.5
vn 0.37107789128236585 0.9001515320191013 -0.2280973871071247
vn 0.7540437343701625 0.5961971935216597 -0.2756210316612224
vn 0.759926560528537 0.5479711700281428 -0.3496272578350492
vn 0.1472232858779254 0.9862799963539659 -0.07467980240551975
vn 0.7826154427534019 -0.5287834985050556 -0.32848299875739506
vn 0.8881190554546213 0.4585868394090827 0.03070267185733667
vn 0.9194884021776667 -0.39189956613365384 0.030916149906079514
vn 0.4608779766263668 -0.8354462558006236 -0.29936774096335933
vn 0.5168479718552028 -0.8555535002378998 0.02993964294779942
vn 0.39510009791579676 0.9183803189737497 0.02176010911281132
vn 0.7866532496717905 -0.2533672726171718 0.5630112698226809
vn 0.5115926215951401 -0.7735995699878854 0.373920706626379
vn 0.3866783060704804 0.875473849195185 0.2898713973296266
vn 0.7775749894143696 0.29063690187162966 0.5575906447455009
vn 0.7746468925948493 -0.5102255935157277 -0.3736201754652272
vn 0.4692016684088365 -0.7070985913322339 -0.5290192590996424
vn 0.4692016684088365 0.7070985913322339 -0.5290192590996424
vn 0.1853132510832234 -0.9745425754762638 -0.12619733577638328
vn 0 -1 0
vn 0 1 0
vn 0 -1 0
vn 0 1 0
vn 0.2827591902033195 0.9591838215531256 -0.003692807374443625
vn 0.10422250401981842 -0.6810017580930623 0.7248270656715279
vn 0.06671535000491483 0.6211608209174718 0.7808382013137258
vn -0.5130230670461143 0.7383747505700375 0.4377328641982837
vn -0.46749432770698923 -0.7776312259130589 0.42040305665723143
vn 0.5425936768598841 0.6657675316722382 -0.5121969304893647
vn 0.5973849900181473 -0.5931428161249267 -0.5397339839035608
vn 0.677093322366974 -0.7002877276102761 -0.22614537661532827
vn 0.6866726032196497 0.6874355494665362 -0.23645951306130775
vn 0.8448056514278156 0.5306091225365138 -0.06897369351176565
vn 0.8850578995922228 -0.4558658671228969 -0.09412133425367424
vn 0.06671535000491483 0.6211608209174718 0.7808382013137258
vn 0.10422250401981842 -0.6810017580930623 0.7248270656715279
vn -0.46749432770698923 -0.7776312259130589 0.42040305665723143
vn 0.10422250401981842 -0.6810017580930623 0.7248270656715279
vn -0.5130230670461143 0.7383747505700375 0.4377328641982837
vn 0.06671535000491483 0.6211608209174718 0.7808382013137258
vn 0.6364798624481803 -0.7382311794904659 0.2234012317022019
vn 0.6205406134564806 0.7574483495979022 0.20298114381012997
vn -0.6661489239112189 -0.7175437278695758 0.2034124130109996
vn -0.6720049958278107 0.7114664698558159 0.2054866123458356
vn -0.6720049958278107 0.7114664698558159 0.2054866123458356
vn -0.6661489239112189 -0.7175437278695758 0.2034124130109996
vn -0.6302310465968358 -0.6960924349572281 -0.3438955508592316
vn -0.114813193503551 -0.6788689037295526 -0.7252275106106715
vn 0.33916382466335365 -0.7252667255908809 0.599129432418745
vn -0.6290038068563965 0.6931554904021705 -0.35197965436298717
vn -0.6290038068563965 0.6931554904021705 -0.35197965436298717
vn -0.6302310465968358 -0.6960924349572281 -0.3438955508592316
vn -0.13113937114696794 0.6433671970367739 -0.7542420799134868
vn 0.3282000785547909 0.7617513490068601 0.5585871379855232
vn -0.11109071975850895 0.7751324544856519 0.6219554083586579
vn 0.4571442679605853 0.5821196202998999 -0.6724253608637029
vn -0.13113937114696794 0.6433671970367739 -0.7542420799134868
vn -0.114813193503551 -0.6788689037295526 -0.7252275106106715
vn -0.05969652072054215 -0.7353109513750666 0.6750956452249978
vn -0.3762082624450823 -0.8664357146423994 0.3282628453848638
vn -0.4693291492016795 0.8286048801082896 0.3051951873315745
vn 0.4571442679605853 0.5821196202998999 -0.6724253608637029
vn 0.4811603682285439 -0.6097973449575428 -0.6297871847925328
vn 0.4811603682285439 -0.6097973449575428 -0.6297871847925328
vn 0.7980805071750605 0.5977821165075999 -0.0756574203293551
vn -0.15393987268928752 0.5401324491909194 0.8273810808372555
vn 0.8591259902372399 -0.5062586663215074 -0.07486451544791271
vn 0.7980805071750605 0.5977821165075999 -0.0756574203293551
vn 0.8591259902372399 -0.5062586663215074 -0.07486451544791271
vn -0.15393987268928752 0.5401324491909194 0.8273810808372555
vn -0.14328670732814772 -0.5963107601249298 0.7898622644881106
vn -0.14328670732814772 -0.5963107601249298 0.7898622644881106
vn -0.15393987268928752 0.5401324491909194 0.8273810808372555
vn 0.3208762187079648 -0.9470639616382979 -0.010406960826823124
vn 0.3208762187079648 -0.9470639616382979 -0.010406960826823124
vn 0.5580148172591862 0.6469785309983629 -0.519652041414635
vn 0.15787617745790872 -0.9451817879368716 -0.28584348924496666
vn 0.6897624253531748 -0.7239438597746183 0.011536224058755009
vn 0.821901339675137 0.55898200641463 -0.10962346621453584
vn -0.3196030890008854 -0.30290877420910955 -0.8978307969813838
vn 0.298144328992385 0.4825427465384158 -0.8235669109749632
vn 0.7417676414713782 0.3262800920677682 -0.5859369143399631
vn 0.792127954574678 0 -0.6103550635337899
vn 0.9950229778349217 0 0.09964574040331592
vn 0.7368420208812291 0.671013357059365 0.08249188391343278
vn 0.585940569948932 0.3304632671884529 0.7399105875219342
vn 0.6303766179847229 0 0.7762894560008804
vn -0.5411028781046363 -0.29460046711582577 0.7876663253446958
vn 0.06289969526272789 0.47933167463878923 0.8753769325403942
vn -0.44375339077048237 0.5676930771027318 0.69340283990573
vn -0.5127038420302471 -0.6431459256829413 0.568768923768569
vn 0.5763652535319173 -0.2873433297710157 0.7650077812396381
vn 0.7651877822299008 -0.6379210003118669 0.08685882388792228
vn 0.3309175952399145 0.9420912009264221 0.054384871955759355
vn 0.13818848876306788 0.9894759921200241 0.042909236668500904
vn -0.44375339077048237 0.5676930771027318 0.69340283990573
vn 0.06289969526272789 0.47933167463878923 0.8753769325403942
vn -0.0656455803839553 -0.9931984201819672 -0.09616421332334579
vn -0.7413062637878074 -0.6574400790781253 -0.13504653157601065
vn -0.5411028781046363 -0.29460046711582577 0.7876663253446958
vn -0.5127038420302471 -0.6431459256829413 0.568768923768569
vn -0.47612679398266333 -0.5831569078466149 0.6582030817935791
vn 0.164865909041796 -0.985777264379379 0.03259473989051187
vn 0.7392360747592791 -0.28584285209621135 -0.6097736380657965
vn -0.42409606600599914 0.25871203609089055 -0.8678770703158027
vn -0.6296198600731576 0.24827714948535254 0.7361639008025898
vn -0.3196030890008854 -0.30290877420910955 -0.8978307969813838
vn -0.42409606600599914 0.25871203609089055 -0.8678770703158027
vn -0.7655855055059246 0.63535812537052 -0.10098953552173913
vn -0.1403254283477296 0.9896330874643369 -0.03057983575545658
vn 0.006103789764932325 0.9938495787198016 -0.11057015252308504
vn 0.5834659169934683 0.8052793661969017 0.10532172655481756
vn -0.15494297373884258 0.983614795474269 0.09216620320419185
vn -0.59509595811168 0.6085549783703793 0.5249015516644704
vn 0.6362962491348645 -0.5922874355881097 -0.49429007372327777
vn 0.006103789764932325 0.9938495787198016 -0.11057015252308504
vn -0.7177931614665205 -0.6946287485785672 0.047580237494902596
vn -0.7296590076288296 0.6753343776153732 0.10733690417078323
vn -0.7890079458059945 0.6048257434079113 -0.10794573435792752
vn -0.6316751982730788 -0.7707792966366355 -0.08298023718331982
vn 0.8414678304215558 -0.5333792597040581 -0.08624648214965626
vn 0.5834659169934683 0.8052793661969017 0.10532172655481756
vn 0.22993014718802954 -0.9687951331574266 -0.09256412579706703
vn 0.5714390876780447 0.815316922656556 0.09335783150613229
vn -0.20047895375792502 0.9791392826935927 -0.033082535972996534
vn -0.7195800969756724 0.6832928821310635 0.12375508581673042
vn -0.7126243493661036 -0.6896738632132093 0.12851653236492544
vn 0.5580148172591862 0.6469785309983629 -0.519652041414635
vn 0.821901339675137 0.55898200641463 -0.10962346621453584
vn 0.1552792624583337 0.9840151967464397 -0.08719199058664642
vn -0.7126243493661036 -0.6896738632132093 0.12851653236492544
vn 0.01956279959248282 -0.9998085630497047 0.00036623024014613876
vn 0.7479030629634771 0.6506079017460301 0.13172079029324577
vn 0.6581750238216186 -0.7450018510032763 0.10852594168724657
vn 0.6389787745486885 -0.7213498649931519 0.2671338577391833
vn 0.7232088705996178 0.6204819316168464 0.3032673771163863
vn 0.2807496717168191 -0.9587118133202968 0.04529106789430725
vn -0.5501134509366463 -0.7370146383817554 -0.39266348685558267
vn 0.2554799470519207 -0.9607278631320542 0.10831421723884999
vn 0.7479030629634771 0.6506079017460301 0.13172079029324577
vn 0.23548292897782414 0.9708635337490853 0.04440483077620913
vn -0.7307081827229471 -0.672234433410698 -0.11902276353171189
vn 0 -0.9999944668487716 -0.0033266006434561042
vn 0.7645153003957226 -0.6310227049235253 0.13163092847745125
vn 0.5714390876780447 0.815316922656556 0.09335783150613229
vn -0.6521032702410314 0.7512295730873801 -0.10205612896786219
vn -0.7307081827229471 -0.672234433410698 -0.11902276353171189
vn -0.001129216821532212 -0.9999977957633588 0.0017701236661856294
vn -0.6236970307046461 -0.6461289136246167 -0.43990844600721246
vn 0.06274785200281316 -0.5843546212229909 -0.8090688374448542
vn 0.5127587237498904 -0.7085720405747179 -0.4847722707974994
vn 0.23621585411658003 0.9651279063442805 0.11282816430076635
vn 0.7232088705996178 0.6204819316168464 0.3032673771163863
vn 0.8735147999163755 0.4735633230589942 -0.11273718721157254
vn 0.6594417997959598 0.6548332686099868 -0.36922879492724575
vn -0.5411685847727719 0.7327383539713792 -0.41259067788105575
vn -0.6236970307046461 -0.6461289136246167 -0.43990844600721246
vn 0.5705943578223119 0.7840789135693076 0.24421780466894283
vn -0.1729791923725433 0.9831553777136152 -0.05902289622630771
vn -0.6982199658754096 0.5742812134943771 -0.4274224690869298
vn 0.7297487417170225 -0.6133478303744946 0.30211125920316634
vn 0.5705943578223119 0.7840789135693076 0.24421780466894283
vn 0.414821915099481 0.7231000068682051 -0.5523125553709608
vn 0.6561713276330121 -0.6524479312766578 -0.379144940313253
vn 0.08798602394274341 -0.6473671605823179 -0.7570827028735597
vn 0.0021668182197839662 0.563464263972205 -0.8261375963633806
vn 0.5127587237498904 -0.7085720405747179 -0.4847722707974994
vn 0.6594417997959598 0.6548332686099868 -0.36922879492724575
vn 0.8735147999163755 0.4735633230589942 -0.11273718721157254
vn 0.7913601404895557 -0.5997002273555285 -0.1187803239348922
vn 0.8698490170483246 -0.48152684236824 -0.10721281462090212
vn 0.7453070921560291 0.6485615008719157 -0.15454875595970488
vn 0.08670513603667448 0.6646172906622321 -0.7421361575463465
vn 0.06274785200281316 -0.5843546212229909 -0.8090688374448542
vn 0.7453070921560291 0.6485615008719157 -0.15454875595970488
vn 0.0021668182197839662 0.563464263972205 -0.8261375963633806
vn -0.1309580710078343 -0.33595583230272114 -0.932729147384005
vn 0.31663782770978416 0.4735986439416268 -0.8218544947372871
vn 0.7764136253820008 0.33348549542006783 -0.5347609808742688
vn 0.8338208481733981 0 -0.552035137605746
vn 0.9977762364203507 0 0.06665269713102948
vn 0.7572510923148112 0.6505852419094554 0.05752935074933893
vn 0.677338877931262 0.33613634918922647 0.654388568968436
vn 0.7314245725968697 0 0.6819223523257515
vn -0.31987264544162675 -0.3084889417001244 0.8958326091111624
vn 0.13849430135503843 0.49339736669925854 0.8587073814905851
vn 0.0783728912558933 0.5901161239059697 0.8035052272526833
vn -0.20069190351492971 -0.6778539918790711 0.7072741516252111
vn 0.6494164571382416 -0.28275971803896943 0.7059073643563558
vn 0.7265667648606862 -0.6869835869766234 0.012421248914993254
vn 0.32212648774803926 0.9466948083466441 0.0018616499733371693
vn 0.2769590223720965 0.9588427807392869 -0.06256374150292163
vn 0.0783728912558933 0.5901161239059697 0.8035052272526833
vn 0.13849430135503843 0.49339736669925854 0.8587073814905851
vn -0.0043642387943584535 -0.6313802101173198 -0.775461142606098
vn -0.1309580710078343 -0.33595583230272114 -0.932729147384005
vn -0.31987264544162675 -0.3084889417001244 0.8958326091111624
vn -0.20069190351492971 -0.6778539918790711 0.7072741516252111
vn -0.0043642387943584535 -0.6313802101173198 -0.775461142606098
vn 0.24555447351928109 0.49950160641329333 -0.8307834529678645
vn 0.11664500998746746 -0.5618309880795469 0.81898710763881
vn 0.3387623471733946 -0.9373340474490572 -0.08151659726915089
vn 0.7482918603595999 -0.2551681591197245 -0.6123303865488141
vn -0.21033938533424043 0.26991314769622937 -0.9396298397123877
vn -0.38390123697301953 0.2297486784871132 0.8943351636741175
vn -0.21033938533424043 0.26991314769622937 -0.9396298397123877
vn -0.38390123697301953 0.2297486784871132 0.8943351636741175
vn -0.04901354691321247 0.5775419405049365 -0.8148883231319362
vn -0.2265420346132525 0.5219652833574402 0.822332627057248
vn -0.2265420346132525 0.5219652833574402 0.822332627057248
vn 0.2630427338301852 -0.45988991002968854 -0.8481213302541254
vn -0.04901354691321247 0.5775419405049365 -0.8148883231319362
vn -0.6982199658754096 0.5742812134943771 -0.4274224690869298
vn 0.06274785200281316 -0.5843546212229909 -0.8090688374448542
vn 0.08670513603667448 0.6646172906622321 -0.7421361575463465
vn 0.6581750238216186 -0.7450018510032763 0.10852594168724657
vn 0.6389787745486885 -0.7213498649931519 0.2671338577391833
vn -0.6521032702410314 0.7512295730873801 -0.10205612896786219
vn -0.5411685847727719 0.7327383539713792 -0.41259067788105575
vn -0.7890079458059945 0.6048257434079113 -0.10794573435792752
vn 0.08670513603667448 0.6646172906622321 -0.7421361575463465
vn 0.7913601404895557 -0.5997002273555285 -0.1187803239348922
vn 0.6897624253531748 -0.7239438597746183 0.011536224058755009
vn -0.7195800969756724 0.6832928821310635 0.12375508581673042
vn 0.15787617745790872 -0.9451817879368716 -0.28584348924496666
vn -0.7296590076288296 0.6753343776153732 0.10733690417078323
vn -0.6296198600731576 0.24827714948535254 0.7361639008025898
vn -0.59509595811168 0.6085549783703793 0.5249015516644704
vn 0.298144328992385 0.4825427465384158 -0.8235669109749632
vn 0.31663782770978416 0.4735986439416268 -0.8218544947372871
vn 0.24555447351928109 0.49950160641329333 -0.8307834529678645
vn -0.2562424473948353 -0.3102621381646522 -0.9154655721405385
vn 0.2462644420772079 0.48560088726965595 -0.8387762531517714
vn 0.7225083818241611 0.3271338728953089 -0.6090690169417159
vn 0.7714957310378706 0 -0.6362344984283244
vn 0.9977762364203507 0 0.06665269713102948
vn 0.7422890952630494 0.6675474780533638 0.05820020273295615
vn 0.610785920225702 0.3313497414688565 0.7191299663361028
vn 0.6557388445664517 0 0.754987793097779
vn -0.41558317334883627 -0.3099248618627572 0.855124088088192
vn 0.11203689538652177 0.5050358554006787 0.8557958394569666
vn 0.12720329965636126 0.5635032897081067 0.8162618226063716
vn -0.1457904760356571 -0.6660216497178038 0.7315465119898197
vn 0.623089666519074 -0.2677796150054228 0.7348832187937732
vn 0.7267933674965833 -0.6868432590659002 -0.004211702590312032
vn 0.30583076828113187 0.9520397874270153 -0.0093693291380012
vn 0.28034680227272274 0.9585382714095725 -0.05108867485664453
vn 0.12720329965636126 0.5635032897081067 0.8162618226063716
vn 0.11203689538652177 0.5050358554006787 0.8557958394569666
vn -0.028199270006375895 -0.6367724759983613 -0.7705359271195755
vn -0.2562424473948353 -0.3102621381646522 -0.9154655721405385
vn -0.41558317334883627 -0.3099248618627572 0.855124088088192
vn -0.1457904760356571 -0.6660216497178038 0.7315465119898197
vn -0.028199270006375895 -0.6367724759983613 -0.7705359271195755
vn 0.2174194909584399 0.4933139648413419 -0.8422411157405509
vn 0.13843340215881464 -0.4983724191664395 0.8558394271012095
vn 0.33525349022282697 -0.9396864051580037 -0.06778316350423026
vn 0.7099053278895389 -0.24744906513788134 -0.6593962280726475
vn -0.3039737129984677 0.30559125408507987 -0.9023380559594244
vn -0.4370410948651415 0.30843137109864754 0.8449054211693084
vn -0.3039737129984677 0.30559125408507987 -0.9023380559594244
vn -0.4370410948651415 0.30843137109864754 0.8449054211693084
vn -0.10095809144012344 0.644202948141868 -0.7581622685006776
vn -0.20148724962552272 0.5900261827071994 0.7818388529347419
vn -0.20148724962552272 0.5900261827071994 0.7818388529347419
vn 0.2210520466206928 -0.4184210135144174 -0.8809425907142704
vn -0.10095809144012344 0.644202948141868 -0.7581622685006776
vn 0.2462644420772079 0.48560088726965595 -0.8387762531517714
vn 0.2174194909584399 0.4933139648413419 -0.8422411157405509
vn -0.37107789128236585 0.9001515320191013 -0.2280973871071247
vn -0.7540437343701625 0.5961971935216597 -0.2756210316612224
vn -0.759926560528537 0.5479711700281428 -0.3496272578350492
vn -0.1472232858779254 0.9862799963539659 -0.07467980240551975
vn -0.7826154427534019 -0.5287834985050556 -0.32848299875739506
vn -0.8881190554546213 0.4585868394090827 0.03070267185733667
vn -0.9194884021776667 -0.39189956613365384 0.030916149906079514
vn -0.4608779766263668 -0.8354462558006236 -0.29936774096335933
vn -0.5168479718552028 -0.8555535002378998 0.02993964294779942
vn -0.39510009791579676 0.9183803189737497 0.02176010911281132
vn -0.7866532496717905 -0.2533672726171718 0.5630112698226809
vn -0.5115926215951401 -0.7735995699878854 0.373920706626379
vn -0.3866783060704804 0.875473849195185 0.2898713973296266
vn -0.7775749894143696 0.29063690187162966 0.5575906447455009
vn -0.7746468925948493 -0.5102255935157277 -0.3736201754652272
vn -0.4692016684088365 -0.7070985913322339 -0.5290192590996424
vn -0.4692016684088365 0.7070985913322339 -0.5290192590996424
vn -0.1853132510832234 -0.9745425754762638 -0.12619733577638328
vn 0 -1 0
vn 0 1 0
vn 0 -1 0
vn 0 1 0
vn -0.2827591902033195 0.9591838215531256 -0.003692807374443625
vn -0.10422250401981842 -0.6810017580930623 0.7248270656715279
vn -0.06671535000491483 0.6211608209174718 0.7808382013137258
vn 0.5130230670461143 0.7383747505700375 0.4377328641982837
vn 0.46749432770698923 -0.7776312259130589 0.42040305665723143
vn -0.5425936768598841 0.6657675316722382 -0.5121969304893647
vn -0.5973849900181473 -0.5931428161249267 -0.5397339839035608
vn -0.677093322366974 -0.7002877276102761 -0.22614537661532827
vn -0.6866726032196497 0.6874355494665362 -0.23645951306130775
vn -0.8448056514278156 0.5306091225365138 -0.06897369351176565
vn -0.8850578995922228 -0.4558658671228969 -0.09412133425367424
vn -0.06671535000491483 0.6211608209174718 0.7808382013137258
vn -0.10422250401981842 -0.6810017580930623 0.7248270656715279
vn 0.46749432770698923 -0.7776312259130589 0.42040305665723143
vn -0.10422250401981842 -0.6810017580930623 0.7248270656715279
vn 0.5130230670461143 0.7383747505700375 0.4377328641982837
vn -0.06671535000491483 0.6211608209174718 0.7808382013137258
vn -0.6364798624481803 -0.7382311794904659 0.2234012317022019
vn -0.6205406134564806 0.7574483495979022 0.20298114381012997
vn 0.6661489239112189 -0.7175437278695758 0.2034124130109996
vn 0.6720049958278107 0.7114664698558159 0.2054866123458356
vn 0.6720049958278107 0.7114664698558159 0.2054866123458356
vn 0.6661489239112189 -0.7175437278695758 0.2034124130109996
vn 0.6302310465968358 -0.6960924349572281 -0.3438955508592316
vn 0.114813193503551 -0.6788689037295526 -0.7252275106106715
vn -0.33916382466335365 -0.7252667255908809 0.599129432418745
vn 0.6290038068563965 0.6931554904021705 -0.35197965436298717
vn 0.6290038068563965 0.6931554904021705 -0.35197965436298717
vn 0.6302310465968358 -0.6960924349572281 -0.3438955508592316
vn 0.13113937114696794 0.6433671970367739 -0.7542420799134868
vn -0.3282000785547909 0.7617513490068601 0.5585871379855232
vn 0.11109071975850895 0.7751324544856519 0.6219554083586579
vn -0.4571442679605853 0.5821196202998999 -0.6724253608637029
vn 0.13113937114696794 0.6433671970367739 -0.7542420799134868
vn 0.114813193503551 -0.6788689037295526 -0.7252275106106715
vn 0.05969652072054215 -0.7353109513750666 0.6750956452249978
vn 0.3762082624450823 -0.8664357146423994 0.3282628453848638
vn 0.4693291492016795 0.8286048801082896 0.3051951873315745
vn -0.4571442679605853 0.5821196202998999 -0.6724253608637029
vn -0.4811603682285439 -0.6097973449575428 -0.6297871847925328
vn -0.4811603682285439 -0.6097973449575428 -0.6297871847925328
vn -0.7980805071750605 0.5977821165075999 -0.0756574203293551
vn 0.15393987268928752 0.5401324491909194 0.8273810808372555
vn -0.8591259902372399 -0.5062586663215074 -0.07486451544791271
vn -0.7980805071750605 0.5977821165075999 -0.0756574203293551
vn -0.8591259902372399 -0.5062586663215074 -0.07486451544791271
vn 0.15393987268928752 0.5401324491909194 0.8273810808372555
vn 0.14328670732814772 -0.5963107601249298 0.7898622644881106
vn 0.14328670732814772 -0.5963107601249298 0.7898622644881106
vn 0.15393987268928752 0.5401324491909194 0.8273810808372555
vn -0.3208762187079648 -0.9470639616382979 -0.010406960826823124
vn -0.3208762187079648 -0.9470639616382979 -0.010406960826823124
vn -0.5580148172591862 0.6469785309983629 -0.519652041414635
vn -0.15787617745790872 -0.9451817879368716 -0.28584348924496666
vn -0.6897624253531748 -0.7239438597746183 0.011536224058755009
vn -0.821901339675137 0.55898200641463 -0.10962346621453584
vn 0.3196030890008854 -0.30290877420910955 -0.8978307969813838
vn -0.298144328992385 0.4825427465384158 -0.8235669109749632
vn -0.7417676414713782 0.3262800920677682 -0.5859369143399631
vn -0.792127954574678 0 -0.6103550635337899
vn -0.9950229778349217 0 0.09964574040331592
vn -0.7368420208812291 0.671013357059365 0.08249188391343278
vn -0.585940569948932 0.3304632671884529 0.7399105875219342
vn -0.6303766179847229 0 0.7762894560008804
vn 0.5411028781046363 -0.29460046711582577 0.7876663253446958
vn -0.06289969526272789 0.47933167463878923 0.8753769325403942
vn 0.44375339077048237 0.5676930771027318 0.69340283990573
vn 0.5127038420302471 -0.6431459256829413 0.568768923768569
vn -0.5763652535319173 -0.2873433297710157 0.7650077812396381
vn -0.7651877822299008 -0.6379210003118669 0.08685882388792228
vn -0.3309175952399145 0.9420912009264221 0.054384871955759355
vn -0.13818848876306788 0.9894759921200241 0.042909236668500904
vn 0.44375339077048237 0.5676930771027318 0.69340283990573
vn -0.06289969526272789 0.47933167463878923 0.8753769325403942
vn 0.0656455803839553 -0.9931984201819672 -0.09616421332334579
vn 0.7413062637878074 -0.6574400790781253 -0.13504653157601065
vn 0.5411028781046363 -0.29460046711582577 0.7876663253446958
vn 0.5127038420302471 -0.6431459256829413 0.568768923768569
vn 0.47612679398266333 -0.5831569078466149 0.6582030817935791
vn -0.164865909041796 -0.985777264379379 0.03259473989051187
vn -0.7392360747592791 -0.28584285209621135 -0.6097736380657965
vn 0.42409606600599914 0.25871203609089055 -0.8678770703158027
vn 0.6296198600731576 0.24827714948535254 0.7361639008025898
vn 0.3196030890008854 -0.30290877420910955 -0.8978307969813838
vn 0.42409606600599914 0.25871203609089055 -0.8678770703158027
vn 0.7655855055059246 0.63535812537052 -0.10098953552173913
vn 0.1403254283477296 0.9896330874643369 -0.03057983575545658
vn -0.006103789764932325 0.9938495787198016 -0.11057015252308504
vn -0.5834659169934683 0.8052793661969017 0.10532172655481756
vn 0.15494297373884258 0.983614795474269 0.09216620320419185
vn 0.59509595811168 0.6085549783703793 0.5249015516644704
vn -0.6362962491348645 -0.5922874355881097 -0.49429007372327777
vn -0.006103789764932325 0.9938495787198016 -0.11057015252308504
vn 0.7177931614665205 -0.6946287485785672 0.047580237494902596
vn 0.7296590076288296 0.6753343776153732 0.10733690417078323
vn 0.7890079458059945 0.6048257434079113 -0.10794573435792752
vn 0.6316751982730788 -0.7707792966366355 -0.08298023718331982
vn -0.8414678304215558 -0.5333792597040581 -0.08624648214965626
vn -0.5834659169934683 0.8052793661969017 0.10532172655481756
vn -0.22993014718802954 -0.9687951331574266 -0.09256412579706703
vn -0.5714390876780447 0.815316922656556 0.09335783150613229
vn 0.20047895375792502 0.9791392826935927 -0.033082535972996534
vn 0.7195800969756724 0.6832928821310635 0.12375508581673042
vn 0.7126243493661036 -0.6896738632132093 0.12851653236492544
vn -0.5580148172591862 0.6469785309983629 -0.519652041414635
vn -0.821901339675137 0.55898200641463 -0.10962346621453584
vn -0.1552792624583337 0.9840151967464397 -0.08719199058664642
vn 0.7126243493661036 -0.6896738632132093 0.12851653236492544
vn -0.01956279959248282 -0.9998085630497047 0.00036623024014613876
vn -0.7479030629634771 0.6506079017460301 0.13172079029324577
vn -0.6581750238216186 -0.7450018510032763 0.10852594168724657
vn -0.6389787745486885 -0.7213498649931519 0.2671338577391833
vn -0.7232088705996178 0.6204819316168464 0.3032673771163863
vn -0.2807496717168191 -0.9587118133202968 0.04529106789430725
vn 0.5501134509366463 -0.7370146383817554 -0.39266348685558267
vn -0.2554799470519207 -0.9607278631320542 0.10831421723884999
vn -0.7479030629634771 0.6506079017460301 0.13172079029324577
vn -0.23548292897782414 0.9708635337490853 0.04440483077620913
vn 0.7307081827229471 -0.672234433410698 -0.11902276353171189
vn 0 -0.9999944668487716 -0.0033266006434561042
vn -0.7645153003957226 -0.6310227049235253 0.13163092847745125
vn -0.5714390876780447 0.815316922656556 0.09335783150613229
vn 0.6521032702410314 0.7512295730873801 -0.10205612896786219
vn 0.7307081827229471 -0.672234433410698 -0.11902276353171189
vn 0.001129216821532212 -0.9999977957633588 0.0017701236661856294
vn 0.6236970307046461 -0.6461289136246167 -0.43990844600721246
vn -0.06274785200281316 -0.5843546212229909 -0.8090688374448542
vn -0.5127587237498904 -0.7085720405747179 -0.4847722707974994
vn -0.23621585411658003 0.9651279063442805 0.11282816430076635
vn -0.7232088705996178 0.6204819316168464 0.3032673771163863
vn -0.8735147999163755 0.4735633230589942 -0.11273718721157254
vn -0.6594417997959598 0.6548332686099868 -0.36922879492724575
vn 0.5411685847727719 0.7327383539713792 -0.41259067788105575
vn 0.6236970307046461 -0.6461289136246167 -0.43990844600721246
vn -0.5705943578223119 0.7840789135693076 0.24421780466894283
vn 0.1729791923725433 0.9831553777136152 -0.05902289622630771
vn 0.6982199658754096 0.5742812134943771 -0.4274224690869298
vn -0.7297487417170225 -0.6133478303744946 0.30211125920316634
vn -0.5705943578223119 0.7840789135693076 0.24421780466894283
vn -0.414821915099481 0.7231000068682051 -0.5523125553709608
vn -0.6561713276330121 -0.6524479312766578 -0.379144940313253
vn -0.08798602394274341 -0.6473671605823179 -0.7570827028735597
vn -0.0021668182197839662 0.563464263972205 -0.8261375963633806
vn -0.5127587237498904 -0.7085720405747179 -0.4847722707974994
vn -0.6594417997959598 0.6548332686099868 -0.36922879492724575
vn -0.8735147999163755 0.4735633230589942 -0.11273718721157254
vn -0.7913601404895557 -0.5997002273555285 -0.1187803239348922
vn -0.8698490170483246 -0.48152684236824 -0.10721281462090212
vn -0.7453070921560291 0.6485615008719157 -0.15454875595970488
vn -0.08670513603667448 0.6646172906622321 -0.7421361575463465
vn -0.06274785200281316 -0.5843546212229909 -0.8090688374448542
vn -0.7453070921560291 0.6485615008719157 -0.15454875595970488
vn -0.0021668182197839662 0.563464263972205 -0.8261375963633806
vn 0.1309580710078343 -0.33595583230272114 -0.932729147384005
vn -0.31663782770978416 0.4735986439416268 -0.8218544947372871
vn -0.7764136253820008 0.33348549542006783 -0.5347609808742688
vn -0.8338208481733981 0 -0.552035137605746
vn -0.9977762364203507 0 0.06665269713102948
vn -0.7572510923148112 0.6505852419094554 0.05752935074933893
vn -0.677338877931262 0.33613634918922647 0.654388568968436
vn -0.7314245725968697 0 0.6819223523257515
vn 0.31987264544162675 -0.3084889417001244 0.8958326091111624
vn -0.13849430135503843 0.49339736669925854 0.8587073814905851
vn -0.0783728912558933 0.5901161239059697 0.8035052272526833
vn 0.20069190351492971 -0.6778539918790711 0.7072741516252111
vn -0.6494164571382416 -0.28275971803896943 0.7059073643563558
vn -0.7265667648606862 -0.6869835869766234 0.012421248914993254
vn -0.32212648774803926 0.9466948083466441 0.0018616499733371693
vn -0.2769590223720965 0.9588427807392869 -0.06256374150292163
vn -0.0783728912558933 0.5901161239059697 0.8035052272526833
vn -0.13849430135503843 0.49339736669925854 0.8587073814905851
vn 0.0043642387943584535 -0.6313802101173198 -0.775461142606098
vn 0.1309580710078343 -0.33595583230272114 -0.932729147384005
vn 0.31987264544162675 -0.3084889417001244 0.8958326091111624
vn 0.20069190351492971 -0.6778539918790711 0.7072741516252111
vn 0.0043642387943584535 -0.6313802101173198 -0.775461142606098
vn -0.24555447351928109 0.49950160641329333 -0.8307834529678645
vn -0.11664500998746746 -0.5618309880795469 0.81898710763881
vn -0.3387623471733946 -0.9373340474490572 -0.08151659726915089
vn -0.7482918603595999 -0.2551681591197245 -0.6123303865488141
vn 0.21033938533424043 0.26991314769622937 -0.9396298397123877
vn 0.38390123697301953 0.2297486784871132 0.8943351636741175
vn 0.21033938533424043 0.26991314769622937 -0.9396298397123877
vn 0.38390123697301953 0.2297486784871132 0.8943351636741175
vn 0.04901354691321247 0.5775419405049365 -0.8148883231319362
vn 0.2265420346132525 0.5219652833574402 0.822332627057248
vn 0.2265420346132525 0.5219652833574402 0.822332627057248
vn -0.2630427338301852 -0.45988991002968854 -0.8481213302541254
vn 0.04901354691321247 0.5775419405049365 -0.8148883231319362
vn 0.6982199658754096 0.5742812134943771 -0.4274224690869298
vn -0.06274785200281316 -0.5843546212229909 -0.8090688374448542
vn -0.08670513603667448 0.6646172906622321 -0.7421361575463465
vn -0.6581750238216186 -0.7450018510032763 0.10852594168724657
vn -0.6389787745486885 -0.7213498649931519 0.2671338577391833
vn 0.6521032702410314 0.7512295730873801 -0.10205612896786219
vn 0.5411685847727719 0.7327383539713792 -0.41259067788105575
vn 0.7890079458059945 0.6048257434079113 -0.10794573435792752
vn -0.08670513603667448 0.6646172906622321 -0.7421361575463465
vn -0.7913601404895557 -0.5997002273555285 -0.1187803239348922
vn -0.6897624253531748 -0.7239438597746183 0.011536224058755009
vn 0.7195800969756724 0.6832928821310635 0.12375508581673042
vn -0.15787617745790872 -0.9451817879368716 -0.28584348924496666
vn 0.7296590076288296 0.6753343776153732 0.10733690417078323
vn 0.6296198600731576 0.24827714948535254 0.7361639008025898
vn 0.59509595811168 0.6085549783703793 0.5249015516644704
vn -0.298144328992385 0.4825427465384158 -0.8235669109749632
vn -0.31663782770978416 0.4735986439416268 -0.8218544947372871
vn -0.24555447351928109 0.49950160641329333 -0.8307834529678645
vn 0.2562424473948353 -0.3102621381646522 -0.9154655721405385
vn -0.2462644420772079 0.48560088726965595 -0.8387762531517714
vn -0.7225083818241611 0.3271338728953089 -0.6090690169417159
vn -0.7714957310378706 0 -0.6362344984283244
vn -0.9977762364203507 0 0.06665269713102948
vn -0.7422890952630494 0.6675474780533638 0.05820020273295615
vn -0.610785920225702 0.3313497414688565 0.7191299663361028
vn -0.6557388445664517 0 0.754987793097779
vn 0.41558317334883627 -0.3099248618627572 0.855124088088192
vn -0.11203689538652177 0.5050358554006787 0.8557958394569666
vn -0.12720329965636126 0.5635032897081067 0.8162618226063716
vn 0.1457904760356571 -0.6660216497178038 0.7315465119898197
vn -0.623089666519074 -0.2677796150054228 0.7348832187937732
vn -0.7267933674965833 -0.6868432590659002 -0.004211702590312032
vn -0.30583076828113187 0.9520397874270153 -0.0093693291380012
vn -0.28034680227272274 0.9585382714095725 -0.05108867485664453
vn -0.12720329965636126 0.5635032897081067 0.8162618226063716
vn -0.11203689538652177 0.5050358554006787 0.8557958394569666
vn 0.028199270006375895 -0.6367724759983613 -0.7705359271195755
vn 0.2562424473948353 -0.3102621381646522 -0.9154655721405385
vn 0.41558317334883627 -0.3099248618627572 0.855124088088192
vn 0.1457904760356571 -0.6660216497178038 0.7315465119898197
vn 0.028199270006375895 -0.6367724759983613 -0.7705359271195755
vn -0.2174194909584399 0.4933139648413419 -0.8422411157405509
vn -0.13843340215881464 -0.4983724191664395 0.8558394271012095
vn -0.33525349022282697 -0.9396864051580037 -0.06778316350423026
vn -0.7099053278895389 -0.24744906513788134 -0.6593962280726475
vn 0.3039737129984677 0.30559125408507987 -0.9023380559594244
vn 0.4370410948651415 0.30843137109864754 0.8449054211693084
vn 0.3039737129984677 0.30559125408507987 -0.9023380559594244
vn 0.4370410948651415 0.30843137109864754 0.8449054211693084
vn 0.10095809144012344 0.644202948141868 -0.7581622685006776
vn 0.20148724962552272 0.5900261827071994 0.7818388529347419
vn 0.20148724962552272 0.5900261827071994 0.7818388529347419
vn -0.2210520466206928 -0.4184210135144174 -0.8809425907142704
vn 0.10095809144012344 0.644202948141868 -0.7581622685006776
vn -0.2462644420772079 0.48560088726965595 -0.8387762531517714
vn -0.2174194909584399 0.4933139648413419 -0.8422411157405509
f 1885/1885/1885 1886/1886/1886 1887/1887/1887
f 1885/1885/1885 1887/1887/1887 1888/1888/1888
f 1889/1889/1889 1886/1886/1886 1890/1890/1890
f 1889/1889/1889 1890/1890/1890 1891/1891/1891
f 1892/1892/1892 1889/1889/1889 1891/1891/1891
f 1892/1892/1892 1891/1891/1891 1893/1893/1893
f 1886/1886/1886 1885/1885/1885 1894/1894/1894
f 1886/1886/1886 1894/1894/1894 1890/1890/1890
f 1893/1893/1893 1891/1891/1891 1895/1895/1895
f 1893/1893/1893 1895/1895/1895 1896/1896/1896
f 1890/1890/1890 1894/1894/1894 1897/1897/1897
f 1890/1890/1890 1897/1897/1897 1898/1898/1898
f 1891/1891/1891 1890/1890/1890 1898/1898/1898
f 1891/1891/1891 1898/1898/1898 1895/1895/1895
f 1887/1887/1887 1899/1899/1899 1900/1900/1900
f 1887/1887/1887 1900/1900/1900 1901/1901/1901
f 1886/1886/1886 1889/1889/1889 1899/1899/1899
f 1886/1886/1886 1899/1899/1899 1887/1887/1887
f 1889/1889/1889 1892/1892/1892 1902/1902/1902
f 1889/1889/1889 1902/1902/1902 1899/1899/1899
f 1903/1903/1903 1904/1904/1904 1901/1901/1901
f 1903/1903/1903 1901/1901/1901 1900/1900/1900
f 1899/1899/1899 1902/1902/1902 1905/1905/1905
f 1899/1899/1899 1905/1905/1905 1900/1900/1900
f 1888/1888/1888 1887/1887/1887 1901/1901/1901
f 1888/1888/1888 1901/1901/1901 1906/1906/1906
f 1897/1897/1897 1894/1894/1894 1907/1907/1907
f 1894/1894/1894 1885/1885/1885 1907/1907/1907
f 1908/1908/1908 1909/1909/1909 1910/1910/1910
f 1908/1908/1908 1910/1910/1910 1911/1911/1911
f 1912/1912/1912 1913/1913/1913 1914/1914/1914
f 1912/1912/1912 1914/1914/1914 1915/1915/1915
f 1913/1913/1913 1912/1912/1912 1916/1916/1916
f 1913/1913/1913 1916/1916/1916 1917/1917/1917
f 1917/1917/1917 1916/1916/1916 1918/1918/1918
f 1917/1917/1917 1918/1918/1918 1919/1919/1919
f 1920/1920/1920 1913/1913/1913 1917/1917/1917
f 1920/1920/1920 1917/1917/1917 1921/1921/1921
f 1912/1912/1912 1922/1922/1922 1923/1923/1923
f 1912/1912/1912 1923/1923/1923 1916/1916/1916
f 1915/1915/1915 1914/1914/1914 1924/1924/1924
f 1915/1915/1915 1924/1924/1924 1925/1925/1925
f 1913/1913/1913 1920/1920/1920 1926/1926/1926
f 1913/1913/1913 1926/1926/1926 1914/1914/1914
f 1922/1922/1922 1912/1912/1912 1915/1915/1915
f 1922/1922/1922 1915/1915/1915 1927/1927/1927
f 1911/1911/1911 1910/1910/1910 1928/1928/1928
f 1911/1911/1911 1928/1928/1928 1929/1929/1929
f 1924/1924/1924 1930/1930/1930 1931/1931/1931
f 1924/1924/1924 1931/1931/1931 1932/1932/1932
f 1914/1914/1914 1926/1926/1926 1930/1930/1930
f 1914/1914/1914 1930/1930/1930 1924/1924/1924
f 1927/1927/1927 1915/1915/1915 1925/1925/1925
f 1927/1927/1927 1925/1925/1925 1933/1933/1933
f 1929/1929/1929 1928/1928/1928 1934/1934/1934
f 1929/1929/1929 1934/1934/1934 1935/1935/1935
f 1936/1936/1936 1937/1937/1937 1938/1938/1938
f 1936/1936/1936 1938/1938/1938 1939/1939/1939
f 1933/1933/1933 1925/1925/1925 1937/1937/1937
f 1933/1933/1933 1937/1937/1937 1936/1936/1936
f 1935/1935/1935 1934/1934/1934 1940/1940/1940
f 1935/1935/1935 1940/1940/1940 1941/1941/1941
f 1925/1925/1925 1924/1924/1924 1932/1932/1932
f 1925/1925/1925 1932/1932/1932 1937/1937/1937
f 1938/1938/1938 1942/1942/1942 1943/1943/1943
f 1938/1938/1938 1943/1943/1943 1944/1944/1944
f 1941/1941/1941 1940/1940/1940 1945/1945/1945
f 1941/1941/1941 1945/1945/1945 1946/1946/1946
f 1937/1937/1937 1932/1932/1932 1942/1942/1942
f 1937/1937/1937 1942/1942/1942 1938/1938/1938
f 1932/1932/1932 1931/1931/1931 1947/1947/1947
f 1932/1932/1932 1947/1947/1947 1942/1942/1942
f 1948/1948/1948 1944/1944/1944 1949/1949/1949
f 1942/1942/1942 1947/1947/1947 1950/1950/1950
f 1942/1942/1942 1950/1950/1950 1943/1943/1943
f 1939/1939/1939 1938/1938/1938 1944/1944/1944
f 1939/1939/1939 1944/1944/1944 1948/1948/1948
f 1946/1946/1946 1945/1945/1945 1951/1951/1951
f 1946/1946/1946 1951/1951/1951 1952/1952/1952
f 1952/1952/1952 1951/1951/1951 1953/1953/1953
f 1952/1952/1952 1953/1953/1953 1954/1954/1954
f 1944/1944/1944 1943/1943/1943 1955/1955/1955
f 1944/1944/1944 1955/1955/1955 1956/1956/1956
f 1943/1943/1943 1950/1950/1950 1955/1955/1955
f 1893/1893/1893 1896/1896/1896 1957/1957/1957
f 1892/1892/1892 1893/1893/1893 1958/1958/1958
f 1959/1959/1959 1960/1960/1960 1961/1961/1961
f 1959/1959/1959 1961/1961/1961 1962/1962/1962
f 1963/1963/1963 1964/1964/1964 1965/1965/1965
f 1963/1963/1963 1965/1965/1965 1966/1966/1966
f 1967/1967/1967 1968/1968/1968 1969/1969/1969
f 1967/1967/1967 1969/1969/1969 1970/1970/1970
f 1971/1971/1971 1972/1972/1972 1973/1973/1973
f 1971/1971/1971 1973/1973/1973 1974/1974/1974
f 1967/1967/1967 1970/1970/1970 1975/1975/1975
f 1967/1967/1967 1975/1975/1975 1976/1976/1976
f 1977/1977/1977 1978/1978/1978 1979/1979/1979
f 1977/1977/1977 1979/1979/1979 1980/1980/1980
f 1968/1968/1968 1977/1977/1977 1980/1980/1980
f 1968/1968/1968 1980/1980/1980 1969/1969/1969
f 1981/1981/1981 1982/1982/1982 1983/1983/1983
f 1981/1981/1981 1983/1983/1983 1984/1984/1984
f 1970/1970/1970 1969/1969/1969 1972/1972/1972
f 1970/1970/1970 1972/1972/1972 1971/1971/1971
f 1960/1960/1960 1959/1959/1959 1964/1964/1964
f 1960/1960/1960 1964/1964/1964 1963/1963/1963
f 1976/1976/1976 1975/1975/1975 1985/1985/1985
f 1976/1976/1976 1985/1985/1985 1986/1986/1986
f 1963/1963/1963 1966/1966/1966 1987/1987/1987
f 1963/1963/1963 1987/1987/1987 1988/1988/1988
f 1970/1970/1970 1971/1971/1971 1989/1989/1989
f 1970/1970/1970 1989/1989/1989 1975/1975/1975
f 1982/1982/1982 1990/1990/1990 1991/1991/1991
f 1982/1982/1982 1991/1991/1991 1992/1992/1992
f 1993/1993/1993 1994/1994/1994 1995/1995/1995
f 1993/1993/1993 1995/1995/1995 1996/1996/1996
f 1992/1992/1992 1991/1991/1991 1994/1994/1994
f 1992/1992/1992 1994/1994/1994 1993/1993/1993
f 1975/1975/1975 1989/1989/1989 1997/1997/1997
f 1975/1975/1975 1997/1997/1997 1985/1985/1985
f 1988/1988/1988 1987/1987/1987 1998/1998/1998
f 1988/1988/1988 1998/1998/1998 1999/1999/1999
f 2000/2000/2000 2001/2001/2001 2002/2002/2002
f 2000/2000/2000 2002/2002/2002 2003/2003/2003
f 1985/1985/1985 1997/1997/1997 2001/2001/2001
f 1985/1985/1985 2001/2001/2001 2000/2000/2000
f 1999/1999/1999 1998/1998/1998 2004/2004/2004
f 1999/1999/1999 2004/2004/2004 2005/2005/2005
f 1986/1986/1986 1985/1985/1985 2000/2000/2000
f 1986/1986/1986 2000/2000/2000 2006/2006/2006
f 1996/1996/1996 1995/1995/1995 2007/2007/2007
f 1996/1996/1996 2007/2007/2007 2008/2008/2008
f 1974/1974/1974 1973/1973/1973 2009/2009/2009
f 1974/1974/1974 2009/2009/2009 2010/2010/2010
f 1978/1978/1978 2011/2011/2011 2012/2012/2012
f 1978/1978/1978 2012/2012/2012 2013/2013/2013
f 1981/1981/1981 1984/1984/1984 2014/2014/2014
f 1981/1981/1981 2014/2014/2014 2015/2015/2015
f 2016/2016/2016 2017/2017/2017 2018/2018/2018
f 2016/2016/2016 2018/2018/2018 2019/2019/2019
f 2020/2020/2020 2003/2003/2003 2021/2021/2021
f 2020/2020/2020 2021/2021/2021 2022/2022/2022
f 2013/2013/2013 2012/2012/2012 2023/2023/2023
f 2013/2013/2013 2023/2023/2023 2024/2024/2024
f 2015/2015/2015 2014/2014/2014 2025/2025/2025
f 2015/2015/2015 2025/2025/2025 2026/2026/2026
f 2005/2005/2005 2004/2004/2004 2027/2027/2027
f 2005/2005/2005 2027/2027/2027 2028/2028/2028
f 1962/1962/1962 1961/1961/1961 2017/2017/2017
f 1962/1962/1962 2017/2017/2017 2016/2016/2016
f 2006/2006/2006 2000/2000/2000 2003/2003/2003
f 2006/2006/2006 2003/2003/2003 2020/2020/2020
f 2010/2010/2010 2009/2009/2009 2029/2029/2029
f 2010/2010/2010 2029/2029/2029 2030/2030/2030
f 2031/2031/2031 2032/2032/2032 2033/2033/2033
f 2031/2031/2031 2033/2033/2033 2034/2034/2034
f 2035/2035/2035 2036/2036/2036 2037/2037/2037
f 2035/2035/2035 2037/2037/2037 2038/2038/2038
f 2030/2030/2030 2029/2029/2029 2039/2039/2039
f 2030/2030/2030 2039/2039/2039 2040/2040/2040
f 2008/2008/2008 2007/2007/2007 2041/2041/2041
f 2008/2008/2008 2041/2041/2041 2042/2042/2042
f 2003/2003/2003 2002/2002/2002 2043/2043/2043
f 2003/2003/2003 2043/2043/2043 2021/2021/2021
f 2024/2024/2024 2023/2023/2023 2036/2036/2036
f 2024/2024/2024 2036/2036/2036 2035/2035/2035
f 2026/2026/2026 2025/2025/2025 2032/2032/2032
f 2026/2026/2026 2032/2032/2032 2031/2031/2031
f 2028/2028/2028 2027/2027/2027 2044/2044/2044
f 2028/2028/2028 2044/2044/2044 2045/2045/2045
f 2046/2046/2046 2047/2047/2047 2048/2048/2048
f 2046/2046/2046 2048/2048/2048 2049/2049/2049
f 2050/2050/2050 2051/2051/2051 2052/2052/2052
f 2050/2050/2050 2052/2052/2052 2053/2053/2053
f 2045/2045/2045 2044/2044/2044 2054/2054/2054
f 2045/2045/2045 2054/2054/2054 2055/2055/2055
f 2022/2022/2022 2021/2021/2021 2048/2048/2048
f 2022/2022/2022 2048/2048/2048 2047/2047/2047
f 2019/2019/2019 2018/2018/2018 2053/2053/2053
f 2019/2019/2019 2053/2053/2053 2052/2052/2052
f 2040/2040/2040 2039/2039/2039 2056/2056/2056
f 2040/2040/2040 2056/2056/2056 2057/2057/2057
f 2042/2042/2042 2041/2041/2041 2058/2058/2058
f 2042/2042/2042 2058/2058/2058 2046/2046/2046
f 2021/2021/2021 2043/2043/2043 2059/2059/2059
f 2021/2021/2021 2059/2059/2059 2048/2048/2048
f 2060/2060/2060 2061/2061/2061 2062/2062/2062
f 2060/2060/2060 2062/2062/2062 2063/2063/2063
f 2064/2064/2064 2065/2065/2065 2066/2066/2066
f 2064/2064/2064 2066/2066/2066 2067/2067/2067
f 2068/2068/2068 2069/2069/2069 2070/2070/2070
f 2068/2068/2068 2070/2070/2070 2071/2071/2071
f 2064/2064/2064 2067/2067/2067 2072/2072/2072
f 2064/2064/2064 2072/2072/2072 2073/2073/2073
f 2074/2074/2074 2075/2075/2075 2076/2076/2076
f 2074/2074/2074 2076/2076/2076 2077/2077/2077
f 2065/2065/2065 2074/2074/2074 2077/2077/2077
f 2065/2065/2065 2077/2077/2077 2066/2066/2066
f 2078/2078/2078 2079/2079/2079 2080/2080/2080
f 2078/2078/2078 2080/2080/2080 2081/2081/2081
f 2067/2067/2067 2066/2066/2066 2069/2069/2069
f 2067/2067/2067 2069/2069/2069 2068/2068/2068
f 2082/2082/2082 2083/2083/2083 2061/2061/2061
f 2082/2082/2082 2061/2061/2061 2060/2060/2060
f 2073/2073/2073 2072/2072/2072 2084/2084/2084
f 2073/2073/2073 2084/2084/2084 2085/2085/2085
f 2060/2060/2060 2063/2063/2063 2086/2086/2086
f 2060/2060/2060 2086/2086/2086 2087/2087/2087
f 2067/2067/2067 2068/2068/2068 2088/2088/2088
f 2067/2067/2067 2088/2088/2088 2072/2072/2072
f 2080/2080/2080 2079/2079/2079 2089/2089/2089
f 2080/2080/2080 2089/2089/2089 2090/2090/2090
f 2090/2090/2090 2089/2089/2089 2091/2091/2091
f 2090/2090/2090 2091/2091/2091 2092/2092/2092
f 2072/2072/2072 2088/2088/2088 2093/2093/2093
f 2072/2072/2072 2093/2093/2093 2084/2084/2084
f 2087/2087/2087 2086/2086/2086 2094/2094/2094
f 2087/2087/2087 2094/2094/2094 2095/2095/2095
f 2096/2096/2096 2042/2042/2042 2046/2046/2046
f 2096/2096/2096 2046/2046/2046 2049/2049/2049
f 2044/2044/2044 2022/2022/2022 2047/2047/2047
f 2044/2044/2044 2047/2047/2047 2054/2054/2054
f 2097/2097/2097 2098/2098/2098 2051/2051/2051
f 2097/2097/2097 2051/2051/2051 2050/2050/2050
f 2058/2058/2058 2054/2054/2054 2047/2047/2047
f 2058/2058/2058 2047/2047/2047 2046/2046/2046
f 2099/2099/2099 2026/2026/2026 2031/2031/2031
f 2099/2099/2099 2031/2031/2031 2100/2100/2100
f 2101/2101/2101 2024/2024/2024 2035/2035/2035
f 2101/2101/2101 2035/2035/2035 2102/2102/2102
f 2103/2103/2103 2008/2008/2008 2042/2042/2042
f 2103/2103/2103 2042/2042/2042 2096/2096/2096
f 2102/2102/2102 2035/2035/2035 2038/2038/2038
f 2102/2102/2102 2038/2038/2038 2104/2104/2104
f 2100/2100/2100 2031/2031/2031 2034/2034/2034
f 2100/2100/2100 2034/2034/2034 2105/2105/2105
f 2004/2004/2004 2006/2006/2006 2020/2020/2020
f 2004/2004/2004 2020/2020/2020 2027/2027/2027
f 2106/2106/2106 2015/2015/2015 2026/2026/2026
f 2106/2106/2106 2026/2026/2026 2099/2099/2099
f 2107/2107/2107 2013/2013/2013 2024/2024/2024
f 2107/2107/2107 2024/2024/2024 2101/2101/2101
f 2027/2027/2027 2020/2020/2020 2022/2022/2022
f 2027/2027/2027 2022/2022/2022 2044/2044/2044
f 2108/2108/2108 1981/1981/1981 2015/2015/2015
f 2108/2108/2108 2015/2015/2015 2106/2106/2106
f 1979/1979/1979 1978/1978/1978 2013/2013/2013
f 1979/1979/1979 2013/2013/2013 2107/2107/2107
f 2109/2109/2109 1996/1996/1996 2008/2008/2008
f 2109/2109/2109 2008/2008/2008 2103/2103/2103
f 1998/1998/1998 1986/1986/1986 2006/2006/2006
f 1998/1998/1998 2006/2006/2006 2004/2004/2004
f 2110/2110/2110 1992/1992/1992 1993/1993/1993
f 2110/2110/2110 1993/1993/1993 2111/2111/2111
f 2111/2111/2111 1993/1993/1993 1996/1996/1996
f 2111/2111/2111 1996/1996/1996 2109/2109/2109
f 1983/1983/1983 1982/1982/1982 1992/1992/1992
f 1983/1983/1983 1992/1992/1992 2110/2110/2110
f 1987/1987/1987 1976/1976/1976 1986/1986/1986
f 1987/1987/1987 1986/1986/1986 1998/1998/1998
f 2108/2108/2108 1990/1990/1990 1982/1982/1982
f 2108/2108/2108 1982/1982/1982 1981/1981/1981
f 1965/1965/1965 2112/2112/2112 1977/1977/1977
f 1965/1965/1965 1977/1977/1977 1968/1968/1968
f 2112/2112/2112 2011/2011/2011 1978/1978/1978
f 2112/2112/2112 1978/1978/1978 1977/1977/1977
f 1966/1966/1966 1967/1967/1967 1976/1976/1976
f 1966/1966/1966 1976/1976/1976 1987/1987/1987
f 1966/1966/1966 1965/1965/1965 1968/1968/1968
f 1966/1966/1966 1968/1968/1968 1967/1967/1967
f 2086/2086/2086 2073/2073/2073 2085/2085/2085
f 2086/2086/2086 2085/2085/2085 2094/2094/2094
f 2062/2062/2062 2113/2113/2113 2074/2074/2074
f 2062/2062/2062 2074/2074/2074 2065/2065/2065
f 2113/2113/2113 2114/2114/2114 2075/2075/2075
f 2113/2113/2113 2075/2075/2075 2074/2074/2074
f 2063/2063/2063 2064/2064/2064 2073/2073/2073
f 2063/2063/2063 2073/2073/2073 2086/2086/2086
f 2063/2063/2063 2062/2062/2062 2065/2065/2065
f 2063/2063/2063 2065/2065/2065 2064/2064/2064
f 2115/2115/2115 2116/2116/2116 2117/2117/2117
f 2115/2115/2115 2117/2117/2117 2118/2118/2118
f 2119/2119/2119 2120/2120/2120 2121/2121/2121
f 2119/2119/2119 2121/2121/2121 2122/2122/2122
f 2123/2123/2123 2124/2124/2124 2125/2125/2125
f 2123/2123/2123 2125/2125/2125 2126/2126/2126
f 2119/2119/2119 2122/2122/2122 2127/2127/2127
f 2119/2119/2119 2127/2127/2127 2128/2128/2128
f 2129/2129/2129 2130/2130/2130 2131/2131/2131
f 2129/2129/2129 2131/2131/2131 2132/2132/2132
f 2120/2120/2120 2129/2129/2129 2132/2132/2132
f 2120/2120/2120 2132/2132/2132 2121/2121/2121
f 2133/2133/2133 2134/2134/2134 2135/2135/2135
f 2133/2133/2133 2135/2135/2135 2136/2136/2136
f 2122/2122/2122 2121/2121/2121 2124/2124/2124
f 2122/2122/2122 2124/2124/2124 2123/2123/2123
f 2137/2137/2137 2138/2138/2138 2116/2116/2116
f 2137/2137/2137 2116/2116/2116 2115/2115/2115
f 2128/2128/2128 2127/2127/2127 2139/2139/2139
f 2128/2128/2128 2139/2139/2139 2140/2140/2140
f 2115/2115/2115 2118/2118/2118 2141/2141/2141
f 2115/2115/2115 2141/2141/2141 2142/2142/2142
f 2122/2122/2122 2123/2123/2123 2143/2143/2143
f 2122/2122/2122 2143/2143/2143 2127/2127/2127
f 2135/2135/2135 2134/2134/2134 2144/2144/2144
f 2135/2135/2135 2144/2144/2144 2145/2145/2145
f 2145/2145/2145 2144/2144/2144 2146/2146/2146
f 2145/2145/2145 2146/2146/2146 2147/2147/2147
f 2127/2127/2127 2143/2143/2143 2148/2148/2148
f 2127/2127/2127 2148/2148/2148 2139/2139/2139
f 2142/2142/2142 2141/2141/2141 2149/2149/2149
f 2142/2142/2142 2149/2149/2149 2150/2150/2150
f 2141/2141/2141 2128/2128/2128 2140/2140/2140
f 2141/2141/2141 2140/2140/2140 2149/2149/2149
f 2117/2117/2117 2151/2151/2151 2129/2129/2129
f 2117/2117/2117 2129/2129/2129 2120/2120/2120
f 2151/2151/2151 2152/2152/2152 2130/2130/2130
f 2151/2151/2151 2130/2130/2130 2129/2129/2129
f 2118/2118/2118 2119/2119/2119 2128/2128/2128
f 2118/2118/2118 2128/2128/2128 2141/2141/2141
f 2118/2118/2118 2117/2117/2117 2120/2120/2120
f 2118/2118/2118 2120/2120/2120 2119/2119/2119
f 2155/2155/2155 2154/2154/2154 2153/2153/2153
f 2156/2156/2156 2155/2155/2155 2153/2153/2153
f 2158/2158/2158 2154/2154/2154 2157/2157/2157
f 2159/2159/2159 2158/2158/2158 2157/2157/2157
f 2159/2159/2159 2157/2157/2157 2160/2160/2160
f 2161/2161/2161 2159/2159/2159 2160/2160/2160
f 2162/2162/2162 2153/2153/2153 2154/2154/2154
f 2158/2158/2158 2162/2162/2162 2154/2154/2154
f 2163/2163/2163 2159/2159/2159 2161/2161/2161
f 2164/2164/2164 2163/2163/2163 2161/2161/2161
f 2165/2165/2165 2162/2162/2162 2158/2158/2158
f 2166/2166/2166 2165/2165/2165 2158/2158/2158
f 2166/2166/2166 2158/2158/2158 2159/2159/2159
f 2163/2163/2163 2166/2166/2166 2159/2159/2159
f 2168/2168/2168 2167/2167/2167 2155/2155/2155
f 2169/2169/2169 2168/2168/2168 2155/2155/2155
f 2167/2167/2167 2157/2157/2157 2154/2154/2154
f 2155/2155/2155 2167/2167/2167 2154/2154/2154
f 2170/2170/2170 2160/2160/2160 2157/2157/2157
f 2167/2167/2167 2170/2170/2170 2157/2157/2157
f 2169/2169/2169 2172/2172/2172 2171/2171/2171
f 2168/2168/2168 2169/2169/2169 2171/2171/2171
f 2173/2173/2173 2170/2170/2170 2167/2167/2167
f 2168/2168/2168 2173/2173/2173 2167/2167/2167
f 2169/2169/2169 2155/2155/2155 2156/2156/2156
f 2174/2174/2174 2169/2169/2169 2156/2156/2156
f 2175/2175/2175 2162/2162/2162 2165/2165/2165
f 2175/2175/2175 2153/2153/2153 2162/2162/2162
f 2178/2178/2178 2177/2177/2177 2176/2176/2176
f 2179/2179/2179 2178/2178/2178 2176/2176/2176
f 2182/2182/2182 2181/2181/2181 2180/2180/2180
f 2183/2183/2183 2182/2182/2182 2180/2180/2180
f 2184/2184/2184 2180/2180/2180 2181/2181/2181
f 2185/2185/2185 2184/2184/2184 2181/2181/2181
f 2186/2186/2186 2184/2184/2184 2185/2185/2185
f 2187/2187/2187 2186/2186/2186 2185/2185/2185
f 2185/2185/2185 2181/2181/2181 2188/2188/2188
f 2189/2189/2189 2185/2185/2185 2188/2188/2188
f 2191/2191/2191 2190/2190/2190 2180/2180/2180
f 2184/2184/2184 2191/2191/2191 2180/2180/2180
f 2192/2192/2192 2182/2182/2182 2183/2183/2183
f 2193/2193/2193 2192/2192/2192 2183/2183/2183
f 2194/2194/2194 2188/2188/2188 2181/2181/2181
f 2182/2182/2182 2194/2194/2194 2181/2181/2181
f 2183/2183/2183 2180/2180/2180 2190/2190/2190
f 2195/2195/2195 2183/2183/2183 2190/2190/2190
f 2196/2196/2196 2178/2178/2178 2179/2179/2179
f 2197/2197/2197 2196/2196/2196 2179/2179/2179
f 2199/2199/2199 2198/2198/2198 2192/2192/2192
f 2200/2200/2200 2199/2199/2199 2192/2192/2192
f 2198/2198/2198 2194/2194/2194 2182/2182/2182
f 2192/2192/2192 2198/2198/2198 2182/2182/2182
f 2193/2193/2193 2183/2183/2183 2195/2195/2195
f 2201/2201/2201 2193/2193/2193 2195/2195/2195
f 2202/2202/2202 2196/2196/2196 2197/2197/2197
f 2203/2203/2203 2202/2202/2202 2197/2197/2197
f 2206/2206/2206 2205/2205/2205 2204/2204/2204
f 2207/2207/2207 2206/2206/2206 2204/2204/2204
f 2205/2205/2205 2193/2193/2193 2201/2201/2201
f 2204/2204/2204 2205/2205/2205 2201/2201/2201
f 2208/2208/2208 2202/2202/2202 2203/2203/2203
f 2209/2209/2209 2208/2208/2208 2203/2203/2203
f 2200/2200/2200 2192/2192/2192 2193/2193/2193
f 2205/2205/2205 2200/2200/2200 2193/2193/2193
f 2211/2211/2211 2210/2210/2210 2206/2206/2206
f 2212/2212/2212 2211/2211/2211 2206/2206/2206
f 2213/2213/2213 2208/2208/2208 2209/2209/2209
f 2214/2214/2214 2213/2213/2213 2209/2209/2209
f 2210/2210/2210 2200/2200/2200 2205/2205/2205
f 2206/2206/2206 2210/2210/2210 2205/2205/2205
f 2215/2215/2215 2199/2199/2199 2200/2200/2200
f 2210/2210/2210 2215/2215/2215 2200/2200/2200
f 2217/2217/2217 2212/2212/2212 2216/2216/2216
f 2218/2218/2218 2215/2215/2215 2210/2210/2210
f 2211/2211/2211 2218/2218/2218 2210/2210/2210
f 2212/2212/2212 2206/2206/2206 2207/2207/2207
f 2216/2216/2216 2212/2212/2212 2207/2207/2207
f 2219/2219/2219 2213/2213/2213 2214/2214/2214
f 2220/2220/2220 2219/2219/2219 2214/2214/2214
f 2221/2221/2221 2219/2219/2219 2220/2220/2220
f 2222/2222/2222 2221/2221/2221 2220/2220/2220
f 2223/2223/2223 2211/2211/2211 2212/2212/2212
f 2224/2224/2224 2223/2223/2223 2212/2212/2212
f 2223/2223/2223 2218/2218/2218 2211/2211/2211
f 2225/2225/2225 2164/2164/2164 2161/2161/2161
f 2226/2226/2226 2161/2161/2161 2160/2160/2160
f 2229/2229/2229 2228/2228/2228 2227/2227/2227
f 2230/2230/2230 2229/2229/2229 2227/2227/2227
f 2233/2233/2233 2232/2232/2232 2231/2231/2231
f 2234/2234/2234 2233/2233/2233 2231/2231/2231
f 2237/2237/2237 2236/2236/2236 2235/2235/2235
f 2238/2238/2238 2237/2237/2237 2235/2235/2235
f 2241/2241/2241 2240/2240/2240 2239/2239/2239
f 2242/2242/2242 2241/2241/2241 2239/2239/2239
f 2243/2243/2243 2238/2238/2238 2235/2235/2235
f 2244/2244/2244 2243/2243/2243 2235/2235/2235
f 2247/2247/2247 2246/2246/2246 2245/2245/2245
f 2248/2248/2248 2247/2247/2247 2245/2245/2245
f 2248/2248/2248 2245/2245/2245 2236/2236/2236
f 2237/2237/2237 2248/2248/2248 2236/2236/2236
f 2251/2251/2251 2250/2250/2250 2249/2249/2249
f 2252/2252/2252 2251/2251/2251 2249/2249/2249
f 2240/2240/2240 2237/2237/2237 2238/2238/2238
f 2239/2239/2239 2240/2240/2240 2238/2238/2238
f 2232/2232/2232 2227/2227/2227 2228/2228/2228
f 2231/2231/2231 2232/2232/2232 2228/2228/2228
f 2253/2253/2253 2243/2243/2243 2244/2244/2244
f 2254/2254/2254 2253/2253/2253 2244/2244/2244
f 2255/2255/2255 2234/2234/2234 2231/2231/2231
f 2256/2256/2256 2255/2255/2255 2231/2231/2231
f 2257/2257/2257 2239/2239/2239 2238/2238/2238
f 2243/2243/2243 2257/2257/2257 2238/2238/2238
f 2259/2259/2259 2258/2258/2258 2250/2250/2250
f 2260/2260/2260 2259/2259/2259 2250/2250/2250
f 2263/2263/2263 2262/2262/2262 2261/2261/2261
f 2264/2264/2264 2263/2263/2263 2261/2261/2261
f 2262/2262/2262 2259/2259/2259 2260/2260/2260
f 2261/2261/2261 2262/2262/2262 2260/2260/2260
f 2265/2265/2265 2257/2257/2257 2243/2243/2243
f 2253/2253/2253 2265/2265/2265 2243/2243/2243
f 2266/2266/2266 2255/2255/2255 2256/2256/2256
f 2267/2267/2267 2266/2266/2266 2256/2256/2256
f 2270/2270/2270 2269/2269/2269 2268/2268/2268
f 2271/2271/2271 2270/2270/2270 2268/2268/2268
f 2269/2269/2269 2265/2265/2265 2253/2253/2253
f 2268/2268/2268 2269/2269/2269 2253/2253/2253
f 2272/2272/2272 2266/2266/2266 2267/2267/2267
f 2273/2273/2273 2272/2272/2272 2267/2267/2267
f 2268/2268/2268 2253/2253/2253 2254/2254/2254
f 2274/2274/2274 2268/2268/2268 2254/2254/2254
f 2275/2275/2275 2263/2263/2263 2264/2264/2264
f 2276/2276/2276 2275/2275/2275 2264/2264/2264
f 2277/2277/2277 2241/2241/2241 2242/2242/2242
f 2278/2278/2278 2277/2277/2277 2242/2242/2242
f 2280/2280/2280 2279/2279/2279 2246/2246/2246
f 2281/2281/2281 2280/2280/2280 2246/2246/2246
f 2282/2282/2282 2252/2252/2252 2249/2249/2249
f 2283/2283/2283 2282/2282/2282 2249/2249/2249
f 2286/2286/2286 2285/2285/2285 2284/2284/2284
f 2287/2287/2287 2286/2286/2286 2284/2284/2284
f 2289/2289/2289 2271/2271/2271 2288/2288/2288
f 2290/2290/2290 2289/2289/2289 2288/2288/2288
f 2291/2291/2291 2280/2280/2280 2281/2281/2281
f 2292/2292/2292 2291/2291/2291 2281/2281/2281
f 2293/2293/2293 2282/2282/2282 2283/2283/2283
f 2294/2294/2294 2293/2293/2293 2283/2283/2283
f 2295/2295/2295 2272/2272/2272 2273/2273/2273
f 2296/2296/2296 2295/2295/2295 2273/2273/2273
f 2285/2285/2285 2229/2229/2229 2230/2230/2230
f 2284/2284/2284 2285/2285/2285 2230/2230/2230
f 2271/2271/2271 2268/2268/2268 2274/2274/2274
f 2288/2288/2288 2271/2271/2271 2274/2274/2274
f 2297/2297/2297 2277/2277/2277 2278/2278/2278
f 2298/2298/2298 2297/2297/2297 2278/2278/2278
f 2301/2301/2301 2300/2300/2300 2299/2299/2299
f 2302/2302/2302 2301/2301/2301 2299/2299/2299
f 2305/2305/2305 2304/2304/2304 2303/2303/2303
f 2306/2306/2306 2305/2305/2305 2303/2303/2303
f 2307/2307/2307 2297/2297/2297 2298/2298/2298
f 2308/2308/2308 2307/2307/2307 2298/2298/2298
f 2309/2309/2309 2275/2275/2275 2276/2276/2276
f 2310/2310/2310 2309/2309/2309 2276/2276/2276
f 2311/2311/2311 2270/2270/2270 2271/2271/2271
f 2289/2289/2289 2311/2311/2311 2271/2271/2271
f 2304/2304/2304 2291/2291/2291 2292/2292/2292
f 2303/2303/2303 2304/2304/2304 2292/2292/2292
f 2300/2300/2300 2293/2293/2293 2294/2294/2294
f 2299/2299/2299 2300/2300/2300 2294/2294/2294
f 2312/2312/2312 2295/2295/2295 2296/2296/2296
f 2313/2313/2313 2312/2312/2312 2296/2296/2296
f 2316/2316/2316 2315/2315/2315 2314/2314/2314
f 2317/2317/2317 2316/2316/2316 2314/2314/2314
f 2320/2320/2320 2319/2319/2319 2318/2318/2318
f 2321/2321/2321 2320/2320/2320 2318/2318/2318
f 2322/2322/2322 2312/2312/2312 2313/2313/2313
f 2323/2323/2323 2322/2322/2322 2313/2313/2313
f 2316/2316/2316 2289/2289/2289 2290/2290/2290
f 2315/2315/2315 2316/2316/2316 2290/2290/2290
f 2321/2321/2321 2286/2286/2286 2287/2287/2287
f 2320/2320/2320 2321/2321/2321 2287/2287/2287
f 2324/2324/2324 2307/2307/2307 2308/2308/2308
f 2325/2325/2325 2324/2324/2324 2308/2308/2308
f 2326/2326/2326 2309/2309/2309 2310/2310/2310
f 2314/2314/2314 2326/2326/2326 2310/2310/2310
f 2327/2327/2327 2311/2311/2311 2289/2289/2289
f 2316/2316/2316 2327/2327/2327 2289/2289/2289
f 2330/2330/2330 2329/2329/2329 2328/2328/2328
f 2331/2331/2331 2330/2330/2330 2328/2328/2328
f 2334/2334/2334 2333/2333/2333 2332/2332/2332
f 2335/2335/2335 2334/2334/2334 2332/2332/2332
f 2338/2338/2338 2337/2337/2337 2336/2336/2336
f 2339/2339/2339 2338/2338/2338 2336/2336/2336
f 2340/2340/2340 2335/2335/2335 2332/2332/2332
f 2341/2341/2341 2340/2340/2340 2332/2332/2332
f 2344/2344/2344 2343/2343/2343 2342/2342/2342
f 2345/2345/2345 2344/2344/2344 2342/2342/2342
f 2345/2345/2345 2342/2342/2342 2333/2333/2333
f 2334/2334/2334 2345/2345/2345 2333/2333/2333
f 2348/2348/2348 2347/2347/2347 2346/2346/2346
f 2349/2349/2349 2348/2348/2348 2346/2346/2346
f 2337/2337/2337 2334/2334/2334 2335/2335/2335
f 2336/2336/2336 2337/2337/2337 2335/2335/2335
f 2329/2329/2329 2351/2351/2351 2350/2350/2350
f 2328/2328/2328 2329/2329/2329 2350/2350/2350
f 2352/2352/2352 2340/2340/2340 2341/2341/2341
f 2353/2353/2353 2352/2352/2352 2341/2341/2341
f 2354/2354/2354 2331/2331/2331 2328/2328/2328
f 2355/2355/2355 2354/2354/2354 2328/2328/2328
f 2356/2356/2356 2336/2336/2336 2335/2335/2335
f 2340/2340/2340 2356/2356/2356 2335/2335/2335
f 2357/2357/2357 2347/2347/2347 2348/2348/2348
f 2358/2358/2358 2357/2357/2357 2348/2348/2348
f 2359/2359/2359 2357/2357/2357 2358/2358/2358
f 2360/2360/2360 2359/2359/2359 2358/2358/2358
f 2361/2361/2361 2356/2356/2356 2340/2340/2340
f 2352/2352/2352 2361/2361/2361 2340/2340/2340
f 2362/2362/2362 2354/2354/2354 2355/2355/2355
f 2363/2363/2363 2362/2362/2362 2355/2355/2355
f 2314/2314/2314 2310/2310/2310 2364/2364/2364
f 2317/2317/2317 2314/2314/2314 2364/2364/2364
f 2315/2315/2315 2290/2290/2290 2312/2312/2312
f 2322/2322/2322 2315/2315/2315 2312/2312/2312
f 2319/2319/2319 2366/2366/2366 2365/2365/2365
f 2318/2318/2318 2319/2319/2319 2365/2365/2365
f 2315/2315/2315 2322/2322/2322 2326/2326/2326
f 2314/2314/2314 2315/2315/2315 2326/2326/2326
f 2299/2299/2299 2294/2294/2294 2367/2367/2367
f 2368/2368/2368 2299/2299/2299 2367/2367/2367
f 2303/2303/2303 2292/2292/2292 2369/2369/2369
f 2370/2370/2370 2303/2303/2303 2369/2369/2369
f 2310/2310/2310 2276/2276/2276 2371/2371/2371
f 2364/2364/2364 2310/2310/2310 2371/2371/2371
f 2306/2306/2306 2303/2303/2303 2370/2370/2370
f 2372/2372/2372 2306/2306/2306 2370/2370/2370
f 2302/2302/2302 2299/2299/2299 2368/2368/2368
f 2373/2373/2373 2302/2302/2302 2368/2368/2368
f 2288/2288/2288 2274/2274/2274 2272/2272/2272
f 2295/2295/2295 2288/2288/2288 2272/2272/2272
f 2294/2294/2294 2283/2283/2283 2374/2374/2374
f 2367/2367/2367 2294/2294/2294 2374/2374/2374
f 2292/2292/2292 2281/2281/2281 2375/2375/2375
f 2369/2369/2369 2292/2292/2292 2375/2375/2375
f 2290/2290/2290 2288/2288/2288 2295/2295/2295
f 2312/2312/2312 2290/2290/2290 2295/2295/2295
f 2283/2283/2283 2249/2249/2249 2376/2376/2376
f 2374/2374/2374 2283/2283/2283 2376/2376/2376
f 2281/2281/2281 2246/2246/2246 2247/2247/2247
f 2375/2375/2375 2281/2281/2281 2247/2247/2247
f 2276/2276/2276 2264/2264/2264 2377/2377/2377
f 2371/2371/2371 2276/2276/2276 2377/2377/2377
f 2274/2274/2274 2254/2254/2254 2266/2266/2266
f 2272/2272/2272 2274/2274/2274 2266/2266/2266
f 2261/2261/2261 2260/2260/2260 2378/2378/2378
f 2379/2379/2379 2261/2261/2261 2378/2378/2378
f 2264/2264/2264 2261/2261/2261 2379/2379/2379
f 2377/2377/2377 2264/2264/2264 2379/2379/2379
f 2260/2260/2260 2250/2250/2250 2251/2251/2251
f 2378/2378/2378 2260/2260/2260 2251/2251/2251
f 2254/2254/2254 2244/2244/2244 2255/2255/2255
f 2266/2266/2266 2254/2254/2254 2255/2255/2255
f 2250/2250/2250 2258/2258/2258 2376/2376/2376
f 2249/2249/2249 2250/2250/2250 2376/2376/2376
f 2245/2245/2245 2380/2380/2380 2233/2233/2233
f 2236/2236/2236 2245/2245/2245 2233/2233/2233
f 2246/2246/2246 2279/2279/2279 2380/2380/2380
f 2245/2245/2245 2246/2246/2246 2380/2380/2380
f 2244/2244/2244 2235/2235/2235 2234/2234/2234
f 2255/2255/2255 2244/2244/2244 2234/2234/2234
f 2236/2236/2236 2233/2233/2233 2234/2234/2234
f 2235/2235/2235 2236/2236/2236 2234/2234/2234
f 2353/2353/2353 2341/2341/2341 2354/2354/2354
f 2362/2362/2362 2353/2353/2353 2354/2354/2354
f 2342/2342/2342 2381/2381/2381 2330/2330/2330
f 2333/2333/2333 2342/2342/2342 2330/2330/2330
f 2343/2343/2343 2382/2382/2382 2381/2381/2381
f 2342/2342/2342 2343/2343/2343 2381/2381/2381
f 2341/2341/2341 2332/2332/2332 2331/2331/2331
f 2354/2354/2354 2341/2341/2341 2331/2331/2331
f 2333/2333/2333 2330/2330/2330 2331/2331/2331
f 2332/2332/2332 2333/2333/2333 2331/2331/2331
f 2385/2385/2385 2384/2384/2384 2383/2383/2383
f 2386/2386/2386 2385/2385/2385 2383/2383/2383
f 2389/2389/2389 2388/2388/2388 2387/2387/2387
f 2390/2390/2390 2389/2389/2389 2387/2387/2387
f 2393/2393/2393 2392/2392/2392 2391/2391/2391
f 2394/2394/2394 2393/2393/2393 2391/2391/2391
f 2395/2395/2395 2390/2390/2390 2387/2387/2387
f 2396/2396/2396 2395/2395/2395 2387/2387/2387
f 2399/2399/2399 2398/2398/2398 2397/2397/2397
f 2400/2400/2400 2399/2399/2399 2397/2397/2397
f 2400/2400/2400 2397/2397/2397 2388/2388/2388
f 2389/2389/2389 2400/2400/2400 2388/2388/2388
f 2403/2403/2403 2402/2402/2402 2401/2401/2401
f 2404/2404/2404 2403/2403/2403 2401/2401/2401
f 2392/2392/2392 2389/2389/2389 2390/2390/2390
f 2391/2391/2391 2392/2392/2392 2390/2390/2390
f 2384/2384/2384 2406/2406/2406 2405/2405/2405
f 2383/2383/2383 2384/2384/2384 2405/2405/2405
f 2407/2407/2407 2395/2395/2395 2396/2396/2396
f 2408/2408/2408 2407/2407/2407 2396/2396/2396
f 2409/2409/2409 2386/2386/2386 2383/2383/2383
f 2410/2410/2410 2409/2409/2409 2383/2383/2383
f 2411/2411/2411 2391/2391/2391 2390/2390/2390
f 2395/2395/2395 2411/2411/2411 2390/2390/2390
f 2412/2412/2412 2402/2402/2402 2403/2403/2403
f 2413/2413/2413 2412/2412/2412 2403/2403/2403
f 2414/2414/2414 2412/2412/2412 2413/2413/2413
f 2415/2415/2415 2414/2414/2414 2413/2413/2413
f 2416/2416/2416 2411/2411/2411 2395/2395/2395
f 2407/2407/2407 2416/2416/2416 2395/2395/2395
f 2417/2417/2417 2409/2409/2409 2410/2410/2410
f 2418/2418/2418 2417/2417/2417 2410/2410/2410
f 2408/2408/2408 2396/2396/2396 2409/2409/2409
f 2417/2417/2417 2408/2408/2408 2409/2409/2409
f 2397/2397/2397 2419/2419/2419 2385/2385/2385
f 2388/2388/2388 2397/2397/2397 2385/2385/2385
f 2398/2398/2398 2420/2420/2420 2419/2419/2419
f 2397/2397/2397 2398/2398/2398 2419/2419/2419
f 2396/2396/2396 2387/2387/2387 2386/2386/2386
f 2409/2409/2409 2396/2396/2396 2386/2386/2386
f 2388/2388/2388 2385/2385/2385 2386/2386/2386
f 2387/2387/2387 2388/2388/2388 2386/2386/2386
o ZeldaIcon
usemtl sword_Mark
v 0.0033322907984256744 -0.03796090558171272 -0.4795658737421036
v 0.0033322907984256744 0.03796090558171272 -0.4795658737421036
v 0.0033322907984256744 0.03796090558171272 -0.548724964261055
v 0.0033322907984256744 -0.03796090558171272 -0.548724964261055
v 0.022226255387067795 0.03796090558171272 -0.548724964261055
v 0.022226255387067795 -0.03796090558171272 -0.548724964261055
v 0.0971979945898056 -0.03796090558171272 -0.548724964261055
v 0.0971979945898056 0.03796090558171272 -0.548724964261055
v 0.022226255387067795 -0.03796090558171272 -0.548724964261055
v 0.022226255387067795 0.03796090558171272 -0.548724964261055
v 0.022226255387067795 0.03796090558171272 -0.4795658737421036
v 0.022226255387067795 -0.03796090558171272 -0.4795658737421036
v 0.022226255387067795 -0.03796090558171272 -0.4795658737421036
v 0.022226255387067795 0.03796090558171272 -0.4795658737421036
v 0.0033322907984256744 0.03796090558171272 -0.4795658737421036
v 0.0033322907984256744 -0.03796090558171272 -0.4795658737421036
v 0.0033322907984256744 -0.03796090558171272 -0.548724964261055
v 0.022226255387067795 -0.03796090558171272 -0.548724964261055
v 0.022226255387067795 -0.03796090558171272 -0.4795658737421036
v 0.0033322907984256744 -0.03796090558171272 -0.4795658737421036
v 0.022226255387067795 0.03796090558171272 -0.548724964261055
v 0.0033322907984256744 0.03796090558171272 -0.548724964261055
v 0.0033322907984256744 0.03796090558171272 -0.4795658737421036
v 0.022226255387067795 0.03796090558171272 -0.4795658737421036
v 0.0033322907984256744 -0.03796090558171272 -0.5742834955453873
v 0.0033322907984256744 0.03796090558171272 -0.5742834955453873
v 0.022226255387067795 0.03796090558171272 -0.5742834955453873
v 0.022226255387067795 -0.03796090558171272 -0.5742834955453873
v 0.022226255387067795 -0.03796090558171272 -0.548724964261055
v 0.0033322907984256744 -0.03796090558171272 -0.548724964261055
v 0.0033322907984256744 -0.03796090558171272 -0.5742834955453873
v 0.022226255387067795 -0.03796090558171272 -0.5742834955453873
v 0.0033322907984256744 0.03796090558171272 -0.548724964261055
v 0.022226255387067795 0.03796090558171272 -0.548724964261055
v 0.022226255387067795 0.03796090558171272 -0.5742834955453873
v 0.0033322907984256744 0.03796090558171272 -0.5742834955453873
v 0.0033322907984256744 -0.03796090558171272 -0.548724964261055
v 0.0033322907984256744 0.03796090558171272 -0.548724964261055
v 0.0033322907984256744 0.03796090558171272 -0.5742834955453873
v 0.0033322907984256744 -0.03796090558171272 -0.5742834955453873
v 0.0971979945898056 -0.03796090558171272 -0.548724964261055
v 0.0971979945898056 -0.03796090558171272 -0.5742834955453873
v 0.12233056128025055 -0.03796090558171272 -0.5742834955453873
v 0.132328063249588 -0.03796090558171272 -0.549067348241806
v 0.022226255387067795 0.03796090558171272 -0.5742834955453873
v 0.022226255387067795 0.03796090558171272 -0.548724964261055
v 0.0971979945898056 0.03796090558171272 -0.548724964261055
v 0.0971979945898056 0.03796090558171272 -0.5742834955453873
v 0.022226255387067795 -0.03796090558171272 -0.5742834955453873
v 0.022226255387067795 0.03796090558171272 -0.5742834955453873
v 0.0971979945898056 0.03796090558171272 -0.5742834955453873
v 0.0971979945898056 -0.03796090558171272 -0.5742834955453873
v 0.022226255387067795 -0.03796090558171272 -0.548724964261055
v 0.022226255387067795 -0.03796090558171272 -0.5742834955453873
v 0.0971979945898056 -0.03796090558171272 -0.5742834955453873
v 0.0971979945898056 -0.03796090558171272 -0.548724964261055
v 0.132328063249588 0.03796090558171272 -0.549067348241806
v 0.132328063249588 -0.03796090558171272 -0.549067348241806
v 0.12233056128025055 -0.03796090558171272 -0.5742834955453873
v 0.12233056128025055 0.03796090558171272 -0.5742834955453873
v 0.0971979945898056 0.03796090558171272 -0.548724964261055
v 0.0971979945898056 -0.03796090558171272 -0.548724964261055
v 0.132328063249588 -0.03796090558171272 -0.549067348241806
v 0.132328063249588 0.03796090558171272 -0.549067348241806
v 0.0971979945898056 0.03796090558171272 -0.5742834955453873
v 0.0971979945898056 0.03796090558171272 -0.548724964261055
v 0.132328063249588 0.03796090558171272 -0.549067348241806
v 0.12233056128025055 0.03796090558171272 -0.5742834955453873
v 0.0971979945898056 0.03796090558171272 -0.5742834955453873
v 0.12233056128025055 0.03796090558171272 -0.5742834955453873
v 0.08884577453136444 0.03796090558171272 -0.6229699999094009
v 0.0637132078409195 0.03796090558171272 -0.6229699999094009
v 0.0637132078409195 0.03796090558171272 -0.6229699999094009
v 0.08884577453136444 0.03796090558171272 -0.6229699999094009
v 0.08884577453136444 0.03796090558171272 -0.641663983464241
v 0.051387518644332886 0.03796090558171272 -0.641663983464241
v 0.12233056128025055 0.03796090558171272 -0.5742834955453873
v 0.12233056128025055 -0.03796090558171272 -0.5742834955453873
v 0.08884577453136444 -0.03796090558171272 -0.6229699999094009
v 0.08884577453136444 0.03796090558171272 -0.6229699999094009
v 0.0971979945898056 -0.03796090558171272 -0.5742834955453873
v 0.0971979945898056 0.03796090558171272 -0.5742834955453873
v 0.0637132078409195 0.03796090558171272 -0.6229699999094009
v 0.0637132078409195 -0.03796090558171272 -0.6229699999094009
v 0.12233056128025055 -0.03796090558171272 -0.5742834955453873
v 0.0971979945898056 -0.03796090558171272 -0.5742834955453873
v 0.0637132078409195 -0.03796090558171272 -0.6229699999094009
v 0.08884577453136444 -0.03796090558171272 -0.6229699999094009
v 0.051387518644332886 -0.03796090558171272 -0.641663983464241
v 0.051387518644332886 0.03796090558171272 -0.641663983464241
v 0.08884577453136444 0.03796090558171272 -0.641663983464241
v 0.08884577453136444 -0.03796090558171272 -0.641663983464241
v 0.08884577453136444 -0.03796090558171272 -0.6229699999094009
v 0.08884577453136444 -0.03796090558171272 -0.641663983464241
v 0.11616772413253784 -0.03796090558171272 -0.641663983464241
v 0.11616772413253784 -0.03796090558171272 -0.6229699999094009
v 0.08884577453136444 -0.03796090558171272 -0.6229699999094009
v 0.0637132078409195 -0.03796090558171272 -0.6229699999094009
v 0.051387518644332886 -0.03796090558171272 -0.641663983464241
v 0.08884577453136444 -0.03796090558171272 -0.641663983464241
v 0.0637132078409195 -0.03796090558171272 -0.6229699999094009
v 0.0637132078409195 0.03796090558171272 -0.6229699999094009
v 0.051387518644332886 0.03796090558171272 -0.641663983464241
v 0.051387518644332886 -0.03796090558171272 -0.641663983464241
v 0.11616772413253784 0.03796090558171272 -0.6229699999094009
v 0.11616772413253784 -0.03796090558171272 -0.6229699999094009
v 0.11616772413253784 -0.03796090558171272 -0.641663983464241
v 0.11616772413253784 0.03796090558171272 -0.641663983464241
v 0.08884577453136444 0.03796090558171272 -0.6229699999094009
v 0.08884577453136444 -0.03796090558171272 -0.6229699999094009
v 0.11616772413253784 -0.03796090558171272 -0.6229699999094009
v 0.11616772413253784 0.03796090558171272 -0.6229699999094009
v 0.08884577453136444 0.03796090558171272 -0.641663983464241
v 0.08884577453136444 0.03796090558171272 -0.6229699999094009
v 0.11616772413253784 0.03796090558171272 -0.6229699999094009
v 0.11616772413253784 0.03796090558171272 -0.641663983464241
v 0.08884577453136444 -0.03796090558171272 -0.641663983464241
v 0.08884577453136444 0.03796090558171272 -0.641663983464241
v 0.11616772413253784 0.03796090558171272 -0.641663983464241
v 0.11616772413253784 -0.03796090558171272 -0.641663983464241
v 0 -0.037755172699689865 -0.5755259171128273
v 0 0.037755172699689865 -0.5755259171128273
v 0 0.037755172699689865 -0.6418493315577507
v 0 -0.037755172699689865 -0.6418493315577507
v 0.051387518644332886 0.03796090558171272 -0.641663983464241
v 0.051387518644332886 -0.03796090558171272 -0.641663983464241
v 0 -0.037755172699689865 -0.7094138190150261
v 0 0.037755172699689865 -0.7094138190150261
v 0.051387518644332886 -0.03796090558171272 -0.641663983464241
v 0.051387518644332886 0.03796090558171272 -0.641663983464241
v 0 0.037755172699689865 -0.5755259171128273
v 0 -0.037755172699689865 -0.5755259171128273
v 0 -0.037755172699689865 -0.5755259171128273
v 0 0.037755172699689865 -0.5755259171128273
v 0 0.037755172699689865 -0.5755259171128273
v 0 -0.037755172699689865 -0.5755259171128273
v 0 -0.037755172699689865 -0.6418493315577507
v 0.051387518644332886 -0.03796090558171272 -0.641663983464241
v 0 -0.037755172699689865 -0.5755259171128273
v 0 -0.037755172699689865 -0.5755259171128273
v 0.051387518644332886 0.03796090558171272 -0.641663983464241
v 0 0.037755172699689865 -0.6418493315577507
v 0 0.037755172699689865 -0.5755259171128273
v 0 0.037755172699689865 -0.5755259171128273
v 0 -0.037755172699689865 -0.7094138190150261
v 0 0.037755172699689865 -0.7094138190150261
v 0 0.037755172699689865 -0.7094138190150261
v 0 -0.037755172699689865 -0.7094138190150261
v 0.051387518644332886 -0.03796090558171272 -0.641663983464241
v 0 -0.037755172699689865 -0.6418493315577507
v 0 -0.037755172699689865 -0.7094138190150261
v 0 -0.037755172699689865 -0.7094138190150261
v 0 0.037755172699689865 -0.6418493315577507
v 0.051387518644332886 0.03796090558171272 -0.641663983464241
v 0 0.037755172699689865 -0.7094138190150261
v 0 0.037755172699689865 -0.7094138190150261
v 0 -0.037755172699689865 -0.6418493315577507
v 0 0.037755172699689865 -0.6418493315577507
v 0 0.037755172699689865 -0.7094138190150261
v 0 -0.037755172699689865 -0.7094138190150261
v -0.0033322907984256744 -0.03796090558171272 -0.4795658737421036
v -0.0033322907984256744 0.03796090558171272 -0.4795658737421036
v -0.0033322907984256744 0.03796090558171272 -0.548724964261055
v -0.0033322907984256744 -0.03796090558171272 -0.548724964261055
v -0.022226255387067795 0.03796090558171272 -0.548724964261055
v -0.022226255387067795 -0.03796090558171272 -0.548724964261055
v -0.0971979945898056 -0.03796090558171272 -0.548724964261055
v -0.0971979945898056 0.03796090558171272 -0.548724964261055
v -0.022226255387067795 -0.03796090558171272 -0.548724964261055
v -0.022226255387067795 0.03796090558171272 -0.548724964261055
v -0.022226255387067795 0.03796090558171272 -0.4795658737421036
v -0.022226255387067795 -0.03796090558171272 -0.4795658737421036
v -0.022226255387067795 -0.03796090558171272 -0.4795658737421036
v -0.022226255387067795 0.03796090558171272 -0.4795658737421036
v -0.0033322907984256744 0.03796090558171272 -0.4795658737421036
v -0.0033322907984256744 -0.03796090558171272 -0.4795658737421036
v -0.0033322907984256744 -0.03796090558171272 -0.548724964261055
v -0.022226255387067795 -0.03796090558171272 -0.548724964261055
v -0.022226255387067795 -0.03796090558171272 -0.4795658737421036
v -0.0033322907984256744 -0.03796090558171272 -0.4795658737421036
v -0.022226255387067795 0.03796090558171272 -0.548724964261055
v -0.0033322907984256744 0.03796090558171272 -0.548724964261055
v -0.0033322907984256744 0.03796090558171272 -0.4795658737421036
v -0.022226255387067795 0.03796090558171272 -0.4795658737421036
v -0.0033322907984256744 -0.03796090558171272 -0.5742834955453873
v -0.0033322907984256744 0.03796090558171272 -0.5742834955453873
v -0.022226255387067795 0.03796090558171272 -0.5742834955453873
v -0.022226255387067795 -0.03796090558171272 -0.5742834955453873
v -0.022226255387067795 -0.03796090558171272 -0.548724964261055
v -0.0033322907984256744 -0.03796090558171272 -0.548724964261055
v -0.0033322907984256744 -0.03796090558171272 -0.5742834955453873
v -0.022226255387067795 -0.03796090558171272 -0.5742834955453873
v -0.0033322907984256744 0.03796090558171272 -0.548724964261055
v -0.022226255387067795 0.03796090558171272 -0.548724964261055
v -0.022226255387067795 0.03796090558171272 -0.5742834955453873
v -0.0033322907984256744 0.03796090558171272 -0.5742834955453873
v -0.0033322907984256744 -0.03796090558171272 -0.548724964261055
v -0.0033322907984256744 0.03796090558171272 -0.548724964261055
v -0.0033322907984256744 0.03796090558171272 -0.5742834955453873
v -0.0033322907984256744 -0.03796090558171272 -0.5742834955453873
v -0.0971979945898056 -0.03796090558171272 -0.548724964261055
v -0.0971979945898056 -0.03796090558171272 -0.5742834955453873
v -0.12233056128025055 -0.03796090558171272 -0.5742834955453873
v -0.132328063249588 -0.03796090558171272 -0.549067348241806
v -0.022226255387067795 0.03796090558171272 -0.5742834955453873
v -0.022226255387067795 0.03796090558171272 -0.548724964261055
v -0.0971979945898056 0.03796090558171272 -0.548724964261055
v -0.0971979945898056 0.03796090558171272 -0.5742834955453873
v -0.022226255387067795 -0.03796090558171272 -0.5742834955453873
v -0.022226255387067795 0.03796090558171272 -0.5742834955453873
v -0.0971979945898056 0.03796090558171272 -0.5742834955453873
v -0.0971979945898056 -0.03796090558171272 -0.5742834955453873
v -0.022226255387067795 -0.03796090558171272 -0.548724964261055
v -0.022226255387067795 -0.03796090558171272 -0.5742834955453873
v -0.0971979945898056 -0.03796090558171272 -0.5742834955453873
v -0.0971979945898056 -0.03796090558171272 -0.548724964261055
v -0.132328063249588 0.03796090558171272 -0.549067348241806
v -0.132328063249588 -0.03796090558171272 -0.549067348241806
v -0.12233056128025055 -0.03796090558171272 -0.5742834955453873
v -0.12233056128025055 0.03796090558171272 -0.5742834955453873
v -0.0971979945898056 0.03796090558171272 -0.548724964261055
v -0.0971979945898056 -0.03796090558171272 -0.548724964261055
v -0.132328063249588 -0.03796090558171272 -0.549067348241806
v -0.132328063249588 0.03796090558171272 -0.549067348241806
v -0.0971979945898056 0.03796090558171272 -0.5742834955453873
v -0.0971979945898056 0.03796090558171272 -0.548724964261055
v -0.132328063249588 0.03796090558171272 -0.549067348241806
v -0.12233056128025055 0.03796090558171272 -0.5742834955453873
v -0.0971979945898056 0.03796090558171272 -0.5742834955453873
v -0.12233056128025055 0.03796090558171272 -0.5742834955453873
v -0.08884577453136444 0.03796090558171272 -0.6229699999094009
v -0.0637132078409195 0.03796090558171272 -0.6229699999094009
v -0.0637132078409195 0.03796090558171272 -0.6229699999094009
v -0.08884577453136444 0.03796090558171272 -0.6229699999094009
v -0.08884577453136444 0.03796090558171272 -0.641663983464241
v -0.051387518644332886 0.03796090558171272 -0.641663983464241
v -0.12233056128025055 0.03796090558171272 -0.5742834955453873
v -0.12233056128025055 -0.03796090558171272 -0.5742834955453873
v -0.08884577453136444 -0.03796090558171272 -0.6229699999094009
v -0.08884577453136444 0.03796090558171272 -0.6229699999094009
v -0.0971979945898056 -0.03796090558171272 -0.5742834955453873
v -0.0971979945898056 0.03796090558171272 -0.5742834955453873
v -0.0637132078409195 0.03796090558171272 -0.6229699999094009
v -0.0637132078409195 -0.03796090558171272 -0.6229699999094009
v -0.12233056128025055 -0.03796090558171272 -0.5742834955453873
v -0.0971979945898056 -0.03796090558171272 -0.5742834955453873
v -0.0637132078409195 -0.03796090558171272 -0.6229699999094009
v -0.08884577453136444 -0.03796090558171272 -0.6229699999094009
v -0.051387518644332886 -0.03796090558171272 -0.641663983464241
v -0.051387518644332886 0.03796090558171272 -0.641663983464241
v -0.08884577453136444 0.03796090558171272 -0.641663983464241
v -0.08884577453136444 -0.03796090558171272 -0.641663983464241
v -0.08884577453136444 -0.03796090558171272 -0.6229699999094009
v -0.08884577453136444 -0.03796090558171272 -0.641663983464241
v -0.11616772413253784 -0.03796090558171272 -0.641663983464241
v -0.11616772413253784 -0.03796090558171272 -0.6229699999094009
v -0.08884577453136444 -0.03796090558171272 -0.6229699999094009
v -0.0637132078409195 -0.03796090558171272 -0.6229699999094009
v -0.051387518644332886 -0.03796090558171272 -0.641663983464241
v -0.08884577453136444 -0.03796090558171272 -0.641663983464241
v -0.0637132078409195 -0.03796090558171272 -0.6229699999094009
v -0.0637132078409195 0.03796090558171272 -0.6229699999094009
v -0.051387518644332886 0.03796090558171272 -0.641663983464241
v -0.051387518644332886 -0.03796090558171272 -0.641663983464241
v -0.11616772413253784 0.03796090558171272 -0.6229699999094009
v -0.11616772413253784 -0.03796090558171272 -0.6229699999094009
v -0.11616772413253784 -0.03796090558171272 -0.641663983464241
v -0.11616772413253784 0.03796090558171272 -0.641663983464241
v -0.08884577453136444 0.03796090558171272 -0.6229699999094009
v -0.08884577453136444 -0.03796090558171272 -0.6229699999094009
v -0.11616772413253784 -0.03796090558171272 -0.6229699999094009
v -0.11616772413253784 0.03796090558171272 -0.6229699999094009
v -0.08884577453136444 0.03796090558171272 -0.641663983464241
v -0.08884577453136444 0.03796090558171272 -0.6229699999094009
v -0.11616772413253784 0.03796090558171272 -0.6229699999094009
v -0.11616772413253784 0.03796090558171272 -0.641663983464241
v -0.08884577453136444 -0.03796090558171272 -0.641663983464241
v -0.08884577453136444 0.03796090558171272 -0.641663983464241
v -0.11616772413253784 0.03796090558171272 -0.641663983464241
v -0.11616772413253784 -0.03796090558171272 -0.641663983464241
v 0 -0.037755172699689865 -0.5755259171128273
v 0 0.037755172699689865 -0.5755259171128273
v 0 0.037755172699689865 -0.6418493315577507
v 0 -0.037755172699689865 -0.6418493315577507
v -0.051387518644332886 0.03796090558171272 -0.641663983464241
v -0.051387518644332886 -0.03796090558171272 -0.641663983464241
v 0 -0.037755172699689865 -0.7094138190150261
v 0 0.037755172699689865 -0.7094138190150261
v -0.051387518644332886 -0.03796090558171272 -0.641663983464241
v -0.051387518644332886 0.03796090558171272 -0.641663983464241
v 0 0.037755172699689865 -0.5755259171128273
v 0 -0.037755172699689865 -0.5755259171128273
v 0 -0.037755172699689865 -0.5755259171128273
v 0 0.037755172699689865 -0.5755259171128273
v 0 0.037755172699689865 -0.5755259171128273
v 0 -0.037755172699689865 -0.5755259171128273
v 0 -0.037755172699689865 -0.6418493315577507
v -0.051387518644332886 -0.03796090558171272 -0.641663983464241
v 0 -0.037755172699689865 -0.5755259171128273
v 0 -0.037755172699689865 -0.5755259171128273
v -0.051387518644332886 0.03796090558171272 -0.641663983464241
v 0 0.037755172699689865 -0.6418493315577507
v 0 0.037755172699689865 -0.5755259171128273
v 0 0.037755172699689865 -0.5755259171128273
v 0 -0.037755172699689865 -0.7094138190150261
v 0 0.037755172699689865 -0.7094138190150261
v 0 0.037755172699689865 -0.7094138190150261
v 0 -0.037755172699689865 -0.7094138190150261
v -0.051387518644332886 -0.03796090558171272 -0.641663983464241
v 0 -0.037755172699689865 -0.6418493315577507
v 0 -0.037755172699689865 -0.7094138190150261
v 0 -0.037755172699689865 -0.7094138190150261
v 0 0.037755172699689865 -0.6418493315577507
v -0.051387518644332886 0.03796090558171272 -0.641663983464241
v 0 0.037755172699689865 -0.7094138190150261
v 0 0.037755172699689865 -0.7094138190150261
v 0 -0.037755172699689865 -0.6418493315577507
v 0 0.037755172699689865 -0.6418493315577507
v 0 0.037755172699689865 -0.7094138190150261
v 0 -0.037755172699689865 -0.7094138190150261
vt 0.375 0
vt 0.625 0
vt 0.625 0.25
vt 0.375 0.25
vt 0.625 0.5
vt 0.375 0.5
vt 0.375 0.5
vt 0.625 0.5
vt 0.375 0.5
vt 0.625 0.5
vt 0.625 0.75
vt 0.375 0.75
vt 0.375 0.75
vt 0.625 0.75
vt 0.625 1
vt 0.375 1
vt 0.125 0.5
vt 0.375 0.5
vt 0.375 0.75
vt 0.125 0.75
vt 0.625 0.5
vt 0.875 0.5
vt 0.875 0.75
vt 0.625 0.75
vt 0.375 0.25
vt 0.625 0.25
vt 0.625 0.5
vt 0.375 0.5
vt 0.375 0.5
vt 0.125 0.5
vt 0.125 0.5
vt 0.375 0.5
vt 0.875 0.5
vt 0.625 0.5
vt 0.625 0.5
vt 0.875 0.5
vt 0.375 0.25
vt 0.625 0.25
vt 0.625 0.25
vt 0.375 0.25
vt 0.375 0.5
vt 0.375 0.5
vt 0.375 0.5
vt 0.375 0.5
vt 0.625 0.5
vt 0.625 0.5
vt 0.625 0.5
vt 0.625 0.5
vt 0.375 0.5
vt 0.625 0.5
vt 0.625 0.5
vt 0.375 0.5
vt 0.375 0.5
vt 0.375 0.5
vt 0.375 0.5
vt 0.375 0.5
vt 0.625 0.5
vt 0.375 0.5
vt 0.375 0.5
vt 0.625 0.5
vt 0.625 0.5
vt 0.375 0.5
vt 0.375 0.5
vt 0.625 0.5
vt 0.625 0.5
vt 0.625 0.5
vt 0.625 0.5
vt 0.625 0.5
vt 0.625 0.5
vt 0.625 0.5
vt 0.625 0.5
vt 0.625 0.5
vt 0.625 0.5
vt 0.625 0.5
vt 0.625 0.5
vt 0.625 0.5
vt 0.625 0.5
vt 0.375 0.5
vt 0.375 0.5
vt 0.625 0.5
vt 0.375 0.5
vt 0.625 0.5
vt 0.625 0.5
vt 0.375 0.5
vt 0.375 0.5
vt 0.375 0.5
vt 0.375 0.5
vt 0.375 0.5
vt 0.375 0.5
vt 0.625 0.5
vt 0.625 0.5
vt 0.375 0.5
vt 0.375 0.5
vt 0.375 0.5
vt 0.375 0.5
vt 0.375 0.5
vt 0.375 0.5
vt 0.375 0.5
vt 0.375 0.5
vt 0.375 0.5
vt 0.375 0.5
vt 0.625 0.5
vt 0.625 0.5
vt 0.375 0.5
vt 0.625 0.5
vt 0.375 0.5
vt 0.375 0.5
vt 0.625 0.5
vt 0.625 0.5
vt 0.375 0.5
vt 0.375 0.5
vt 0.625 0.5
vt 0.625 0.5
vt 0.625 0.5
vt 0.625 0.5
vt 0.625 0.5
vt 0.375 0.5
vt 0.625 0.5
vt 0.625 0.5
vt 0.375 0.5
vt 0.375 0
vt 0.625 0
vt 0.625 0.25
vt 0.375 0.25
vt 0.625 0.5
vt 0.375 0.5
vt 0.375 0.5
vt 0.625 0.5
vt 0.375 0.5
vt 0.625 0.5
vt 0.625 0.75
vt 0.375 0.75
vt 0.375 0.75
vt 0.625 0.75
vt 0.625 1
vt 0.375 1
vt 0.125 0.5
vt 0.375 0.5
vt 0.375 0.75
vt 0.125 0.75
vt 0.625 0.5
vt 0.875 0.5
vt 0.875 0.75
vt 0.625 0.75
vt 0.375 0.25
vt 0.625 0.25
vt 0.625 0.5
vt 0.375 0.5
vt 0.375 0.5
vt 0.125 0.5
vt 0.125 0.5
vt 0.375 0.5
vt 0.875 0.5
vt 0.625 0.5
vt 0.625 0.5
vt 0.875 0.5
vt 0.375 0.25
vt 0.625 0.25
vt 0.625 0.25
vt 0.375 0.25
vt 0.375 0
vt 0.625 0
vt 0.625 0.25
vt 0.375 0.25
vt 0.625 0.5
vt 0.375 0.5
vt 0.375 0.5
vt 0.625 0.5
vt 0.375 0.5
vt 0.625 0.5
vt 0.625 0.75
vt 0.375 0.75
vt 0.375 0.75
vt 0.625 0.75
vt 0.625 1
vt 0.375 1
vt 0.125 0.5
vt 0.375 0.5
vt 0.375 0.75
vt 0.125 0.75
vt 0.625 0.5
vt 0.875 0.5
vt 0.875 0.75
vt 0.625 0.75
vt 0.375 0.25
vt 0.625 0.25
vt 0.625 0.5
vt 0.375 0.5
vt 0.375 0.5
vt 0.125 0.5
vt 0.125 0.5
vt 0.375 0.5
vt 0.875 0.5
vt 0.625 0.5
vt 0.625 0.5
vt 0.875 0.5
vt 0.375 0.25
vt 0.625 0.25
vt 0.625 0.25
vt 0.375 0.25
vt 0.375 0.5
vt 0.375 0.5
vt 0.375 0.5
vt 0.375 0.5
vt 0.625 0.5
vt 0.625 0.5
vt 0.625 0.5
vt 0.625 0.5
vt 0.375 0.5
vt 0.625 0.5
vt 0.625 0.5
vt 0.375 0.5
vt 0.375 0.5
vt 0.375 0.5
vt 0.375 0.5
vt 0.375 0.5
vt 0.625 0.5
vt 0.375 0.5
vt 0.375 0.5
vt 0.625 0.5
vt 0.625 0.5
vt 0.375 0.5
vt 0.375 0.5
vt 0.625 0.5
vt 0.625 0.5
vt 0.625 0.5
vt 0.625 0.5
vt 0.625 0.5
vt 0.625 0.5
vt 0.625 0.5
vt 0.625 0.5
vt 0.625 0.5
vt 0.625 0.5
vt 0.625 0.5
vt 0.625 0.5
vt 0.625 0.5
vt 0.625 0.5
vt 0.375 0.5
vt 0.375 0.5
vt 0.625 0.5
vt 0.375 0.5
vt 0.625 0.5
vt 0.625 0.5
vt 0.375 0.5
vt 0.375 0.5
vt 0.375 0.5
vt 0.375 0.5
vt 0.375 0.5
vt 0.375 0.5
vt 0.625 0.5
vt 0.625 0.5
vt 0.375 0.5
vt 0.375 0.5
vt 0.375 0.5
vt 0.375 0.5
vt 0.375 0.5
vt 0.375 0.5
vt 0.375 0.5
vt 0.375 0.5
vt 0.375 0.5
vt 0.375 0.5
vt 0.625 0.5
vt 0.625 0.5
vt 0.375 0.5
vt 0.625 0.5
vt 0.375 0.5
vt 0.375 0.5
vt 0.625 0.5
vt 0.625 0.5
vt 0.375 0.5
vt 0.375 0.5
vt 0.625 0.5
vt 0.625 0.5
vt 0.625 0.5
vt 0.625 0.5
vt 0.625 0.5
vt 0.375 0.5
vt 0.625 0.5
vt 0.625 0.5
vt 0.375 0.5
vt 0.375 0
vt 0.625 0
vt 0.625 0.25
vt 0.375 0.25
vt 0.625 0.5
vt 0.375 0.5
vt 0.375 0.5
vt 0.625 0.5
vt 0.375 0.5
vt 0.625 0.5
vt 0.625 0.75
vt 0.375 0.75
vt 0.375 0.75
vt 0.625 0.75
vt 0.625 1
vt 0.375 1
vt 0.125 0.5
vt 0.375 0.5
vt 0.375 0.75
vt 0.125 0.75
vt 0.625 0.5
vt 0.875 0.5
vt 0.875 0.75
vt 0.625 0.75
vt 0.375 0.25
vt 0.625 0.25
vt 0.625 0.5
vt 0.375 0.5
vt 0.375 0.5
vt 0.125 0.5
vt 0.125 0.5
vt 0.375 0.5
vt 0.875 0.5
vt 0.625 0.5
vt 0.625 0.5
vt 0.875 0.5
vt 0.375 0.25
vt 0.625 0.25
vt 0.625 0.25
vt 0.375 0.25
vn -1 0 0
vn -1 0 0
vn -1 0 0
vn -1 0 0
vn 0 0 1
vn 0 0 1
vn 0 0 1
vn 0 0 1
vn 1 0 0
vn 1 0 0
vn 1 0 0
vn 1 0 0
vn 0 0 1
vn 0 0 1
vn 0 0 1
vn 0 0 1
vn 0 -1 0
vn 0 -1 0
vn 0 -1 0
vn 0 -1 0
vn 0 1 0
vn 0 1 0
vn 0 1 0
vn 0 1 0
vn 0 0 -1
vn 0 0 -1
vn 0 0 -1
vn 0 0 -1
vn 0 -1 0
vn 0 -1 0
vn 0 -1 0
vn 0 -1 0
vn 0 1 0
vn 0 1 0
vn 0 1 0
vn 0 1 0
vn -1 0 0
vn -1 0 0
vn -1 0 0
vn -1 0 0
vn 0 -1 0
vn 0 -1 0
vn 0 -1 0
vn 0 -1 0
vn 0 1 0
vn 0 1 0
vn 0 1 0
vn 0 1 0
vn 0 0 -1
vn 0 0 -1
vn 0 0 -1
vn 0 0 -1
vn 0 -1 0
vn 0 -1 0
vn 0 -1 0
vn 0 -1 0
vn 0.9296032225852002 0 -0.36856186530786217
vn 0.9296032225852002 0 -0.36856186530786217
vn 0.9296032225852002 0 -0.36856186530786217
vn 0.9296032225852002 0 -0.36856186530786217
vn 0.009745717187746928 0 0.9999525093705682
vn 0.009745717187746928 0 0.9999525093705682
vn 0.009745717187746928 0 0.9999525093705682
vn 0.009745717187746928 0 0.9999525093705682
vn 0 1 0
vn 0 1 0
vn 0 1 0
vn 0 1 0
vn 0 1 0
vn 0 1 0
vn 0 1 0
vn 0 1 0
vn 0 1 0
vn 0 1 0
vn 0 1 0
vn 0 1 0
vn 0.8239406746902743 0 -0.5666760667179578
vn 0.8239406746902743 0 -0.5666760667179578
vn 0.8239406746902743 0 -0.5666760667179578
vn 0.8239406746902743 0 -0.5666760667179578
vn -0.8239406746902743 0 0.5666760667179578
vn -0.8239406746902743 0 0.5666760667179578
vn -0.8239406746902743 0 0.5666760667179578
vn -0.8239406746902743 0 0.5666760667179578
vn 0 -1 0
vn 0 -1 0
vn 0 -1 0
vn 0 -1 0
vn 0 0 -1
vn 0 0 -1
vn 0 0 -1
vn 0 0 -1
vn 0 -1 0
vn 0 -1 0
vn 0 -1 0
vn 0 -1 0
vn 0 -1 0
vn 0 -1 0
vn 0 -1 0
vn 0 -1 0
vn -0.8348626782019929 0 0.5504582713933869
vn -0.8348626782019929 0 0.5504582713933869
vn -0.8348626782019929 0 0.5504582713933869
vn -0.8348626782019929 0 0.5504582713933869
vn 1 0 0
vn 1 0 0
vn 1 0 0
vn 1 0 0
vn 0 0 1
vn 0 0 1
vn 0 0 1
vn 0 0 1
vn 0 1 0
vn 0 1 0
vn 0 1 0
vn 0 1 0
vn 0 0 -1
vn 0 0 -1
vn 0 0 -1
vn 0 0 -1
vn -1 0 0
vn -1 0 0
vn -1 0 0
vn -1 0 0
vn 0.7967417141691084 0 -0.6043199822137859
vn 0.7967417141691084 0 -0.6043199822137859
vn 0.7967417141691084 0 -0.6043199822137859
vn 0.7967417141691084 0 -0.6043199822137859
vn 0.789659933061239 0 0.6135447743382056
vn 0.789659933061239 0 0.6135447743382056
vn 0.789659933061239 0 0.6135447743382056
vn 0.789659933061239 0 0.6135447743382056
vn 0 1 0
vn 0 1 0
vn 0 1 0
vn 0 1 0
vn -0.004003525137372362 -0.9999919858611241 0
vn -0.004003525137372362 -0.9999919858611241 0
vn -0.004003525137372362 -0.9999919858611241 0
vn -0.004003525137372362 -0.9999919858611241 0
vn -0.004003525137372362 0.9999919858611241 0
vn -0.004003525137372362 0.9999919858611241 0
vn -0.004003525137372362 0.9999919858611241 0
vn -0.004003525137372362 0.9999919858611241 0
vn 0 1 0
vn 0 1 0
vn 0 1 0
vn 0 1 0
vn -0.004003525137372362 -0.9999919858611241 0
vn -0.004003525137372362 -0.9999919858611241 0
vn -0.004003525137372362 -0.9999919858611241 0
vn -0.004003525137372362 -0.9999919858611241 0
vn -0.004003525137372362 0.9999919858611241 0
vn -0.004003525137372362 0.9999919858611241 0
vn -0.004003525137372362 0.9999919858611241 0
vn -0.004003525137372362 0.9999919858611241 0
vn -1 0 0
vn -1 0 0
vn -1 0 0
vn -1 0 0
vn 1 0 0
vn 1 0 0
vn 1 0 0
vn 1 0 0
vn 0 0 1
vn 0 0 1
vn 0 0 1
vn 0 0 1
vn -1 0 0
vn -1 0 0
vn -1 0 0
vn -1 0 0
vn 0 0 1
vn 0 0 1
vn 0 0 1
vn 0 0 1
vn 0 -1 0
vn 0 -1 0
vn 0 -1 0
vn 0 -1 0
vn 0 1 0
vn 0 1 0
vn 0 1 0
vn 0 1 0
vn 0 0 -1
vn 0 0 -1
vn 0 0 -1
vn 0 0 -1
vn 0 -1 0
vn 0 -1 0
vn 0 -1 0
vn 0 -1 0
vn 0 1 0
vn 0 1 0
vn 0 1 0
vn 0 1 0
vn 1 0 0
vn 1 0 0
vn 1 0 0
vn 1 0 0
vn 0 -1 0
vn 0 -1 0
vn 0 -1 0
vn 0 -1 0
vn 0 1 0
vn 0 1 0
vn 0 1 0
vn 0 1 0
vn 0 0 -1
vn 0 0 -1
vn 0 0 -1
vn 0 0 -1
vn 0 -1 0
vn 0 -1 0
vn 0 -1 0
vn 0 -1 0
vn -0.9296032225852002 0 -0.36856186530786217
vn -0.9296032225852002 0 -0.36856186530786217
vn -0.9296032225852002 0 -0.36856186530786217
vn -0.9296032225852002 0 -0.36856186530786217
vn -0.009745717187746928 0 0.9999525093705682
vn -0.009745717187746928 0 0.9999525093705682
vn -0.009745717187746928 0 0.9999525093705682
vn -0.009745717187746928 0 0.9999525093705682
vn 0 1 0
vn 0 1 0
vn 0 1 0
vn 0 1 0
vn 0 1 0
vn 0 1 0
vn 0 1 0
vn 0 1 0
vn 0 1 0
vn 0 1 0
vn 0 1 0
vn 0 1 0
vn -0.8239406746902743 0 -0.5666760667179578
vn -0.8239406746902743 0 -0.5666760667179578
vn -0.8239406746902743 0 -0.5666760667179578
vn -0.8239406746902743 0 -0.5666760667179578
vn 0.8239406746902743 0 0.5666760667179578
vn 0.8239406746902743 0 0.5666760667179578
vn 0.8239406746902743 0 0.5666760667179578
vn 0.8239406746902743 0 0.5666760667179578
vn 0 -1 0
vn 0 -1 0
vn 0 -1 0
vn 0 -1 0
vn 0 0 -1
vn 0 0 -1
vn 0 0 -1
vn 0 0 -1
vn 0 -1 0
vn 0 -1 0
vn 0 -1 0
vn 0 -1 0
vn 0 -1 0
vn 0 -1 0
vn 0 -1 0
vn 0 -1 0
vn 0.8348626782019929 0 0.5504582713933869
vn 0.8348626782019929 0 0.5504582713933869
vn 0.8348626782019929 0 0.5504582713933869
vn 0.8348626782019929 0 0.5504582713933869
vn -1 0 0
vn -1 0 0
vn -1 0 0
vn -1 0 0
vn 0 0 1
vn 0 0 1
vn 0 0 1
vn 0 0 1
vn 0 1 0
vn 0 1 0
vn 0 1 0
vn 0 1 0
vn 0 0 -1
vn 0 0 -1
vn 0 0 -1
vn 0 0 -1
vn 1 0 0
vn 1 0 0
vn 1 0 0
vn 1 0 0
vn -0.7967417141691084 0 -0.6043199822137859
vn -0.7967417141691084 0 -0.6043199822137859
vn -0.7967417141691084 0 -0.6043199822137859
vn -0.7967417141691084 0 -0.6043199822137859
vn -0.789659933061239 0 0.6135447743382056
vn -0.789659933061239 0 0.6135447743382056
vn -0.789659933061239 0 0.6135447743382056
vn -0.789659933061239 0 0.6135447743382056
vn 0 1 0
vn 0 1 0
vn 0 1 0
vn 0 1 0
vn 0.004003525137372362 -0.9999919858611241 0
vn 0.004003525137372362 -0.9999919858611241 0
vn 0.004003525137372362 -0.9999919858611241 0
vn 0.004003525137372362 -0.9999919858611241 0
vn 0.004003525137372362 0.9999919858611241 0
vn 0.004003525137372362 0.9999919858611241 0
vn 0.004003525137372362 0.9999919858611241 0
vn 0.004003525137372362 0.9999919858611241 0
vn 0 1 0
vn 0 1 0
vn 0 1 0
vn 0 1 0
vn 0.004003525137372362 -0.9999919858611241 0
vn 0.004003525137372362 -0.9999919858611241 0
vn 0.004003525137372362 -0.9999919858611241 0
vn 0.004003525137372362 -0.9999919858611241 0
vn 0.004003525137372362 0.9999919858611241 0
vn 0.004003525137372362 0.9999919858611241 0
vn 0.004003525137372362 0.9999919858611241 0
vn 0.004003525137372362 0.9999919858611241 0
vn 1 0 0
vn 1 0 0
vn 1 0 0
vn 1 0 0
f 2421/2421/2421 2422/2422/2422 2423/2423/2423
f 2421/2421/2421 2423/2423/2423 2424/2424/2424
f 2425/2425/2425 2426/2426/2426 2427/2427/2427
f 2425/2425/2425 2427/2427/2427 2428/2428/2428
f 2429/2429/2429 2430/2430/2430 2431/2431/2431
f 2429/2429/2429 2431/2431/2431 2432/2432/2432
f 2433/2433/2433 2434/2434/2434 2435/2435/2435
f 2433/2433/2433 2435/2435/2435 2436/2436/2436
f 2437/2437/2437 2438/2438/2438 2439/2439/2439
f 2437/2437/2437 2439/2439/2439 2440/2440/2440
f 2441/2441/2441 2442/2442/2442 2443/2443/2443
f 2441/2441/2441 2443/2443/2443 2444/2444/2444
f 2445/2445/2445 2446/2446/2446 2447/2447/2447
f 2445/2445/2445 2447/2447/2447 2448/2448/2448
f 2449/2449/2449 2450/2450/2450 2451/2451/2451
f 2449/2449/2449 2451/2451/2451 2452/2452/2452
f 2453/2453/2453 2454/2454/2454 2455/2455/2455
f 2453/2453/2453 2455/2455/2455 2456/2456/2456
f 2457/2457/2457 2458/2458/2458 2459/2459/2459
f 2457/2457/2457 2459/2459/2459 2460/2460/2460
f 2461/2461/2461 2462/2462/2462 2463/2463/2463
f 2461/2461/2461 2463/2463/2463 2464/2464/2464
f 2465/2465/2465 2466/2466/2466 2467/2467/2467
f 2465/2465/2465 2467/2467/2467 2468/2468/2468
f 2469/2469/2469 2470/2470/2470 2471/2471/2471
f 2469/2469/2469 2471/2471/2471 2472/2472/2472
f 2473/2473/2473 2474/2474/2474 2475/2475/2475
f 2473/2473/2473 2475/2475/2475 2476/2476/2476
f 2477/2477/2477 2478/2478/2478 2479/2479/2479
f 2477/2477/2477 2479/2479/2479 2480/2480/2480
f 2481/2481/2481 2482/2482/2482 2483/2483/2483
f 2481/2481/2481 2483/2483/2483 2484/2484/2484
f 2485/2485/2485 2486/2486/2486 2487/2487/2487
f 2485/2485/2485 2487/2487/2487 2488/2488/2488
f 2489/2489/2489 2490/2490/2490 2491/2491/2491
f 2489/2489/2489 2491/2491/2491 2492/2492/2492
f 2493/2493/2493 2494/2494/2494 2495/2495/2495
f 2493/2493/2493 2495/2495/2495 2496/2496/2496
f 2497/2497/2497 2498/2498/2498 2499/2499/2499
f 2497/2497/2497 2499/2499/2499 2500/2500/2500
f 2501/2501/2501 2502/2502/2502 2503/2503/2503
f 2501/2501/2501 2503/2503/2503 2504/2504/2504
f 2505/2505/2505 2506/2506/2506 2507/2507/2507
f 2505/2505/2505 2507/2507/2507 2508/2508/2508
f 2509/2509/2509 2510/2510/2510 2511/2511/2511
f 2509/2509/2509 2511/2511/2511 2512/2512/2512
f 2513/2513/2513 2514/2514/2514 2515/2515/2515
f 2513/2513/2513 2515/2515/2515 2516/2516/2516
f 2517/2517/2517 2518/2518/2518 2519/2519/2519
f 2517/2517/2517 2519/2519/2519 2520/2520/2520
f 2521/2521/2521 2522/2522/2522 2523/2523/2523
f 2521/2521/2521 2523/2523/2523 2524/2524/2524
f 2525/2525/2525 2526/2526/2526 2527/2527/2527
f 2525/2525/2525 2527/2527/2527 2528/2528/2528
f 2529/2529/2529 2530/2530/2530 2531/2531/2531
f 2529/2529/2529 2531/2531/2531 2532/2532/2532
f 2533/2533/2533 2534/2534/2534 2535/2535/2535
f 2533/2533/2533 2535/2535/2535 2536/2536/2536
f 2537/2537/2537 2538/2538/2538 2539/2539/2539
f 2537/2537/2537 2539/2539/2539 2540/2540/2540
f 2541/2541/2541 2542/2542/2542 2543/2543/2543
f 2541/2541/2541 2543/2543/2543 2544/2544/2544
f 2545/2545/2545 2546/2546/2546 2547/2547/2547
f 2545/2545/2545 2547/2547/2547 2548/2548/2548
f 2549/2549/2549 2550/2550/2550 2551/2551/2551
f 2549/2549/2549 2551/2551/2551 2552/2552/2552
f 2553/2553/2553 2554/2554/2554 2555/2555/2555
f 2553/2553/2553 2555/2555/2555 2556/2556/2556
f 2557/2557/2557 2558/2558/2558 2559/2559/2559
f 2557/2557/2557 2559/2559/2559 2560/2560/2560
f 2561/2561/2561 2562/2562/2562 2563/2563/2563
f 2561/2561/2561 2563/2563/2563 2564/2564/2564
f 2565/2565/2565 2566/2566/2566 2567/2567/2567
f 2565/2565/2565 2567/2567/2567 2568/2568/2568
f 2569/2569/2569 2570/2570/2570 2571/2571/2571
f 2569/2569/2569 2571/2571/2571 2572/2572/2572
f 2573/2573/2573 2574/2574/2574 2575/2575/2575
f 2573/2573/2573 2575/2575/2575 2576/2576/2576
f 2577/2577/2577 2578/2578/2578 2579/2579/2579
f 2577/2577/2577 2579/2579/2579 2580/2580/2580
f 2583/2583/2583 2582/2582/2582 2581/2581/2581
f 2584/2584/2584 2583/2583/2583 2581/2581/2581
f 2587/2587/2587 2586/2586/2586 2585/2585/2585
f 2588/2588/2588 2587/2587/2587 2585/2585/2585
f 2591/2591/2591 2590/2590/2590 2589/2589/2589
f 2592/2592/2592 2591/2591/2591 2589/2589/2589
f 2595/2595/2595 2594/2594/2594 2593/2593/2593
f 2596/2596/2596 2595/2595/2595 2593/2593/2593
f 2599/2599/2599 2598/2598/2598 2597/2597/2597
f 2600/2600/2600 2599/2599/2599 2597/2597/2597
f 2603/2603/2603 2602/2602/2602 2601/2601/2601
f 2604/2604/2604 2603/2603/2603 2601/2601/2601
f 2607/2607/2607 2606/2606/2606 2605/2605/2605
f 2608/2608/2608 2607/2607/2607 2605/2605/2605
f 2611/2611/2611 2610/2610/2610 2609/2609/2609
f 2612/2612/2612 2611/2611/2611 2609/2609/2609
f 2615/2615/2615 2614/2614/2614 2613/2613/2613
f 2616/2616/2616 2615/2615/2615 2613/2613/2613
f 2619/2619/2619 2618/2618/2618 2617/2617/2617
f 2620/2620/2620 2619/2619/2619 2617/2617/2617
f 2623/2623/2623 2622/2622/2622 2621/2621/2621
f 2624/2624/2624 2623/2623/2623 2621/2621/2621
f 2627/2627/2627 2626/2626/2626 2625/2625/2625
f 2628/2628/2628 2627/2627/2627 2625/2625/2625
f 2631/2631/2631 2630/2630/2630 2629/2629/2629
f 2632/2632/2632 2631/2631/2631 2629/2629/2629
f 2635/2635/2635 2634/2634/2634 2633/2633/2633
f 2636/2636/2636 2635/2635/2635 2633/2633/2633
f 2639/2639/2639 2638/2638/2638 2637/2637/2637
f 2640/2640/2640 2639/2639/2639 2637/2637/2637
f 2643/2643/2643 2642/2642/2642 2641/2641/2641
f 2644/2644/2644 2643/2643/2643 2641/2641/2641
f 2647/2647/2647 2646/2646/2646 2645/2645/2645
f 2648/2648/2648 2647/2647/2647 2645/2645/2645
f 2651/2651/2651 2650/2650/2650 2649/2649/2649
f 2652/2652/2652 2651/2651/2651 2649/2649/2649
f 2655/2655/2655 2654/2654/2654 2653/2653/2653
f 2656/2656/2656 2655/2655/2655 2653/2653/2653
f 2659/2659/2659 2658/2658/2658 2657/2657/2657
f 2660/2660/2660 2659/2659/2659 2657/2657/2657
f 2663/2663/2663 2662/2662/2662 2661/2661/2661
f 2664/2664/2664 2663/2663/2663 2661/2661/2661
f 2667/2667/2667 2666/2666/2666 2665/2665/2665
f 2668/2668/2668 2667/2667/2667 2665/2665/2665
f 2671/2671/2671 2670/2670/2670 2669/2669/2669
f 2672/2672/2672 2671/2671/2671 2669/2669/2669
f 2675/2675/2675 2674/2674/2674 2673/2673/2673
f 2676/2676/2676 2675/2675/2675 2673/2673/2673
f 2679/2679/2679 2678/2678/2678 2677/2677/2677
f 2680/2680/2680 2679/2679/2679 2677/2677/2677
f 2683/2683/2683 2682/2682/2682 2681/2681/2681
f 2684/2684/2684 2683/2683/2683 2681/2681/2681
f 2687/2687/2687 2686/2686/2686 2685/2685/2685
f 2688/2688/2688 2687/2687/2687 2685/2685/2685
f 2691/2691/2691 2690/2690/2690 2689/2689/2689
f 2692/2692/2692 2691/2691/2691 2689/2689/2689
f 2695/2695/2695 2694/2694/2694 2693/2693/2693
f 2696/2696/2696 2695/2695/2695 2693/2693/2693
f 2699/2699/2699 2698/2698/2698 2697/2697/2697
f 2700/2700/2700 2699/2699/2699 2697/2697/2697
f 2703/2703/2703 2702/2702/2702 2701/2701/2701
f 2704/2704/2704 2703/2703/2703 2701/2701/2701
f 2707/2707/2707 2706/2706/2706 2705/2705/2705
f 2708/2708/2708 2707/2707/2707 2705/2705/2705
f 2711/2711/2711 2710/2710/2710 2709/2709/2709
f 2712/2712/2712 2711/2711/2711 2709/2709/2709
f 2715/2715/2715 2714/2714/2714 2713/2713/2713
f 2716/2716/2716 2715/2715/2715 2713/2713/2713
f 2719/2719/2719 2718/2718/2718 2717/2717/2717
f 2720/2720/2720 2719/2719/2719 2717/2717/2717
f 2723/2723/2723 2722/2722/2722 2721/2721/2721
f 2724/2724/2724 2723/2723/2723 2721/2721/2721
f 2727/2727/2727 2726/2726/2726 2725/2725/2725
f 2728/2728/2728 2727/2727/2727 2725/2725/2725
f 2731/2731/2731 2730/2730/2730 2729/2729/2729
f 2732/2732/2732 2731/2731/2731 2729/2729/2729
f 2735/2735/2735 2734/2734/2734 2733/2733/2733
f 2736/2736/2736 2735/2735/2735 2733/2733/2733
f 2739/2739/2739 2738/2738/2738 2737/2737/2737
f 2740/2740/2740 2739/2739/2739 2737/2737/2737
